"english","mr","hi","decision","reviewer","occurrences","first_path","first_line","first_kind","text_sha256"
"OK","","","pending-fluent-review","","1","www/index.html","141","element:button","565339bc4d33d72817b583024112eb7f5cdf3e5eef0252d6ec1b9c9a94e12bb3"
"Build flavor","","","pending-fluent-review","","1","www/index.html","176","attribute:title","610e48180a3f77aa026d1f5966ddad0ba0fee89b5973117ecc30c7cf1ffef445"
"Switch Mobile / Desktop layout","","","pending-fluent-review","","2","www/index.html","178","attribute:title","85603424b4bf6591bde634249232f27f4d2f10ea99ee57ed4d8c9a1327803dff"
"Open Reports hub","","","pending-fluent-review","","1","www/index.html","290","attribute:title","ad0353dfc98d4a6a27cb8ead6809ce7c3b8233be7ba91b83594eef14d2060266"
"e.g. Ravi Kumar","","","pending-fluent-review","","2","www/index.html","473","attribute:placeholder","84545b090421dc4d9d1d4a7ddde92f58cd349b41c24efd4b1ebea9b36938334a"
"Full name *","","","pending-fluent-review","","2","www/index.html","473","element:label","dd336522354f6e613f4d26fcf6d97bc3e5d5719937999444b1699ac8bd7f11c6"
"EMP001","","","pending-fluent-review","","1","www/index.html","474","attribute:placeholder","0c0eed7f7ab5877b2623ed2335e9d69c576bfea25c63fd86e0b4c5afc7028c45"
"HDFC / SBI","","","pending-fluent-review","","1","www/index.html","484","attribute:placeholder","1a1ff83fd240fcdc1f7cf903e7b87093160660e462a41c4b5bfad56c5e48b8d0"
"HDFC0001234","","","pending-fluent-review","","1","www/index.html","486","attribute:placeholder","3ebcd3cc596ba28874dfe13c31fcb37110c8662bb98e1aa791035e6f87e36247"
"Firms & branches →","","","pending-fluent-review","","1","www/index.html","529","element:button","1ea7cdf41d9b198398ae9e9973356d52831007c0aba32ef10e8a747548231023"
"⤵ Import from existing module data","","","pending-fluent-review","","1","www/index.html","530","element:button","1a6bd2c84e26b8ce1024820e012040e68c5f5a918ea9c7b094d7450d0731b834"
"Gate on-leave staff","","","pending-fluent-review","","1","www/index.html","573","element:label","388cad7c0e615eeada8c36bfd1727d6bcf4a565b8d46c318413270a93234e401"
"Yes — block on-leave from floor","","","pending-fluent-review","","1","www/index.html","573","element:option","5a67a08577a2db8a84e65e584f5e59fe971cd4835cd8b39efe552e356e4cc1ce"
"Save rules","","","pending-fluent-review","","1","www/index.html","575","element:button","e5dbdffb8816481710315dce49956f5d089c2e1a79ffdcedc5a06677e2ec311e"
"Module settings (detected)","","","pending-fluent-review","","1","www/index.html","578","element:h4","5a2c695369fcc43938f0bcd7e2d95d9fdb0b54b117b38a62b62c7710ed300825"
"Device storage","","","pending-fluent-review","","1","www/index.html","596","element:h4","b2ca4043ebf7dac9bcc73690e334ab57f3d945c18ec262f283f6a9ed6b0bd0ea"
"Device storage used","","","pending-fluent-review","","1","www/index.html","601","attribute:aria-label","3a17f80f7ff7b17637c149d21e2afa26bcec23aed73e044b0eca7ef78d0f0405"
"Set up automatic off-device backup","","","pending-fluent-review","","1","www/index.html","615","element:button","6ee94ed0f1257848fcc9917a262f6acdff56cb76686cfd231b404581c85790b9"
"Run automatic backup now","","","pending-fluent-review","","1","www/index.html","616","element:button","abc0b6796da413ec277112c58846c2a591974099f89e278cb0acc68b7c413fce"
"Back up → Share to Drive","","","pending-fluent-review","","1","www/index.html","617","element:button","d11a8b7cba5e15ebdc77219963c1f5f8d6a53fcb5e0efdb1645e1c588a60d266"
"Restore from device backup","","","pending-fluent-review","","1","www/index.html","619","element:button","8cfbf87c0121ba9b3638fbe75baa69b5f06f6479cc7eb6132a57dae618d30d1f"
"Storage performance acceptance (DAT-02)","","","pending-fluent-review","","1","www/index.html","625","element:h4","f7af826fe3dcb47f52cd52b448db14f933b30a324b31a731a83941225156452e"
"Run DAT-02 device test","","","pending-fluent-review","","1","www/index.html","628","element:button","55a5a98a33993dadc31ba6e59d1da2fb0a635400042d0cfc6024932eacecdbe7"
"Export migration bundle","","","pending-fluent-review","","1","www/index.html","634","element:button","c8d43966ef1f8ba23b5b5e015c6c8eef0586109cd314544380d69f6fdbec7fee"
"Undo last reset","","","pending-fluent-review","","1","www/index.html","643","element:button","1c95dcf181b40979de5d700e02870b4e62c68200edcfdbcb41d854bd32d41024"
"Unlock admin","","","pending-fluent-review","","1","www/index.html","673","element:button","d69dc8f44bdae56e7b70dc1c6056e3e35002d9822eb4850f4a74c2b729e9ebcd"
"Staff sign-in (accountability)","","","pending-fluent-review","","1","www/index.html","677","element:h4","956c4c5f0c7665e918d4b0be8028083f3f1f4c6e46bc556aa2fd6169a279e352"
"Sign out","","","pending-fluent-review","","1","www/index.html","682","element:button","48f0d3d397d49f135f116d947a805b49f084f637154a8e9913e7233a11dc16a0"
"Manage staff PINs","","","pending-fluent-review","","1","www/index.html","685","element:button","7868e0c6091a186d43b1d3eeeb72bf3b67b292dbea01df8921df125cd9e0da75"
"R0-W1 SEC-02: when on, a staffer must have a sign-in PIN before they can be selected. The shared/nobody option is always available, so the device is never locked out.","","","pending-fluent-review","","1","www/index.html","686","attribute:title","3da43829b5e328c23eb4e7336fbf46f2ece9593f46d1302d5bd1a1977adb7934"
"Require a sign-in PIN for each staff member","","","pending-fluent-review","","1","www/index.html","686","element:label","410c3d62a1ab0a95ba20cb89aca73a14a9fe5b9e7b1767c289f85b0b3b6e1b8a"
"Auto-lock admin","","","pending-fluent-review","","1","www/index.html","690","element:h4","79f24b660a4d3a3e4c43ddf5bcbd81d0cf9b9897ed23184ee5d7e52ff34e7e94"
"1 minute","","","pending-fluent-review","","1","www/index.html","693","element:option","e67b6f61f579060a649fa280b8697bc9bf5173a34f20570c25e603e1ed1a5905"
"10 minutes","","","pending-fluent-review","","1","www/index.html","693","element:option","b075b6e113fcf02aecc4e137449091a91a03426c303dbac028511136abe83797"
"15 minutes","","","pending-fluent-review","","1","www/index.html","693","element:option","2f18bc2a00e782d933b393e8b28adb86b81162d593dc4d307e70b38e8d6428cb"
"3 minutes","","","pending-fluent-review","","1","www/index.html","693","element:option","0ea6670e3c9a6a59d464cc8ac56e4cd19759285765760c1150abe52c953bc852"
"30 minutes","","","pending-fluent-review","","1","www/index.html","693","element:option","f01a042bbfb3dad3690ca485a4e242b31e1d541322ea37ff5be9115003ba6759"
"5 minutes","","","pending-fluent-review","","1","www/index.html","693","element:option","3170543ce47c2f0baa50254b13b82b58b0962675647c39a20643690168f572d7"
"Never","","","pending-fluent-review","","1","www/index.html","693","element:option","6300ef800bb884295b0b4b35682b75cecd7cc550d202db56d04a0643b8fb873f"
"R0-W1 Slice D (P1-37): cold-start verify-only gate on the Admin PIN. Needs an Admin PIN to turn on; a device restored without its PIN starts unlocked (fail-open).","","","pending-fluent-review","","1","www/index.html","699","attribute:title","96ea1e9e1e28d1b8b633d0afca3fd4620155c7ef589760f6a3bd8cfe3ad647bd"
"Ask for the Admin PIN when the app starts","","","pending-fluent-review","","1","www/index.html","699","element:label","582cb22802c349fed88299984a7f8e8a8e490cf984175484facaac46c457c997"
"Allow owner-approved exports on this device","","","pending-fluent-review","","1","www/index.html","704","element:label","22196dbb2f5452f435c61c81ab46388a2576e6a7773b944730f9395553353a54"
"View export register","","","pending-fluent-review","","1","www/index.html","707","element:button","82311d7154c8200a1e0455b76df0fe7973e8aa42b5f58947713cbcd667e0b3c0"
"Treat this as a production business device","","","pending-fluent-review","","1","www/index.html","713","element:label","ca55149be62e3bf7cd338a1433b6ad49f9787cea50cf2207c6d14cf223f05936"
"Re-check device","","","pending-fluent-review","","1","www/index.html","715","element:button","2f29109148188e90b4dadeb53e1650b0cbcba107115d781b49a04d550d4fff23"
"Current role (this device)","","","pending-fluent-review","","1","www/index.html","718","element:h4","bd74a46c80299d064f6e632b3689a738e56a86741caf5d91815e74ee7131fee0"
"PIN for module entry","","","pending-fluent-review","","1","www/index.html","748","element:h4","3c3526048e255e7126175c0a87c15a39c88013f83144d90237d3d5752033ed43"
"Module entry PIN settings","","","pending-fluent-review","","1","www/index.html","755","attribute:aria-label","5899ed1b86c93a35038d2e768145589540c1dbc77298884ac363ce6071a48fdb"
"Run diagnostics","","","pending-fluent-review","","1","www/index.html","765","element:button","a00a88615fbafc23671fc6b37b2fdbaede5e8553ef5e3abe644cbd1524b6c636"
"Export sanitised support bundle","","","pending-fluent-review","","1","www/index.html","766","element:button","9d7ea91ed1654889a4119a933cb570488b477ef2d3d726e0de5663b1a6ba0a68"
"Encryption probe (R0-W2 · S0)","","","pending-fluent-review","","1","www/index.html","776","element:h4","fd3b7364daccb51cc07e64d3e494862c128eb4852352598972de0a6d24e8a101"
"Run encryption probe","","","pending-fluent-review","","1","www/index.html","779","element:button","7d3492962d451feff8bea1ddfbdb8882a13e20efce1ce2c0cdc34a4066224c54"
"What's new in V5.5","","","pending-fluent-review","","1","www/index.html","820","element:h4","a7f385dd7e46cabd81b85cefc15147f6f187f0dda04d1ee193767625606187e8"
"📋 Detailed change log (V5.5)","","","pending-fluent-review","","1","www/index.html","834","element:summary","fd099999763eb9c56b6077c1233a62708f0c45b4d4201748732ac8d4aec763ff"
"Switch module","","","pending-fluent-review","","1","www/index.html","880","attribute:title","2c4e7b92814021da472ca753fe412314699c46ae35ca8208f3ca16a7410431d3"
"Working area","","","pending-fluent-review","","1","www/index.html","881","element:button","b47d235b780db740d74f86d1337dfc1852a6ef23e31cd135606be34f262d0874"
"Generate any report (PDF)","","","pending-fluent-review","","1","www/index.html","900","attribute:title","5d27d72967808f3bdd908ffabce410d31d503670988075fc9474a5dfb87cf975"
"Report","","","pending-fluent-review","","1","www/index.html","902","element:button","b6ce788d9786917c9d19adaa0d904213365607c7f683d7277f508dcf142b4cc2"
"Business module","","","pending-fluent-review","","1","www/index.html","917","attribute:title","329a1379161182cf0aa26d52693d18968a9821f3520855d299251b190f7245c5"
"Store context:","","","pending-fluent-review","","1","www/index.html","1272","script-message","84b01ad2cfe2b126a7cbc44344392b7fb4a3217809b35e70d453aa9a429d86c7"
"Admin PIN required to switch to a higher-access role","","","pending-fluent-review","","1","www/index.html","1333","script-message","0cfe967bb187cbc619cf0b3d2a7785f21a12f476ff0be1e9c29899e538c29a00"
"Switched to","","","pending-fluent-review","","1","www/index.html","1349","script-message","4a4ee64fb1ee4d881941431553d95db1f8cd7feffb9bf46b766bff3f1701f917"
"Storage full — export a backup (Settings → Data & backup) to free space.","","","pending-fluent-review","","1","www/index.html","1453","script-message","0abce05e37b276a1447007cdcdefe50fb4386601f4e3c785ec38e82eaf1f9c46"
"Too many wrong PINs — try again in","","","pending-fluent-review","","3","www/index.html","1660","script-message","edadd6c162ec459232976e4fa9be54177c3a9c324b74776ed1ca752fa7db364c"
"Admin auto-locked after","","","pending-fluent-review","","1","www/index.html","1683","script-message","efbd15cbf3493922a4dd966e376d2fdbabedcd230f94ca99d077475f2ea0ca87"
"Staff sign-in PIN:","","","pending-fluent-review","","1","www/index.html","1697","script-message","d6bb0a39cb64f672bb70f7b332c1362a76d7b21d5f406c5a52e4c1bd386dd96b"
"Set an Admin PIN first (Settings → Admin)","","","pending-fluent-review","","1","www/index.html","1699","script-message","0cb4fb581433ba0e3eafbb69468c07463c903adf423993978043a91913e652cd"
"Auto-lock:","","","pending-fluent-review","","1","www/index.html","1719","script-message","84a3aad6403e7ffa2f65b26b7cb0041722792b7f093746811a4bb4048c00c71f"
"Too many wrong PINs for","","","pending-fluent-review","","1","www/index.html","1728","script-message","cda3e762d7bc593e714e839d4d4edfefd053b7375f7d8a86133d78a601c07688"
"Incorrect PIN","","","pending-fluent-review","","1","www/index.html","1730","script-message","f76f82ec1faaeeced40b1d5826adba52c2957f7206417272b8acb645b0dadc24"
"Unlock admin to manage staff PINs","","","pending-fluent-review","","1","www/index.html","1733","script-message","7fb9066639bf6a0aa1cbdc58c7014f66d56f8749ec7b11156132c71abf750f2e"
"No staff in the Employee Master yet","","","pending-fluent-review","","1","www/index.html","1734","script-message","a83dc0ca222cb0b4e0886a5c77f59f3ba37a87ac0417fe81688b973677c24a18"
"Invalid choice","","","pending-fluent-review","","1","www/index.html","1737","script-message","14c4029c115ccdbc99bc3dc090f45ecb65cc6dcc5c0fc3c2258615a12af72786"
"PIN must be at least","","","pending-fluent-review","","2","www/index.html","1744","script-message","8dc7b95f266e5b38657e50f710cb7607be83f6cad00343e4e93a8390c26f8c57"
"— Shared / nobody —","","","pending-fluent-review","","1","www/index.html","1746","element:option","39bf86d9bf7fbddcc050df91ffb810d47c4b6aa88f84d07dfd38777b9a496edf"
"Activity cleared","","","pending-fluent-review","","1","www/index.html","1864","script-message","71eb4b82861abd3b7155db5a80bc7040dc57153cfc96535719caea21fa2e3daa"
"Native security check is unavailable in this preview/build.","","","pending-fluent-review","","1","www/index.html","1899","script-message","fe2e79f9328ce106a7d06350ccb66972986d9d2323b5c4a21a18cf55bcdac224"
"Device posture check failed.","","","pending-fluent-review","","1","www/index.html","1910","script-message","cca3d7e72b3927609e45d639c5c682fbbb9d62de657ae75f2bfdc37b20eed990"
"Production-device mode disabled.","","","pending-fluent-review","","1","www/index.html","1916","script-message","49cfc02c9057f00a5e0d90cc9b5c57222292d23519d59ae0fc12d5a885a0bec2"
"Production mode cannot be enabled on this device/build. Resolve the listed debug, root, downgrade or USB-debugging warnings and install a signed release build.","","","pending-fluent-review","","1","www/index.html","1918","script-message","4fefaf9dac074059585ba173e68cb69adcca242f0f8926fb14a64621d67ad30d"
"Confirm all five device controls: • Dedicated business device • Screen lock enabled • USB debugging off • Install unknown apps blocked • Signed release APK only Continue?","","","pending-fluent-review","","1","www/index.html","1919","script-message","bd249a9a3189a9ad67a1de29ed170abd3193291f609d52fc4767f538158668a1"
"Production-device attestation could not be saved.","","","pending-fluent-review","","1","www/index.html","1922","script-message","2eb9ca30d7bdf8a72e8bf630aa2763cc593a9dee100ecef617f7c254fc0f9b47"
"Production-device mode enabled.","","","pending-fluent-review","","1","www/index.html","1924","script-message","e0222ef4dc029d4e9dfc738d81d21c3f4d1260b9c2915fb9024b39872bd460b6"
"Screenshot protection could not be enabled.","","","pending-fluent-review","","1","www/index.html","1933","script-message","e2212cae45427821c7fc544a66e652b80550ac20ceed18dba2d3dc2458330090"
"PIN confirmation did not match","","","pending-fluent-review","","1","www/index.html","2125","script-message","e21a87ea7e4ab987fd9c6b1f52fc3ad1d4ece97522db5180f4cfd509424471c6"
"Ask the owner to set up the Owner PIN","","","pending-fluent-review","","1","www/index.html","2136","script-message","8674027843ffcf1756fdd49bedcde7732cba921c40cf3ad94e0308eefe62442a"
"No Owner PIN is set on this device yet. The Owner PIN belongs to the owner. Staff should not create it. Are you the owner and want to set it up now?","","","pending-fluent-review","","1","www/index.html","2136","script-message","6295115dfc1c72d4eb5182bea01e6c3f41b36ac1284e2151598630ad3dd88ad2"
"Owner setup complete","","","pending-fluent-review","","1","www/index.html","2141","script-message","df2fe857cad55c8e33fa83e25bef8b4e69daa78ab99b7d02580d2de619e56067"
"Too many wrong PINs - try again in","","","pending-fluent-review","","3","www/index.html","2145","script-message","b294b3919c22e4c7b5525891c6541b91bfc9e4a9978170b731893cf684b9f00d"
"Owner unlocked","","","pending-fluent-review","","1","www/index.html","2148","script-message","6a7a6efc055db6201a2b9b8d9e200f0e790f6fe8271d678fe57b2d053d8ce16d"
"Incorrect Owner PIN","","","pending-fluent-review","","2","www/index.html","2150","script-message","ef5b5c8daa7926cd47795e7e329fb48a6f0846cfa3ce1b777f75e0e8b019773d"
"Incorrect current Owner PIN","","","pending-fluent-review","","1","www/index.html","2162","script-message","31a8eac11f2688ebaf5509825921596da6023e52151796a2252c4391bc2108bf"
"Set an Owner PIN before enabling module entry protection","","","pending-fluent-review","","1","www/index.html","2184","script-message","92f7f657a312045ad8a0b73b37a7e3b52b0bfd37d9fa6e853deb8c48f56708e6"
"Module PIN setting could not be saved","","","pending-fluent-review","","1","www/index.html","2191","script-message","1cf46553d116df620e00dc52acfe2a659886925255fbcf05940c26b8f1e7634a"
"Module was not opened","","","pending-fluent-review","","1","www/index.html","2214","script-message","cdd770f586940d5f9a3fe2ecc0d7006245fe5d5e85166f6a6459248d321aafed"
"Owner name cleared","","","pending-fluent-review","","1","www/index.html","2658","script-message","ce6ae4980b6b2485997cd378e13414abaceb32f04b2c7c703afd752ba4b63b44"
"Cross-module sync run","","","pending-fluent-review","","1","www/index.html","2767","script-message","60672af76621ab1bbc68a462cd5b1b443094aeb740f70ec4506203acba0adc62"
"Integration bridge not loaded in this view","","","pending-fluent-review","","1","www/index.html","2768","script-message","5dd3861267e8af3dca8c708ab9ebd2af5ab273450fb1e2cedb09029f14ef9242"
"Integration rules saved","","","pending-fluent-review","","1","www/index.html","2851","script-message","b5ff5b7c14196325bb4a667080b1a501fc4b32b54e4019a3eb95792b4a58038a"
"Enter a brand name","","","pending-fluent-review","","1","www/index.html","2891","script-message","ef78e9f822956828aa1f6e5dbee2ff4da301805cea28fcffefb70878dc1a35f6"
"Enter a vendor name","","","pending-fluent-review","","1","www/index.html","2892","script-message","82e5ea0145203903804ca3b05f07419ae48fb8de7228f9c8fdfc50e66677b559"
"Enter a customer name","","","pending-fluent-review","","1","www/index.html","2893","script-message","cfe7f2109dc087131613ebb268d7e57f3ba06934ea538746addc0bf207c2f453"
"Already in the master","","","pending-fluent-review","","1","www/index.html","2897","script-message","d53c8278915df5a25c01d48eb603b9116549140ee3edf3137b52f1937ba19158"
"Imported — brands +","","","pending-fluent-review","","1","www/index.html","2919","script-message","fe999d8bd400fc3fb269274168ecf46c109e1b11ad594213f4305d2d675f78be"
"Acting as","","","pending-fluent-review","","1","www/index.html","3084","element:label","262a098dffb5619f371f4ecc46091c13ed8c99d19c9f99a71848488df1577bbc"
"— nobody —","","","pending-fluent-review","","1","www/index.html","3086","element:label","f0153124daa59916c1ce7224489aae4cba2ce93e24e0c069c80ba7cc82c1db77"
"Day closed ✓","","","pending-fluent-review","","1","www/index.html","3202","script-message","aef156a358743c6f2cf0fb392efcc9b4fef1b9b06fd70b45028d2852149a8784"
"Brief shared —","","","pending-fluent-review","","1","www/index.html","3203","script-message","19cb2e8e97c787f9eaaf1ab80508f6006a3626d3d2e5278ae4601d720212909b"
"Share again 📲 Share owner brief on WhatsApp","","","pending-fluent-review","","1","www/index.html","3230","element:button","f4a61c5178ec087b0bfe753c7abee6afa4059cac899d9e5761d4b1cc5f0812d3"
"1wk","","","pending-fluent-review","","1","www/index.html","3531","element:button","ab7b7a04808bf9206152e739371c17b93bb432d0e33bcb031d426f28bde5f9e8"
"Call","","","pending-fluent-review","","5","www/index.html","3625","element:a","d6e645b7d2b2da646d44130464143171935ffa47558b4e36c05df175de7197ba"
"Find a report — cash, queue, leave","","","pending-fluent-review","","1","www/index.html","3861","attribute:placeholder","4d4474dd0a4462e6779d9f754ca527d47d6263f5827cd7a5b8656eb39676984a"
"Business today","","","pending-fluent-review","","1","www/index.html","3952","element:summary","4476d03f0b9de98282b453689f3dd9d0299da1667ce74374ce89fd62bae422ab"
"Send owner digest","","","pending-fluent-review","","1","www/index.html","3962","element:button","ef6cf020c771d9a322c2b58dbe58de94626f0e2024c7b6fb37c6cfc477da6e8b"
"Copy text","","","pending-fluent-review","","1","www/index.html","3973","element:button","b0ac9cea86878b84b24131ccd5ed5979ed5c199e0a62f88fc1d1aed77723b53a"
"walk-in s","","","pending-fluent-review","","1","www/index.html","3979","element:summary","336aee2661b88b8c9c2b6e8e16d4fcdb9730289a10e4f88bc27278249d1845da"
"Sales · / closed","","","pending-fluent-review","","1","www/index.html","3988","element:h5","a4267e420102dc0d854522acc9ad4c06c84fe59fa71b4ba4f0485f823a9541f3"
"Purch.","","","pending-fluent-review","","1","www/index.html","3989","element:th","5737b8b8ec722fd134fe4f19c367a954537867d0939437818f610d6e4e970375"
"Daily staff register","","","pending-fluent-review","","1","www/index.html","3996","element:summary","52fa27fb4feb5bb4cbdb25956f419b70e33ceb56530fb91963d1d867259c49cf"
"logged","","","pending-fluent-review","","1","www/index.html","3996","element:summary","7baa99652be2c7c7a89cd84eb9dd6b2cbd5f72217a229fdf08dfdd23eed637bb"
"Open Register","","","pending-fluent-review","","1","www/index.html","4006","element:button","bae6cdda6a6a4175387895db532ef25bb93449534567a09ac26efe85eba2fd96"
"Sys stock","","","pending-fluent-review","","1","www/index.html","4013","element:th","c66107009c8ae3526ae7eac63e9fcebf61c801d857dbcc2fe9ea0069ba75373d"
"check s","","","pending-fluent-review","","1","www/index.html","4019","element:summary","30193ceb769abd3fa12911e7b874290d5f778a2ea6d333a2d1e96b54a359de04"
"Cash sheet","","","pending-fluent-review","","1","www/index.html","4033","element:summary","b1622c443dce1be14813bb5347904233c89fed6c0a09149e669250e46f1c3bef"
"On leave","","","pending-fluent-review","","1","www/index.html","4041","element:summary","e5cf676470f47c0e05076db004f9b461d61a2198b8805bdffd4755deaa85db6d"
"Employee performance","","","pending-fluent-review","","1","www/index.html","4061","element:summary","7a0a7dee7a371ff0f4585dbf7791a7755f952bb8735225fdb8ebfecd53a5f47f"
"Groom %","","","pending-fluent-review","","1","www/index.html","4064","element:th","663b59b475791ed3bcf9e19757de76b2f1ec9fd36d8b130debf153870a17ae63"
"Run status: ·","","","pending-fluent-review","","1","www/index.html","4080","element:h5","971609fd5d5079b98c330442edcd71377ac5926c9b3bce33f37be73b9b1ea7a6"
"audit s","","","pending-fluent-review","","1","www/index.html","4103","element:summary","076098cad47d9d6730a33170adb29bac32f99ed8cd0fab9d0c1f1005919e4764"
"CRO audit scores","","","pending-fluent-review","","1","www/index.html","4103","element:summary","a4a350c067dac77cbda0f1033d92e7ff29288ba219141a17a09c51233788e9e3"
"Audits","","","pending-fluent-review","","1","www/index.html","4107","element:th","2feab4bb1fa182f2b7294e7db9b4cd7477eb0c3b1cc3b59067e08d21dae53b04"
"Avg /100","","","pending-fluent-review","","1","www/index.html","4107","element:th","ff6b60d222c217da2a2bfb289273dffc33b744e39684077b2ad04e21d7b30884"
"Last grade","","","pending-fluent-review","","1","www/index.html","4107","element:th","511ddba7d4b5d81f682dc298b33a27d7480f719697cb95d4446a5530363bb892"
"checks","","","pending-fluent-review","","1","www/index.html","4114","element:summary","961f787b0cd3443fbc7c456886ecd25749c0485c4ae9a02f10599b17dad9f944"
"Grooming trend","","","pending-fluent-review","","1","www/index.html","4114","element:summary","261f3c7feaa66d6aeebf42a517cb0de221cbc8bc66ac9153d668b20dc7306563"
"· % · check s","","","pending-fluent-review","","1","www/index.html","4117","attribute:title","fb603d50b7f3d990e2162a90476377df9e78b773213bb5db5805fdd9ece67fa5"
"Service job aging","","","pending-fluent-review","","1","www/index.html","4125","element:summary","ef43093a1be5d259ae544e3faacea2f15e36b60fbd97a955cdc49d2085c58a06"
"Oldest open jobs","","","pending-fluent-review","","1","www/index.html","4129","element:h5","ec41343a0ff39cefd22e040999a80fc1f9308ebb07dc6b6e0c4fbe378838205d"
"Booked","","","pending-fluent-review","","1","www/index.html","4129","element:th","fd1331d7a6cd0309f8112bbab4d7f048055ac005f3abc9295de25f482ca1f9f7"
"Job","","","pending-fluent-review","","1","www/index.html","4129","element:th","ad617a0fdd57e3f4b8ebb27f6f60470bc4468aadec290db57e612f751767745d"
"need attention","","","pending-fluent-review","","1","www/index.html","4136","element:summary","8db7dd412259a585760a0b848128b26d3d4988e03d9d05a610c5d0c3fc43f633"
"Upcoming items","","","pending-fluent-review","","1","www/index.html","4139","element:h5","a84a828b7ad782b3c36d686b7fa6b35c82fc2640194ba9c5a403a9f6be3b438b"
"Item","","","pending-fluent-review","","1","www/index.html","4139","element:th","652bcc3a478428893cc505ae19f847b49be52f861bedc64bb192ceed409fa733"
"cross-checks","","","pending-fluent-review","","1","www/index.html","4322","element:summary","ce3d05e4743923f5da98f978c9a8ef6a5e5c9ed06bf3c4da9e253d3532ecafb8"
"Reconciliation","","","pending-fluent-review","","1","www/index.html","4322","element:summary","c24d50c6e956930478448e49d4c39a311d845aea4b0bd2b0355e912975294cd5"
"Source A","","","pending-fluent-review","","1","www/index.html","4325","element:th","f72338465fc2cf2f1a63981f0288d2085e08249261311bb68a20a021db354f06"
"Source B","","","pending-fluent-review","","1","www/index.html","4325","element:th","6f0f415dec910c547a8d03223d224bdcca7f0fd6b96cac66b5552d103e35307e"
"recent cross-module flow","","","pending-fluent-review","","1","www/index.html","4330","element:summary","e8292180404bf0e4140496f21a83eb0780a056dfc5c3e67c7e7606a6542d2884"
"Sync activity","","","pending-fluent-review","","1","www/index.html","4330","element:summary","eb7e28e47476057990ac3515f9f399113c92f9a1b3e22a8f2951dfa4fdf63332"
"Copied to clipboard","","","pending-fluent-review","","1","www/index.html","4337","script-message","d37078fe6a1faa15fc48c293dd1d4c37698eb0cfafae8ca1c456b0cc4600db11"
"Copy not supported","","","pending-fluent-review","","1","www/index.html","4339","script-message","075b8c67cc57bfc5ff780e21dd4e460ac4c4d801af43aa07f3ca7b547e0dd827"
"No WhatsApp messages available yet","","","pending-fluent-review","","1","www/index.html","4942","script-message","23cd9cf85b3ff40169345005207a414782f2bf9f08ad85e4a81f834185042ed3"
"Message","","","pending-fluent-review","","1","www/index.html","4960","element:label","2f77668a9dfbf8d5848b9eeb4a7145ca94c6ed9236e4a773f6dcafa5132b2f91"
"Preview (edit before sending)","","","pending-fluent-review","","1","www/index.html","4961","element:label","9304bce26d2c92570fbcae6c81efdd38f65e89544eb3169152de8f95a434d071"
"Recipient","","","pending-fluent-review","","1","www/index.html","4992","element:label","51fac985e95345d90b3c8a69f5e60003cbbd47a06efdcf0270d76be85b408657"
"Recipient / record","","","pending-fluent-review","","1","www/index.html","4998","element:label","68854ae3a1c58674e36db07f6aa8e7ffa088b0a09bba394c4091d2d682d1d21b"
"Type to search — name, number or ID…","","","pending-fluent-review","","1","www/index.html","4999","attribute:placeholder","0f485ce91ea59eefa46149a12e18b324a9f67116557e9abe3b54fc80610a8f4f"
"No matching records","","","pending-fluent-review","","1","www/index.html","5034","element:option","4f36612ecc081b9b7c7b6b49137b8ebbc52ce27adaa9fc06866f9f99184bd363"
"Nothing to send — pick a record and message","","","pending-fluent-review","","1","www/index.html","5056","script-message","278a7666b3683101644a42829300db8dc41a7a4e822c4bb9437d5313c5bee313"
"File downloaded","","","pending-fluent-review","","1","www/index.html","5157","script-message","1c26d0ce7773244eb8e7d98c553c5949a5aa762a7eb96363eae533b3c5cde3c4"
"Saved as text file","","","pending-fluent-review","","1","www/index.html","5160","script-message","70d7a9c260782c18a75e271f1091bb276ed1ab003bb38b265a33222560ae3b2a"
"Share blocked — fresh owner export approval is required.","","","pending-fluent-review","","1","www/index.html","5170","script-message","328587d2fef3df370487b11f6275fdb9ad3d51bc0fbb7d69c29a0662357ba3fd"
"WhatsApp could not be opened.","","","pending-fluent-review","","1","www/index.html","5463","script-message","eae39e6d674207806ee6b41694d2e62ef6bdd8bc3196532f2d339c4a21d78d8d"
"Dept","","","pending-fluent-review","","1","www/index.html","5505","element:th","1b2d7344da44727407be5522c67d5e62191bb40768c5422b0a278fe0023f1f29"
"Un-archive: re-enable sign-in. Owner re-sets their PIN.","","","pending-fluent-review","","1","www/index.html","5521","attribute:title","1e6ed3cc912e4ef7c7347ea6344b8177785e56fbcce16fa1de9d522c6c7bf4ee"
"Deactivate Activate","","","pending-fluent-review","","3","www/index.html","5522","element:button","ad40b34c4d1e1ac6b6fe8f97e9e130b1dde81428d52cc47bcdf0eb585373828f"
"Name is required","","","pending-fluent-review","","2","www/index.html","5547","script-message","604fd1b2e29c688a7efbb25cdfc4f7d3502da6b1e395aa9fec82e3c0c48f3de2"
"The owner is the super-admin, not an employee","","","pending-fluent-review","","2","www/index.html","5550","script-message","65c704ea14f5c0f122669bd6def767b40b87274d924e202738e21fc7c0e56187"
"Name cannot be blank","","","pending-fluent-review","","1","www/index.html","5592","script-message","b2e29ddbb5cc7555cbe1e412756ad9885d5f69c3c607b0bd4ca47167bd60f9e1"
"x.checked=true)"">Select all","","","pending-fluent-review","","1","www/index.html","5642","element:button","79eb3e8ec1a1e438fea7675e613d389d658611f5b0fbcd15b269cf2b27744bba"
"No employees selected","","","pending-fluent-review","","1","www/index.html","5655","script-message","f483d893b67f6e75890068b390277a5986249f6cfc25d7afec146511c32250bd"
"Recovery passphrase must be at least 12 characters.","","","pending-fluent-review","","1","www/index.html","5689","script-message","59c61084929292b23abcf67591b4f26faf5575b11537b0faeaa97b0724218be5"
"Passphrases did not match. Backup was not created.","","","pending-fluent-review","","1","www/index.html","5694","script-message","54f9a7e0b44364eccf815bd028c72d8bcdc87721f3564fd1965432da4de65692"
"Automatic off-device backup is unavailable in this build.","","","pending-fluent-review","","1","www/index.html","5705","script-message","93685b8d08d9fe193ed21a2103dc7101ba91a2db07197bd6ebb766d23bc78b29"
"Choose a Drive or OneDrive folder, then approve the standing backup permission.","","","pending-fluent-review","","1","www/index.html","5706","script-message","1a898d092a017bc1284c26f077af45fb93b38e97b4fd6348efa7e6a118317c91"
"Automatic encrypted off-device backup is active and verified.","","","pending-fluent-review","","1","www/index.html","5707","script-message","f0f4ae57c875ac7c9f6aa73eed172f60e647ae78604e50ea9554a4cc4262dc79"
"Automatic backup setup failed:","","","pending-fluent-review","","1","www/index.html","5708","script-message","c1be8eef4b9c2ec29a20e0b5824d98150d26479f99463280b7dafaf5c3ce76be"
"Automatic off-device backup is unavailable.","","","pending-fluent-review","","1","www/index.html","5712","script-message","a66abc55d5bf9916ebbb06b76853c2719faac5c42b426e6b0e5d6d2090a36ed9"
"Preparing and verifying the off-device backup…","","","pending-fluent-review","","1","www/index.html","5713","script-message","39d24e7a06ff9f58d8c4fdd0f8b3f842e3dd2b3d72cf5e8ffc7528d2e60c8a6c"
"Off-device backup failed:","","","pending-fluent-review","","1","www/index.html","5715","script-message","90f5425148e0db9425dc9a68890d3679a6c1d76f6660a9ef29b49f7de05fbb8d"
"Disable automatic off-device backup and remove this folder permission? Existing backup files will remain in the selected provider.","","","pending-fluent-review","","1","www/index.html","5719","script-message","6f139ec0e20209a11095c77528b6357c07e30ab9bfe89188cc0649b08cac765c"
"Automatic off-device backup disabled.","","","pending-fluent-review","","1","www/index.html","5720","script-message","50fcf6f3a7381813d39c2d720323464fc56a6b3db91551635e507050e871815c"
"Could not disable automatic backup:","","","pending-fluent-review","","1","www/index.html","5721","script-message","048fc9aca58391a41c539320b94030a2d71bb1da35aa6670457e3414a5f5c29d"
"DAT-02 device test is unavailable.","","","pending-fluent-review","","1","www/index.html","5725","script-message","4f170c24fefa610ffa815f833104c94f632a93b553f3aa59b7a69d720ede95ba"
"Run five real encrypted database saves now? Keep this screen open for about one minute.","","","pending-fluent-review","","1","www/index.html","5726","script-message","b81a9469eed3db96537ad22b595b8cfb05766170f1ae13e752295ed9b51cc627"
"Running DAT-02 storage test…","","","pending-fluent-review","","1","www/index.html","5727","script-message","1f8b914dbb5847b50b52c4cf4dd35945268eae6a8f8c5d66c609810cfe2c3f92"
"DAT-02 test failed:","","","pending-fluent-review","","1","www/index.html","5731","script-message","e07505166bba134dca868c9a05b0ceecb2c33ff824c0e22ef26dba6d725c74ee"
"Preparing full migration export…","","","pending-fluent-review","","1","www/index.html","5759","script-message","484b5b30a69c77ac90429d63a51159cb8304a7df5eec88647095c879e14dfc21"
"Encrypting backup…","","","pending-fluent-review","","1","www/index.html","5803","script-message","8fc8833aba5755c7854d239ed3689bd70aa23a1985761a124ce7818eddcc096a"
"Encrypted backup downloaded. Keep its recovery passphrase safe.","","","pending-fluent-review","","1","www/index.html","5824","script-message","9338c41ba46a630e7ce8a08e66236030ca36778da38489d1c7d0aa15ec1b1361"
"Backup encryption failed:","","","pending-fluent-review","","1","www/index.html","5827","script-message","80ab5735d0d1f229f40adda0a9fce905b49a9737067a6c0447c08d09a8dcc081"
"Backup blocked:","","","pending-fluent-review","","2","www/index.html","5841","script-message","e433e9d0640103d2e60e5fb07c49ff2519b1e8addfee67d9ee8cb68d92a976b7"
"Preparing fresh portable backup…","","","pending-fluent-review","","1","www/index.html","5882","script-message","a7f3bbff6b95420bf1a47a112eeb572bc6ff885e487cefe969ec501a8acf97a7"
"Encrypting portable backup…","","","pending-fluent-review","","1","www/index.html","5887","script-message","bfdf000d8c43c3008fc08be6810e22fc163a460673051695e504dff3c04d23db"
"Encrypted backup downloaded (Share to Drive works in the installed app)","","","pending-fluent-review","","1","www/index.html","5904","script-message","af24b3ec5b3e8e78721923a158c583a02bf38ed13cab9636cb1cbfea60a42ea4"
"Did you finish saving or sending this encrypted backup outside this phone? Tap OK only if it is now in Google Drive, WhatsApp, email, or another off-device location.","","","pending-fluent-review","","1","www/index.html","5912","script-message","4e9157419ad727e2c4b3c535d4847b3aff803e2c34d17573f456858495ea3d7b"
"Off-device reminder unchanged — share again after saving the file.","","","pending-fluent-review","","1","www/index.html","5916","script-message","66dcd15eb10b4fc37825a67d3221a094f45069e66a5b8f2eabac1ef01e8181ad"
"Backup shared, but its reminder date could not be saved.","","","pending-fluent-review","","1","www/index.html","5922","script-message","6b2cb6f4ac203c8e7aad0eb92636a128e48d6ed60ca6349c9da6e829c4098c81"
"Encrypted off-device backup confirmed","","","pending-fluent-review","","1","www/index.html","5926","script-message","585434ebb089f9d32e6fb9289452a77bfc18248433f76428093c1630cffeaa11"
"Device backup unavailable here","","","pending-fluent-review","","1","www/index.html","6002","script-message","56b8af2e25f006831dfce1b91d6cb597c6bc856768ca29c01f8632613a4836d3"
"No on-device auto-backup found yet","","","pending-fluent-review","","1","www/index.html","6004","script-message","59d856a9caab72450851293084ebd45ba8b0293e79a7b40c99ec7591e6cd946b"
"Could not read the device backup","","","pending-fluent-review","","2","www/index.html","6006","script-message","dffaab8dd6834b1039153e48235d08373fe5279e7001ac9510e6de332fe3472a"
"This backup is encrypted for its original device or is damaged. Use an encrypted .sccbak portable backup to migrate.","","","pending-fluent-review","","2","www/index.html","6009","script-message","9f367ddf4cc7a78b76c7d97259fd42ead327ebab5beb1a6f6876c4a02d0e288d"
"Encrypted backup reader is unavailable. Restart the app and try again.","","","pending-fluent-review","","2","www/index.html","6013","script-message","d0f1aae37222bd558d939235ce851495f7d6430cda259bdba8a5af845c348b3f"
"Device backup is too large (>64 MB) — restore aborted.","","","pending-fluent-review","","1","www/index.html","6017","script-message","459f5b3cb506151ed184ce94db502b4b84227ff36bd901c545e24def86a9ed3c"
"Remove old shared-storage backups","","","pending-fluent-review","","1","www/index.html","6033","element:button","08ca85ba605e581701fd6d708be92ddadbd9b2d481d18242a0f28322a94a3124"
"Not available here","","","pending-fluent-review","","1","www/index.html","6036","script-message","3a63b49daae87a62bf4445217a7c04637dfe3936369b98bddaf0c55e5c19faf6"
"Remove the old daily backups from the shared Documents/SaagarBCC-Backups/ folder? This deletes ONLY the auto-backup files (backup-*.json, latest.json) — your pre-reset safety backups and archived record exports are NOT touched. Confirm you have a fresh off-device backup (Back up → Share to Drive) first.","","","pending-fluent-review","","1","www/index.html","6037","script-message","22a7f917e84f5a832e9532c72267a9c9f55934799f5d6cefb7706508228fb3a5"
"Could not remove old backups","","","pending-fluent-review","","1","www/index.html","6047","script-message","33626325fbc9b8df50d4ce916c67407e495cffd75d2ac41d03ea38a8731fa2d0"
"Backup file is too large (>64 MB) — restore aborted.","","","pending-fluent-review","","1","www/index.html","6071","script-message","5160c2c76f607c2bc01f57d204884164b06dafdf942a2c3288cea3a6ea446315"
"Could not read backup file","","","pending-fluent-review","","1","www/index.html","6073","script-message","9dc2e9898a41acb8ef2942f7e855333f9d26d5d69a0a19fca506e55ab6c939d8"
"Could not decrypt this backup","","","pending-fluent-review","","1","www/index.html","6086","script-message","fa18db53c25645843ae935b0ba38598c398f972857ea7492effd41b92c130466"
"Could not read backup file:","","","pending-fluent-review","","1","www/index.html","6087","script-message","d494e1a6466776183e4d0e5cf743be98eb33af9d63566fa38cfe7342325c7bb5"
"Restore failed: invalid backup file.","","","pending-fluent-review","","1","www/index.html","6093","script-message","a4878597f5c33eb0c23191fb7173d6509526d729df4451e13dc9995401c13b3d"
"Decrypting and checking backup…","","","pending-fluent-review","","1","www/index.html","6096","script-message","95eb24e90eeaea7205b7237eb1113f994e9d19aa89ee1e28fd069a83d37bb7b0"
"Restore blocked:","","","pending-fluent-review","","2","www/index.html","6102","script-message","c9c904dde4ab7c0175a31a00131ce80fa46950c2b7b4d1ef5aa77f6ae444b82d"
"This is an older unencrypted backup. Only continue if you created it and trust where it came from. New portable backups use the encrypted .sccbak format.","","","pending-fluent-review","","1","www/index.html","6109","script-message","c284add35e04bbc4335fc1839f249b0bd21d2bdad5bb9f55f664f1279cac4350"
"Legacy restore cancelled.","","","pending-fluent-review","","1","www/index.html","6110","script-message","de6150235f6eff8970d3f914599206c3500d96ea11d9bb6eaba6737ff3ad253a"
"Invalid backup format","","","pending-fluent-review","","1","www/index.html","6132","script-message","ac1320f5ffdff31c3605a51ac71d8c7db9d1bb76d25825632be932ab09c389c1"
"No usable keys found in backup","","","pending-fluent-review","","1","www/index.html","6145","script-message","57753a93494ffc8bb36af106cb148ecdd0d5737468b3dd8eaa00cff6b4de75dd"
"Restore and verify","","","pending-fluent-review","","1","www/index.html","6168","element:button","ad2e57f566e24baed6d299e273b068c77027a6a06428c0d151477a1d8e088d32"
"Restore engine unavailable. Nothing changed.","","","pending-fluent-review","","1","www/index.html","6210","script-message","072604a1c8d82f5a3ca58984c4c54e93bc8bffcf32ec4a614f19d2f22e616e94"
"Capturing current state before restore…","","","pending-fluent-review","","1","www/index.html","6211","script-message","4b90ecd4b2daaf4901f2b0c40578bb273604eb1035fe42ef8a938a8cf20d546a"
"Restore verified. Review the control totals.","","","pending-fluent-review","","1","www/index.html","6280","script-message","85239c3c4e0124c9781205134f4e37272536bd1a6aa7ec83e925b36ac3541710"
"No restore acceptance is pending.","","","pending-fluent-review","","1","www/index.html","6291","script-message","777c4a75e5924327cb60e13e2239403a4ee44e45d617cec04bb3c20f5b064e90"
"Acceptance could not be saved. Free device space and retry.","","","pending-fluent-review","","1","www/index.html","6310","script-message","a66ac1ceb511a24f339b94822c39b7cc39a44811804c6403d53cb350c3957c1d"
"Restore accepted. Reloading…","","","pending-fluent-review","","1","www/index.html","6313","script-message","de6a85e572b1ad714b911ace5122be72561c3b6ef6131c7a1a26eb5574368c70"
"No saved data for","","","pending-fluent-review","","1","www/index.html","6322","script-message","ab8f38f03a1510616fb88d7dccab98416ef222f6f4083345dd4ad2c9ccd69f32"
"Reset aborted: the rollback snapshot could not be saved. Nothing was deleted.","","","pending-fluent-review","","1","www/index.html","6327","script-message","afb842c40ba8086a21b6819c79e1773e9d28c84aad84ea55691c72bfc7f67f32"
"Module reset failed and rollback could not be verified. Stop using this device and restore the latest encrypted backup.","","","pending-fluent-review","","1","www/index.html","6335","script-message","73bb37641f3eb0803634cf851be33f42b7df947f37f45583b048dbb15d77d01d"
"Module reset failed; the original module data was restored.","","","pending-fluent-review","","1","www/index.html","6336","script-message","1546a09ac795480d8daa2423d1cb5aea2efe77445c437268b88ac27ac0b31d66"
"No module reset is available to undo.","","","pending-fluent-review","","1","www/index.html","6343","script-message","2ffd1dafcc4c4aa93639ec098d18ec062bf176ae9f02446bbaba17002bef8a14"
"The module-reset rollback snapshot is unavailable.","","","pending-fluent-review","","1","www/index.html","6345","script-message","c5b47487de80e8ee2f0754eb1fbd91c56d858cf95550d96a01d8a634ec037e64"
"Module reset undone and verified.","","","pending-fluent-review","","1","www/index.html","6352","script-message","b61a2ff56a7964fb07e852234bb5b81ca1b8de1c79de69a97b85851df302bbf9"
"Undo could not be verified. Restore the latest encrypted backup before continuing.","","","pending-fluent-review","","1","www/index.html","6353","script-message","3c89c6df71fae06569bb7a2e54480188267e3ab44ce8f8ab49a6f014f84a0fa3"
"No app data to clear — already clean.","","","pending-fluent-review","","1","www/index.html","6362","script-message","cd700ce3c8ff854219d4ee40ccd2a803bbdc5c2ababb307e654171c35a0f1389"
"Factory reset is blocked because this device has no accepted restore test. First restore a current encrypted .sccbak backup, review its control totals, and accept them. Then return here. This proves the rollback path works before data is deleted.","","","pending-fluent-review","","1","www/index.html","6364","script-message","1c020e769c6f4d5b6f78894c38216e27dd33101e7a939d334848338c06214f4a"
"Factory reset will permanently delete ALL saved data for every module (","","","pending-fluent-review","","1","www/index.html","6367","script-message","e1cb9c7e05c70a48ff18c451d55c5e06e5edb49aa96c37887ffe5b5a14714ae0"
"Factory reset cancelled.","","","pending-fluent-review","","1","www/index.html","6368","script-message","9f1e3cf363719b9f82cfcb8fead967d99330ff17beb258ef3a1b8c354320c980"
"Writing safety backup…","","","pending-fluent-review","","1","www/index.html","6373","script-message","10f1a2c169b549a62bfd3d33177670a83c9efe5b91b3459fcb007c71c1e6f777"
"Factory reset ABORTED — the safety backup could not be written and verified:","","","pending-fluent-review","","1","www/index.html","6378","script-message","d6784ce8caba9c38bb2d7f8f68a1eefc541c27d006361de7b7b628be1ac82d92"
"Safety backup saved","","","pending-fluent-review","","1","www/index.html","6381","script-message","16169a3b198d50953fcd0676356d3de7d2a97771a151db213970e7a0ee0862ba"
"Factory reset ABORTED because the encrypted ETP store could not be cleared. No app reload was started.","","","pending-fluent-review","","1","www/index.html","6458","script-message","949fe4383dc6612e1d1c390d3a8c676caaabb45055bc1a4fd0d9d4297ab24aa1"
"Factory reset aborted — ETP storage was not cleared.","","","pending-fluent-review","","1","www/index.html","6459","script-message","caf0f84701675dedadc8fc265676fc6150eda9db8d2e6a96f4887b7c7c3a14f4"
"Resetting — wiping all stores…","","","pending-fluent-review","","1","www/index.html","6472","script-message","43fb965b199ce504e98a30d101a67be833de7728fca7bfabdd6b5f42288ab3b5"
"Reset finished (with warnings) — reloading…","","","pending-fluent-review","","1","www/index.html","6476","script-message","047d5099fc75fe89530d1625b2ea89dae77bb9ddfdc2b1c88bfc0c86281d4c92"
"Nothing older than 12 months to archive.","","","pending-fluent-review","","1","www/index.html","6516","script-message","3c8c9d6c57f0ad632e8a765a03418014160db6b3a70c8e88e4871968f971ab73"
"Archive cancelled.","","","pending-fluent-review","","1","www/index.html","6518","script-message","81de4279901df76a6d155c8e3fe9f9a647a0043518ea3f66689e137cb493b580"
"Export failed — archive aborted, nothing was deleted.","","","pending-fluent-review","","1","www/index.html","6539","script-message","e18334ae87e11d8565ab38268e2bb4cb9caec29c875409fc5e0613a7ca4c2426"
"Disable automatic backup","","","pending-fluent-review","","1","www/index.html","6751","element:button","f262f9858c557654014436401d6f2d567751e5ac16d969e92a5861ad08315e7b"
"Keys","","","pending-fluent-review","","1","www/index.html","6785","element:th","f0d66a79c138e951c2f840fcd94ea9bdf399f745088a832a9ba49cf07f7125de"
"Export control unavailable — exports remain blocked.","","","pending-fluent-review","","1","www/index.html","6805","script-message","813607e62ef7c895a48d997e0f7c6ceae1f2829fbb697bc5c3c90501f84bfcfe"
"Export register is damaged — exports are blocked until it is repaired.","","","pending-fluent-review","","1","www/index.html","6811","script-message","8a4f1939d935d51d7d12d1980d72a8c602abc7ce7a41dfca4aa7e87968c260f7"
"Format","","","pending-fluent-review","","1","www/index.html","6816","element:th","2f343666aaa88c44430b12e6ab8a29591a069de76541125e83ff1b5acc367bf2"
"Rows/files","","","pending-fluent-review","","1","www/index.html","6816","element:th","9896f659fbeee08be9762d812aa1205d9c78a68e715ef8cd0ea25467b43d7b2a"
"Scope","","","pending-fluent-review","","1","www/index.html","6816","element:th","b073f6c68ef8721107fd9815b19b2c35ec111d526b75c2123d1111ba64424000"
"Owner PIN required to open No module-entry PIN","","","pending-fluent-review","","1","www/index.html","6842","element:label","b03e2b10024e2e1d82f1330b2783d4dfdb6e9be76d120a0d2b61b952dcf2bb5d"
"Unlock admin to edit role access","","","pending-fluent-review","","1","www/index.html","6862","script-message","5b72e104f87127822bba4f24a4d06a02be4f9735b26c3c43fdf7826b1bfd86cd"
"Reset all role→module access to the recommended defaults?","","","pending-fluent-review","","1","www/index.html","6863","script-message","f19ac4d0a5d4a4cbffe7fe6d111a1c2fe182e4979ad18f7f242d5fc51b8f9920"
"Role access reset to defaults","","","pending-fluent-review","","1","www/index.html","6863","script-message","9e90ad869c8217442f73e1083f6a6d320cbad805a58e420c9bf6ea90992c4427"
"Unlock admin to reset role access","","","pending-fluent-review","","1","www/index.html","6863","script-message","633292ee9814183126a27d10ff6b7ff91b759b5a9ed85715ac7fdc853a492220"
"Actor","","","pending-fluent-review","","1","www/index.html","6895","element:th","449995c4fe8fab389053dac72d77798c094dd4a3b7b3cfe69c4d78d119308dce"
"Sanitised support bundle ready. Ask the recipient to return a deletion certificate quoting","","","pending-fluent-review","","1","www/index.html","7035","script-message","cbdf76c2e26b674088cfdc4283c5e09861a4b60668d732404839143338413e4d"
"Support bundle export failed.","","","pending-fluent-review","","1","www/index.html","7036","script-message","492f69a4fd0104d3ed11cb27920e2bd4065b1d7d0262f33d447b637ece9e910d"
"Leave this screen? Unsaved entries will be lost.","","","pending-fluent-review","","1","www/index.html","7125","script-message","ec088acaf87a181d2eaa58a893cfac280d5b8b01295c5bf0e5d2ff7b8505b2fe"
"Print could not be opened","","","pending-fluent-review","","1","www/index.html","7238","script-message","e31d0ba3238818681c0f891602744cc3099c0580d935c5aff9214fd34d091558"
"· current","","","pending-fluent-review","","1","www/index.html","7283","element:button","9e606e1cdf60626935f1f92fed45cf9ccaa6e99960279019a9ceee5586a0e584"
"Sharing not available","","","pending-fluent-review","","1","www/index.html","7328","script-message","5355460154a059d6a8168e15dab4b3b4289f2f183947cda266daf756504d96d7"
"Could not share the file","","","pending-fluent-review","","1","www/index.html","7340","script-message","e727a6709abe19851b317b0d9228693cfc04aa55db684a5163791a1e3252015f"
"Preview could not be opened","","","pending-fluent-review","","1","www/index.html","7385","script-message","0e95013cf5233a71dae9d58363926afac29b20ee7f7312dfb4947be24df85d7e"
"PDF downloaded","","","pending-fluent-review","","1","www/index.html","7448","script-message","5764878bddd0ba04d078a03d1d5c4e5c655ef02b6aacee337692d3222bc301d4"
"Press back again to exit","","","pending-fluent-review","","1","www/index.html","7526","script-message","c151b8889ed4baebb8a7dc8d07e6fb8b5527876e0cf56260bb37d03cfc4f5a1c"
"Could not load the PDF engine — check the app and try again","","","pending-fluent-review","","1","www/index.html","7817","script-message","e27605aff4741c1e9951a832fb9f6b5dc05365e729b0139faf9af4e129e3a74b"
"Chief Retail Officer full name","","","pending-fluent-review","","1","www/modules/cro_audit/index.html","816","attribute:placeholder","22819664170ec803302f58d3d28fbb6ed9bb6658a7ecb11ac03d40669f272ff8"
"SM (Auditor)","","","pending-fluent-review","","1","www/modules/cro_audit/index.html","820","element:label","4eb92ad33ce217d2ed622be40bda6ffc24b4286d5835e993abe298d24098d5da"
"SM name","","","pending-fluent-review","","1","www/modules/cro_audit/index.html","821","attribute:placeholder","ef3d399af97b14de6581696878dbad6fc6d9ccbebe1a1971fcd8844bce3e9109"
"Edit existing audit","","","pending-fluent-review","","1","www/modules/cro_audit/index.html","834","element:button","a955c4cd5a511ae90b40b54e382dc9da53af24ab95f1fb0d55fc42cde46e1423"
"← Prev","","","pending-fluent-review","","1","www/modules/cro_audit/index.html","874","element:button","525432ec085b139eb941d823b6a68c8ac2da526bafe50382048ebe4ce2622435"
"NPS Surveys / Month","","","pending-fluent-review","","3","www/modules/cro_audit/index.html","916","element:label","ad5eaae1575eb3f7af2087c81d63061b0337fb7bba27ad247ad2a16965bb1901"
"Marketing Activities / Month","","","pending-fluent-review","","3","www/modules/cro_audit/index.html","940","element:label","42e70243ca0c2c1ea09cefe2c09ef29a727176d11e58d0625b709d0829242590"
"Global (80)","","","pending-fluent-review","","2","www/modules/cro_audit/index.html","956","attribute:placeholder","1c931c2df75d8217382b8c2407717554267bf9ab8007382a1e5c203c8609cc28"
"Global (30)","","","pending-fluent-review","","2","www/modules/cro_audit/index.html","960","attribute:placeholder","a03d62ba13d4eec9bfdf7064794786521434eeaaba1cb2c619796ab5b8235c57"
"Global (120)","","","pending-fluent-review","","2","www/modules/cro_audit/index.html","964","attribute:placeholder","dfc96f606cd098f01f2eb487ad6f3b7dc7475b65e2ea106e5a270cdda71d2c58"
"Viewing a past day — settings are read-only","","","pending-fluent-review","","1","www/modules/cro_audit/index.html","1113","script-message","aab4674f9fdd290629279d44d5a60f9eb50b25aca75d0e5c37e1f6b91c5b0e19"
"Targets saved!","","","pending-fluent-review","","1","www/modules/cro_audit/index.html","1134","script-message","8ed1dc1a6c259ad7af6e73388b538d9ff59c4b353e5ea1105f43b96e1ce0aba2"
"No valid mobile","","","pending-fluent-review","","1","www/modules/cro_audit/index.html","1282","script-message","463da17a3894a09df359760261f574fefe8bccc9f1a389cd4ce66269672db24e"
"📲 Ask","","","pending-fluent-review","","1","www/modules/cro_audit/index.html","1324","element:button","84c6e6a65f3cfcd4f795337d8521571f7ed058b3e3425a2415d6f6f995c62697"
"Observation or note…","","","pending-fluent-review","","1","www/modules/cro_audit/index.html","1389","attribute:placeholder","4f5107738ea355c88eda5764a1a2f4752cc14fb39edc129883fa30dfb81df2b5"
"Viewing a past day — submission is disabled","","","pending-fluent-review","","1","www/modules/cro_audit/index.html","1734","script-message","2f4259ddc1302e3485ef77d37522452cea8347f4b3b4288b40b9cd85c8b5f3cd"
"Rate all qualitative tasks first","","","pending-fluent-review","","1","www/modules/cro_audit/index.html","1741","script-message","03d45f772421fbb81589b6954a997550d92d735f58f407a79227b37fc1d54335"
"Enter Chief Retail Officer name","","","pending-fluent-review","","1","www/modules/cro_audit/index.html","1750","script-message","d6af23d2a9795c2ea3018e403b6dbbadec281623c15d30000496d5361046294f"
"Enter SM name","","","pending-fluent-review","","1","www/modules/cro_audit/index.html","1751","script-message","be058a0cf8beb00d3ecf74e5cd51c2ac65ddbd86ca3ce16497bc4865c8734ce2"
"Select a date","","","pending-fluent-review","","1","www/modules/cro_audit/index.html","1752","script-message","43def83c3447de5e20b368bff9638b295ad0eb49e58d201851579ee4fa7cc85e"
"An audit already exists for this Chief Retail Officer at this store on this date. Replace the existing one?","","","pending-fluent-review","","1","www/modules/cro_audit/index.html","1774","script-message","8aa3fdd4cfa16f6a85bbe21c679d170637121d993b56f455370fd449bb66be16"
"Duplicate audit — not saved","","","pending-fluent-review","","1","www/modules/cro_audit/index.html","1775","script-message","1b787d4f4d1cd6f97b39f8ff6210fa910feea52c8a90b6f9752111a90ecf7d9a"
"✎ Edit this audit","","","pending-fluent-review","","1","www/modules/cro_audit/index.html","1874","element:button","8caaa067d4f007f0852095fc14d438c69226e8f7981cf9dffdc7df0d4909f305"
"🖨 Print / Save as PDF","","","pending-fluent-review","","1","www/modules/cro_audit/index.html","1875","element:button","9f9f5425060fc53dc33459449aa0b55e2c42d1a05daf6e02600ef5b2a1bdc077"
"Viewing a past day — delete is disabled","","","pending-fluent-review","","1","www/modules/cro_audit/index.html","1929","script-message","3b0ea42dc694ee713747dc5eb9970800a70928617b37b67ffc7033223a5c82ca"
"Delete this audit record?","","","pending-fluent-review","","1","www/modules/cro_audit/index.html","1930","script-message","b51e8b0070a83430845bb0964918ef7c09c6b9e9166ad7ee4c2cc250ba304c12"
"Deleted","","","pending-fluent-review","","2","www/modules/cro_audit/index.html","1932","script-message","b48ff39c2e0f5451b9b29b09c2a74d2760db230749ffd48a6e901cc91fef9a8d"
"Loaded audit for editing","","","pending-fluent-review","","1","www/modules/cro_audit/index.html","2626","script-message","8ae6af6cdc121bde0ca0409e96b42f8b75b67c3c0eed90a27656b97ee1fd3e74"
"CRO — Customer Relationship Officer","","","pending-fluent-review","","1","www/modules/dsr/index.html","1430","element:option","5f47f7640e758702719751d3e74954da72d03cfec2757b2d53e44603cbaa4dbf"
"Marked as contacted","","","pending-fluent-review","","1","www/modules/dsr/index.html","1932","script-message","58383a979f441f21432e7e5f088ffadb0eac74a0ccea7752d83c5a8b0eeea112"
"Could not update — entry no longer found","","","pending-fluent-review","","1","www/modules/dsr/index.html","1933","script-message","677555ead357ebfe1f8a38f665c7ea13a166e3a90d4352c7b16e999a705dbbe6"
"Storage error — data may not be saved!","","","pending-fluent-review","","1","www/modules/dsr/index.html","1995","script-message","ca9fd88a3f2a5f2f24dc38ea6620f2b93e4349bc2d27fbe09875fa7bbd099aa3"
"Sales are recorded for today — nothing to confirm","","","pending-fluent-review","","1","www/modules/dsr/index.html","2321","script-message","3eb3348aaedbc085adc2606c25ed5b85b4ff83e811386093b06518f84c7b7ff3"
"Carried from the closing count on","","","pending-fluent-review","","1","www/modules/dsr/index.html","2451","attribute:title","ca0508972d3727749c2b1af4159615fdd6e27ee2cb468d2a5acadefd3ba6c5c8"
"carried","","","pending-fluent-review","","1","www/modules/dsr/index.html","2451","element:label","309074dc4898c3d17a5e7bc8294d0b0d9e69d7e4b7f6ef05674d3ce596b0a629"
"Marked out of store","","","pending-fluent-review","","1","www/modules/dsr/index.html","2561","script-message","3cccf16b040008dfa01a7484a8cfabad2ef0d7dfc5875e7c9d48ea7d4c28bf36"
"Marked back in store","","","pending-fluent-review","","1","www/modules/dsr/index.html","2568","script-message","158e86f14bdc4bd19bbcc4f813cabf535153a6c46ea029d7722be59749d07cfc"
"Visitor not found","","","pending-fluent-review","","2","www/modules/dsr/index.html","2624","script-message","28989b40a2cd329db7cfaaefbba29af4cb1587541dfb6a77c016d38df084b31d"
"Marked as purchase — fill the bill & amount","","","pending-fluent-review","","1","www/modules/dsr/index.html","2637","script-message","20e16bab0681038101f956cf5ae7c3e241c575b9f6936bbeb57d2b83013e9e35"
"Marked as non-purchase","","","pending-fluent-review","","1","www/modules/dsr/index.html","2655","script-message","bf95dd0bafce5683726bb847d8fc4786bbe12948c4428e52808ddf3013f527d5"
"Undo confirmation Confirm no sales today","","","pending-fluent-review","","1","www/modules/dsr/index.html","2678","element:button","718e324dc78af9fbef80e1981cabe54005c56dae6de28dd063d6770c1b0b37a8"
"Auto-filled from a closed Queue Management sale","","","pending-fluent-review","","1","www/modules/dsr/index.html","2684","attribute:title","05b9b21ccf7197f49503606e3f99bb59e0f9bb1990a8ca7f17f29414e5702c72"
"Bill number and amount required","","","pending-fluent-review","","1","www/modules/dsr/index.html","2738","script-message","f9e2f77e1aada21fb2de0816384d54206b8d11de376442f25543f46f9fe7da9f"
"Enter a valid mobile number","","","pending-fluent-review","","2","www/modules/dsr/index.html","2742","script-message","89e47da7e75b85657059dd2663b9fee1f9a72391f591683d48494b6a8e709765"
"Saved. Note: a QMS auto-sale of ₹","","","pending-fluent-review","","1","www/modules/dsr/index.html","2753","script-message","9d00e2ce463a1cfe2deca4f7746fa0587d46ef93cb725668283815154c7cf014"
"Sale saved — Queue Management will flag this lead for the SM to confirm & close","","","pending-fluent-review","","1","www/modules/dsr/index.html","2754","script-message","998611613b53f99b8b6d862ed88499ffca4ee22d41b4287b7e6780dc7d9e8930"
"This sale came from Queue Management and is locked — edit it there.","","","pending-fluent-review","","1","www/modules/dsr/index.html","2760","script-message","1725a753a84df99347a99cec9af62d4b5bac7ca23fa6d03f073dba00d524a8c7"
"Remove this sale entry?","","","pending-fluent-review","","1","www/modules/dsr/index.html","2761","script-message","8022e7c4a3334888fb22067ff4f20055d02aa216d66c7703e86d02a31dd80f14"
"Anonymous","","","pending-fluent-review","","1","www/modules/dsr/index.html","2801","attribute:placeholder","e7a8aa2df7e5d0b233da615af4e7fef148bec39aef1709da0a80391ad0316563"
"Customer phone number","","","pending-fluent-review","","1","www/modules/dsr/index.html","2803","attribute:placeholder","afc320ab072c323cf4da1143b5bd42b583a8efe015dad0448b36e2e89921e088"
"Visitor logged","","","pending-fluent-review","","1","www/modules/dsr/index.html","2830","script-message","d075e8ee0694d514fef0aaa894d8ca00ad0f138bd2c7d8d19712d6b0a3c589b4"
"Remove this visitor entry?","","","pending-fluent-review","","1","www/modules/dsr/index.html","2834","script-message","55e644d5e2e43d66d297fe99aa58962adf073d6f4fc119812022f36c52632a16"
"Whole numbers only","","","pending-fluent-review","","1","www/modules/dsr/index.html","2877","script-message","9c98cbc001588f8659e83242e8730ad97a5b75277f1743614a5d7fa86e360102"
"Photo too large (max 1 MB)","","","pending-fluent-review","","1","www/modules/dsr/index.html","2962","script-message","e1fafa411005d1948856fb3243316f7045cf54c6e105fd844271ee444ffc04f2"
"Submit & Lock Day Report Complete All Sections First","","","pending-fluent-review","","1","www/modules/dsr/index.html","3051","element:button","b29344515e9a4bcd95ac6865a8d777d296961b7a25da9992e2fa2fc54103cf2e"
"Day report submitted successfully","","","pending-fluent-review","","1","www/modules/dsr/index.html","3109","script-message","221381d4b584dca5a1c09dbc384b9716c6c53693d86c7f1e444b4b25406f2335"
"Record not found","","","pending-fluent-review","","1","www/modules/dsr/index.html","3177","script-message","60de363f36743d355c615af8528d592aa944790b679331bd6fa8c066b8f9ba6e"
"SM Remarks","","","pending-fluent-review","","1","www/modules/dsr/index.html","3315","element:label","6b93c7a4b13a93e2bcd2dccef43511c7326f0a3e8ae9f49c877189b6f878bba0"
"Reset this audit and re-score?","","","pending-fluent-review","","1","www/modules/dsr/index.html","3365","script-message","d2fdecd035c16fd515cbd46b43899df31218dad886cd8e8e08987bd9fc04ce61"
"Past-day reports cannot be unlocked","","","pending-fluent-review","","1","www/modules/dsr/index.html","3378","script-message","ba8b7148b93c2341ab59b930ebf907a52fff7149fd32a7da1d8969e7e144315d"
"A reason is required to unlock","","","pending-fluent-review","","1","www/modules/dsr/index.html","3381","script-message","555d6d2bf03b867221e734ef1650bfe85e801adfe4fec3bd604fa88f9f1b4e13"
"Storage error — unlock may not be saved!","","","pending-fluent-review","","1","www/modules/dsr/index.html","3398","script-message","382049428710730eee1d8c0a01c67bd6546b229ac646ce141da42a74f506eee9"
"Report unlocked for correction — CRO can now edit & re-submit","","","pending-fluent-review","","1","www/modules/dsr/index.html","3399","script-message","ae32949ab9e9c309d243d2558e97b5ce0c5047b76a14640a0fb008193459a4f4"
"Mkt","","","pending-fluent-review","","1","www/modules/dsr/index.html","3437","element:th","d8c5877c25ee3d06cefe9b100102dab3460291fca9cfaa9edfbd2571403a690c"
"No staff records for","","","pending-fluent-review","","1","www/modules/dsr/index.html","3462","script-message","9549ae2f90b8ff57ddc7f6455f5f5d0f0cd4beb2b55ddf5b36af5bb661561696"
"Name already exists","","","pending-fluent-review","","1","www/modules/dsr/index.html","3527","script-message","fa7e0b44902e189b7b3b42634216ad643a4e2b2a427213a0a50b07d658d4ff52"
"Staff added:","","","pending-fluent-review","","1","www/modules/dsr/index.html","3531","script-message","1ca24aa6460d945d3fb1550c2e3da599cca7ce320b9f364d0eacfa10d7188952"
"Staff removed","","","pending-fluent-review","","1","www/modules/dsr/index.html","3537","script-message","c58a6ee6ef881eb30a2db92736a52b551d0614a11b2d722301e5ee5940e0fbcf"
"Type DELETE exactly","","","pending-fluent-review","","1","www/modules/dsr/index.html","3556","script-message","a279f449aee703c2d7149b94389d041e00fe9566f2ce6c8a59154bfed156d92d"
"No record selected","","","pending-fluent-review","","1","www/modules/dsr/index.html","3578","script-message","004095fbad0ecfdaacc4ecffbf45d37a2f3eb370a3e04897698760058bc607ee"
"Cashier (maker)","","","pending-fluent-review","","1","www/modules/expense/index.html","593","element:option","900384cf3e15e21455473443768580e7bac8a7c745ccfaf0d28f77d4edb6d52b"
"Accounts (checker)","","","pending-fluent-review","","1","www/modules/expense/index.html","594","element:option","ad7cff6473af5aa5f80dbe2e5ff768bc3c05157b78594f1f2166e19799365351"
"Udhaar","","","pending-fluent-review","","1","www/modules/expense/index.html","605","element:button","c873c7d0e1617d3c31aecdd1e4424ee2d25abbae910b5ad891e0ba43af501f8b"
"Cross-module","","","pending-fluent-review","","1","www/modules/expense/index.html","610","element:button","2e83b2625e2c11ee435a4be7a105accd8a0ad7383ff63cbd129f1496d1fc5fca"
"— Unassigned —","","","pending-fluent-review","","1","www/modules/expense/index.html","887","element:option","8ebb8a4bd72d1010e76c65f00ee15023a703e7049ef18b3e919e080a06d39683"
"Open cash statement →","","","pending-fluent-review","","1","www/modules/expense/index.html","976","element:button","4546ac0c1129691f7aad354c3d9f0a0c5ce706e3e205710d09d39e4711b99eec"
"’s cash position","","","pending-fluent-review","","1","www/modules/expense/index.html","976","element:h3","8b4ee92c80dbd91b63ebc0de8396f7ecf535d9a7000a661ffbea8bb6367713c6"
"Bill photo","","","pending-fluent-review","","1","www/modules/expense/index.html","1009","element:option","6730e20313ff93689989708be36b9833fd09fb09def426b724403af7434fbc20"
"GST on bill (₹)","","","pending-fluent-review","","1","www/modules/expense/index.html","1012","element:option","2ba9b8f84b6a197f0714ce17acec11b8fb6749cce7dd1139bd0f4178d9485027"
"optional — copy from the bill","","","pending-fluent-review","","1","www/modules/expense/index.html","1013","attribute:placeholder","b17cfcbbd325717a93752eaaf4e8ea5f14fb9c17fe5802afb420e2485d6b7534"
"what is this for?","","","pending-fluent-review","","1","www/modules/expense/index.html","1015","attribute:placeholder","91fbe0c1220dbbb335f6c94c3d4b732db05c968f04638fd1422749fb78412bb3"
"full Notes","","","pending-fluent-review","","1","www/modules/expense/index.html","1015","element:option","48b74de948d9af46c6498162eb11a8d095685377c4d8431d10a7538eb478ae24"
"full","","","pending-fluent-review","","1","www/modules/expense/index.html","1016","element:option","a18b869b2e81c0c529552a3c4fa5c92ed08b98a4e146aed778d71d27517f83ac"
"Duplicate (same date+amount+desc) will warn before saving.","","","pending-fluent-review","","1","www/modules/expense/index.html","1018","element:option","3fb44ffa29d9e6d87828558ce45bf09d2eccd66e54d6e6b6a98db024e87142f0"
"ledgerC","","","pending-fluent-review","","1","www/modules/expense/index.html","1019","element:option","ce0564b57a876ce5adc20923dcde8c10fb6396cde541e9ee3b8bed4d4bb957a8"
"All income & expense. Locked-day entries cannot be edited until the day is reopened.","","","pending-fluent-review","","1","www/modules/expense/index.html","1023","element:option","4c36c8db0fdde01ae97076e7cd2501e2004288f9998482f23ee9a5756c9891a1"
"desc / vendor / category","","","pending-fluent-review","","1","www/modules/expense/index.html","1029","attribute:placeholder","3704ba9baaf4ceda834b764dc37df90ed8ced3f843b665d5a17b253f44f4b80e"
"Src","","","pending-fluent-review","","1","www/modules/expense/index.html","1050","element:th","c5ad4c8d34e13c1c6807b5b14b4e3c58828e37848899b1be5660adf717279dfb"
"historical view day locked","","","pending-fluent-review","","1","www/modules/expense/index.html","1069","attribute:title","16cb34f5345f563c07b1da2839dec949e2ddb474fa6c2761a361eae6c636c9e2"
"Photo too large (max 4MB)","","","pending-fluent-review","","2","www/modules/expense/index.html","1088","script-message","7e602d2b8cd283c741ee5f7af03c6c304ef5dfc25e762041a664d880e0ac9535"
"Enter an amount greater than 0","","","pending-fluent-review","","3","www/modules/expense/index.html","1148","script-message","1894d18db8c4d22e34af619fcb84fed1ca919eeed9d03b12f12437e89848244a"
"Description is required","","","pending-fluent-review","","1","www/modules/expense/index.html","1149","script-message","032d33c52ddafd973251285ddd17855fed71ac86cc94286f414d02ca5aa37e8b"
"Historical view is read-only. Switch to today to add entries.","","","pending-fluent-review","","1","www/modules/expense/index.html","1150","script-message","2adef88fccc053e4bf1ad38f92816f8fd1176927744e869a80174934cec51384"
"That day’s cash statement is locked. Owner must reopen it first.","","","pending-fluent-review","","1","www/modules/expense/index.html","1151","script-message","6e3771de5de209dc9ab58f99255675a80adfa5d8853f08d2f2b78ee7c060e7fd"
"A similar entry already exists for","","","pending-fluent-review","","1","www/modules/expense/index.html","1157","script-message","2a3e78c50ab5497e1af03f374ba747f69e135f179bbb123151e81caddb04f1bb"
"Saved — also reflected in","","","pending-fluent-review","","1","www/modules/expense/index.html","1166","script-message","bf0b06259db37057fcc32fa3789db6cd7b70c00c5c4a933b8ae7c2acbc1e117f"
"Approved entry is locked","","","pending-fluent-review","","2","www/modules/expense/index.html","1177","script-message","c3004ae13ea6f14d44d32c862278da52cb01fb9e8acb68e279d89b63e72ba4f0"
"Day locked — reopen first","","","pending-fluent-review","","3","www/modules/expense/index.html","1178","script-message","fc619ec9642716084bbfcf91ab592230cf8dbe4f072ab811b5b72f6a98bd650b"
"Updated","","","pending-fluent-review","","1","www/modules/expense/index.html","1228","script-message","3a5ecca188c0579c00ee24cf3cab21bd02c15a06f7a70cc8e0a8ff2381dcbbfd"
"Your role cannot void entries","","","pending-fluent-review","","1","www/modules/expense/index.html","1244","script-message","ed734c8b27def785608b90d85387ce909b6ee1ece4daca9e3fa6719b71630cb7"
"Month is tax-locked — add a specific note for the override","","","pending-fluent-review","","1","www/modules/expense/index.html","1262","script-message","6a8573d4e4e456269c2e4a5466d7ea04b13f587f3e2c3def0c23346a99d0440e"
"Entry voided (kept for audit)","","","pending-fluent-review","","1","www/modules/expense/index.html","1274","script-message","910c66600650f165f0dbfb9e6a822e2c675a406f818f0c358b813f0652de6c94"
"Super Admin only","","","pending-fluent-review","","1","www/modules/expense/index.html","1280","script-message","7d13a31ff73262e385b3fa07ce0fe3eb6f66c03e1ef513f69aa981c6d6896d5b"
"Only pending entries can be approved","","","pending-fluent-review","","1","www/modules/expense/index.html","1282","script-message","0ece31694f97f2eb3ad0b5ed5591c97b0ad17851f2fd1629b89620c9088fac04"
"Entry approved & locked","","","pending-fluent-review","","1","www/modules/expense/index.html","1285","script-message","db260a5e900c30d0298925df9a6e9543d546535c61e49d1f519d0644c20426fb"
"Post again Post now","","","pending-fluent-review","","1","www/modules/expense/index.html","1373","element:button","84bb17423ba60e45344eef803bc65f82df4f0047d2e1a31ea2d1da13e025592d"
"e.g. Shop rent","","","pending-fluent-review","","1","www/modules/expense/index.html","1386","attribute:placeholder","218fc58363a301e51c0c00a21cca0c1a98027ae172869d9eb58ab499a3dc27ca"
"Accounts / Owner only","","","pending-fluent-review","","4","www/modules/expense/index.html","1402","script-message","243292dd4b539ad39fba86b9fa622ddaedb3331a09d968eb9013e8f6f96ec5f1"
"Template name is required","","","pending-fluent-review","","2","www/modules/expense/index.html","1404","script-message","daeed4c50d96bec6a5bde1475f34ee7dd1c371e2b9251d6b73bbb5c380b457ec"
"Enter a typical amount greater than 0","","","pending-fluent-review","","2","www/modules/expense/index.html","1405","script-message","fe109b14a3b7fe596b923b58dc51d0e7ae0d17066efa1c548a9c9f9e72a42e15"
"Due day must be between 1 and 31","","","pending-fluent-review","","2","www/modules/expense/index.html","1406","script-message","83592fb2c27358de24a8bb213e3c0c45880c8ba705e2feb643f75073080b1031"
"A template named ""","","","pending-fluent-review","","1","www/modules/expense/index.html","1409","script-message","d94c193ca6f65912947171b3daa3638485b7fc31a5aec1a93219ac14689b8299"
"Recurring template added","","","pending-fluent-review","","1","www/modules/expense/index.html","1413","script-message","2d4ff038c483f213116e209265566cbfea8ebad377012c04d4ff1a5915a73dec"
"Template updated","","","pending-fluent-review","","1","www/modules/expense/index.html","1440","script-message","cc9213d2617d81c9299c81e4e1e93402a48a877716c4ce26f6a9e67080bfd7f6"
"Delete template ""","","","pending-fluent-review","","1","www/modules/expense/index.html","1455","script-message","6b2b3c8dd67e794c5d9d4564fc2b781796b5c9aa43ce5d5988a6f849dd04797e"
"Template deleted","","","pending-fluent-review","","1","www/modules/expense/index.html","1457","script-message","8fa9d4a8b8272f3508d9c383fd45dbf2e63028d87251bf95f67b6082815eecfe"
"Historical view is read-only. Switch to today to post.","","","pending-fluent-review","","1","www/modules/expense/index.html","1460","script-message","c944b450305465938589626eef10434ee557eb23c96152e9c3e08b550f078d7b"
"Template is inactive — activate it to post","","","pending-fluent-review","","1","www/modules/expense/index.html","1462","script-message","599056ad898097ae05cc13e29b032f021fe4b433a2190b0f48f4fdcaa7005d87"
"Today’s cash statement is locked. Owner must reopen it first.","","","pending-fluent-review","","1","www/modules/expense/index.html","1464","script-message","c0268af550011e1c132570a9b357f4f85e51461ba8b5d0ddc468f2d8b4dac58a"
"required — why this late change?","","","pending-fluent-review","","2","www/modules/expense/index.html","1482","attribute:placeholder","35ebe4d9be14693c6a8a128459af094ef97febed1bedc40129242ea250abd675"
"Override reason is required","","","pending-fluent-review","","3","www/modules/expense/index.html","1487","script-message","8106b1d573a3c40a545ec0fed2e544c0e7af70480f825666c51274b0933e5f52"
"Posted","","","pending-fluent-review","","1","www/modules/expense/index.html","1511","script-message","afd80c5a1b84c378544290379f7195d17d994e3a6e30675372c6dc58446e0614"
"All (business)","","","pending-fluent-review","","1","www/modules/expense/index.html","1523","element:button","c33fc56e61417bbaee497ae633b9c410f98443d59048a5d49feb79f376cb2a82"
"🔒 Close & lock day","","","pending-fluent-review","","1","www/modules/expense/index.html","1582","element:button","620350e43f2deff68a161c0038169af95221981c8a2a688c1841fd0a1ba4308f"
"Cash Statement —","","","pending-fluent-review","","1","www/modules/expense/index.html","1598","element:h3","1989e786eaf536c71d47e74ada84c45479507479aa7dc4e5f1de8c749be400af"
"✔ Approve drawer (checker)","","","pending-fluent-review","","1","www/modules/expense/index.html","1628","element:button","c476dacc8a92d257580cb47936da361afdeccb34416b66c77229a12abb0691b0"
"🔒 Close & lock drawer","","","pending-fluent-review","","1","www/modules/expense/index.html","1630","element:button","3bc03fd70c733f24e629ad12c9b1b45391babbe18e239e98b1030fc9e0e3bd72"
"Historical view is read-only — close is available only for today","","","pending-fluent-review","","2","www/modules/expense/index.html","1732","script-message","e86a666837c295c9964f423e9754196464e390bc2aad612262e70c4d4f04908d"
"No physical cash counted. Close anyway?","","","pending-fluent-review","","1","www/modules/expense/index.html","1735","script-message","e58c92b1d33db49a7a8a4ad5464e098d97a3724af0c7563402fefb6ead75cbd2"
"explain the difference","","","pending-fluent-review","","2","www/modules/expense/index.html","1740","attribute:placeholder","cf6405febdf557e7d533f8c6e59a37b2887f3959eba1cfb408b4b92289141412"
"Close the day first","","","pending-fluent-review","","1","www/modules/expense/index.html","1757","script-message","0663d7523641ee505be0ea092b924c5de6b27b1938ba626f2e74ff0b7e205700"
"Cashier cannot approve own day","","","pending-fluent-review","","2","www/modules/expense/index.html","1758","script-message","4a3299752ba925db867fb3d8ea3765f3d072c1b6b8a6174b0837c3e9e1b9ba50"
"Only Owner can reopen","","","pending-fluent-review","","2","www/modules/expense/index.html","1764","script-message","fbc1e82405bdf3d2127f3dcca0025ee79581a9bb3909d22a6b409c8e36ba922e"
"Day reopened","","","pending-fluent-review","","1","www/modules/expense/index.html","1771","script-message","b9acaa5b957e26e959eef4215bc1e25ddf5e6c7ca6cc4da589e5828aba305d73"
"Your role cannot close the day","","","pending-fluent-review","","1","www/modules/expense/index.html","1791","script-message","24849fa63470525985532b08a58b53b9c0445a50fd795b6dc8610db55e9564ed"
"No cash counted for","","","pending-fluent-review","","1","www/modules/expense/index.html","1800","script-message","56feb699c87a2effaea73b4301ed84269600f06c84ac15f6f511d8e4c2fa99e4"
"Close the drawer first","","","pending-fluent-review","","1","www/modules/expense/index.html","1814","script-message","1ec9ece1d503137a1a9a04ac16933ccfae442a99b463997bedb9c3f9515512eb"
"tea / auto / sundry","","","pending-fluent-review","","1","www/modules/expense/index.html","1852","attribute:placeholder","149b8a4eb711347775d5418b8606edc9b076add0224bc646232d96236ea4cc50"
"Enter amount","","","pending-fluent-review","","2","www/modules/expense/index.html","1855","script-message","2d700ab232464414dd3ef5390068087580d63ac914e9257d3020ec478acf7e11"
"Float updated","","","pending-fluent-review","","1","www/modules/expense/index.html","1855","script-message","61e6bfa7bc6d964508f672db262bdeabdc0b15f27aab8b568d94199e39cfeaad"
"Posted to ledger (Cash expense)","","","pending-fluent-review","","1","www/modules/expense/index.html","1869","script-message","0c1cc50ae1b32a615e62b932340d2a854c5f540e8f1ad62ebdb8757205e7b0ff"
"Already exists","","","pending-fluent-review","","1","www/modules/expense/index.html","1890","script-message","2dbc546658ab711da8f214fdeaba7389cc7068a69b4b7324ecdd94ca5ede6ba2"
"GSTIN looks unusual (expected 15 characters) — saved anyway","","","pending-fluent-review","","2","www/modules/expense/index.html","1890","script-message","a1597e4e011b12e43724b71abe05b650886e469c83fe1992415fa34c0685e58b"
"⇩ Copy last month’s budgets","","","pending-fluent-review","","1","www/modules/expense/index.html","1909","element:button","8690a2153cc7421442e261b68aa9828be1bea3911bc22e217b52c082a5e37599"
"No budgets found for","","","pending-fluent-review","","1","www/modules/expense/index.html","1962","script-message","9dbbc39b546c017ccbf9e69e24921992b656d2123a5d0f8bea1312326738a117"
"Every head already has a budget for","","","pending-fluent-review","","1","www/modules/expense/index.html","1964","script-message","a592549d896fa07376ace671801f669696d85c6a9e257fa2831d3a3447b8f979"
"Copy","","","pending-fluent-review","","1","www/modules/expense/index.html","1965","script-message","e21f935f11d7e966dbbae78da9daa378fe8142a14e7c0cd7434183005faa6c5c"
"Post to ledger","","","pending-fluent-review","","1","www/modules/expense/index.html","2006","element:button","f09184c14e1c7123b893c755e4e5a416ff131e67068cd094b32fadd0df49a20e"
"Post all pending items to ledger","","","pending-fluent-review","","1","www/modules/expense/index.html","2015","element:button","8ec20eb3ccdc62fe53a2e48edb87e8551946a15daf32c7eac95b9eb1a5e88a18"
"Historical view is read-only — switch to today to post","","","pending-fluent-review","","1","www/modules/expense/index.html","2022","script-message","a34ba363c911a2d3a593a18567cf2fe3e986dbb9ffaa763413c46438b316e1dd"
"Nothing to post","","","pending-fluent-review","","1","www/modules/expense/index.html","2024","script-message","7a56619965bec8600df07a9cd086bfd5e1ba8488755c39060b2e5db575f3a6e6"
"Default GST rate (%) — used when a category has no rate below","","","pending-fluent-review","","1","www/modules/expense/index.html","2073","element:label","9b40c6e674a5b9fd263b07e6be57cd53ec4e6314e12c0f34411a580646cd5d6c"
"default","","","pending-fluent-review","","1","www/modules/expense/index.html","2074","attribute:placeholder","37a8eec1ce19687d132fe29051dca629d164e2c4958ba141d5f4133a33f0688f"
"Per-firm P&L —","","","pending-fluent-review","","1","www/modules/expense/index.html","2084","element:h3","69301907a301be36b4ee203aab0bb87247fbbc9619253e5e0ad7e506c57e7310"
"Generate & lock Tax feed for","","","pending-fluent-review","","1","www/modules/expense/index.html","2086","element:button","dbdccbd7fa7cdb487ce500fa1c55c96cf6d974b4093d717fdfbf63fa87952a14"
"Owner only","","","pending-fluent-review","","3","www/modules/expense/index.html","2103","script-message","55a834c80aa90548bfe1e462740b56047b5610bceb130de8720ca6d92dbb5a5d"
"Historical view is read-only — month-lock is available only for today","","","pending-fluent-review","","1","www/modules/expense/index.html","2117","script-message","91a7744a83687cb0f43577eae4bbe4a8a6c7aedccc02196ac676cce33a0c0b73"
"Pick the current or a past month — a future month cannot be locked","","","pending-fluent-review","","1","www/modules/expense/index.html","2121","script-message","4e220a3de2b6e19ec4c05c3cc21c59855c1ce36108f4a97a004bf381655d9e02"
"Tax feed generated & month locked","","","pending-fluent-review","","1","www/modules/expense/index.html","2145","script-message","f3a40fb6d3a7700ca091a63e7cf11648de1fbafff330725c216d783e1623612b"
"Switch the view date to today to add","","","pending-fluent-review","","1","www/modules/expense/index.html","2195","script-message","51b204dbe56648f31f85647cdaf70300fbc6922b743adbdaa524d68c29bf37f6"
"Customer name is required","","","pending-fluent-review","","1","www/modules/expense/index.html","2197","script-message","48cf9d5bda9b824bf9f9dcb92a52eb70f237c1aec5342b45894df6f052609942"
"Enter a valid amount","","","pending-fluent-review","","1","www/modules/expense/index.html","2198","script-message","617dd68ca7c08390b61f61ff185c51b845e9a046695dcb7a8fecd2a4bf307f57"
"Credit recorded","","","pending-fluent-review","","1","www/modules/expense/index.html","2202","script-message","4d5836d9e73b35430bd56cb98f7819307eb8e7c8908d75431b08abbec6c7cc7e"
"Switch to today to record a payment","","","pending-fluent-review","","1","www/modules/expense/index.html","2207","script-message","db4b51e39d26533a4275954eefd53a2dd3674e40ea515bd54a60d7c571614931"
"Enter an amount","","","pending-fluent-review","","1","www/modules/expense/index.html","2216","script-message","d8a7700e1f88f18fbda3a68dae38024d160a2cdc2c6775699773bb41189002a4"
"More than outstanding — capped","","","pending-fluent-review","","1","www/modules/expense/index.html","2217","script-message","f2dfa71521041b137273a49cb6753fb6005d4e0631b9d7129ef5235b3b541f16"
"Payment recorded","","","pending-fluent-review","","1","www/modules/expense/index.html","2220","script-message","00335a8bfd17b4d5837b7a31da408300d6d6cd813410297a6eed6ec00e218fcf"
"Switch to today","","","pending-fluent-review","","1","www/modules/expense/index.html","2223","script-message","dcf53a137628f3b4feb8e70f1b5e593679f1fa48f2320a0a261ca7f6225a2f5f"
"e.g. written off, entered in error","","","pending-fluent-review","","1","www/modules/expense/index.html","2227","attribute:placeholder","41b29faa987f639c6eec64ab3750eed5e81c4ad289dbe2415df3153251dbcd05"
"Removed from outstanding","","","pending-fluent-review","","1","www/modules/expense/index.html","2229","script-message","80be249b90c75e09048d692b153f181d2d29df88748360b95f15a84e504df0bf"
"10-digit","","","pending-fluent-review","","1","www/modules/expense/index.html","2255","attribute:placeholder","70368826cc8156ac4459625e14efa1736b627914aeaf4e4c6e0947f757849ed2"
"e.g. Titan Raga, promised in 30 days","","","pending-fluent-review","","1","www/modules/expense/index.html","2258","attribute:placeholder","9e2f75c98c0b119ac43a3074b9eb1a99b428773ce970e7ce10c9346d085fd8f3"
"Titan World & Helios · Latur","","","pending-fluent-review","","1","www/modules/grooming/index.html","584","element:th","4bf28f4496a50e20597fe53d423c0ec5696f71844125afcbd10499844904e30d"
"CRO Daily Grooming Check","","","pending-fluent-review","","1","www/modules/grooming/index.html","605","element:th","a253cae7896e7c76cf1e77dcb383c034d95d6d08bc5c79e27973728ef397f2e0"
"Enter CRO name and gender, then complete the checklist and save","","","pending-fluent-review","","1","www/modules/grooming/index.html","606","element:th","2cee1ae3a9483df30a4e279c763e682febd2ccd14ff8c2a1ecc6c2687caa906c"
"e.g. Rahul Sharma","","","pending-fluent-review","","1","www/modules/grooming/index.html","610","attribute:placeholder","ef26bd26768287b1978f4586862de37a8d913abc7aaf0c52927d9ea9e610ba7d"
"Start Grooming Checklist →","","","pending-fluent-review","","1","www/modules/grooming/index.html","621","element:th","83e3dfde3db49f3efdf45c115bfc7e36337ca9dc2c383fa2b48b8329c537e4fb"
"All standards met! Tap Save to record.","","","pending-fluent-review","","1","www/modules/grooming/index.html","648","element:th","fde2d0aba55223172cfa2fdfe8d1753e0f66848227c50569d1add1e1238cfecf"
"Hairstyle","","","pending-fluent-review","","2","www/modules/grooming/index.html","655","element:th","58f99e41577830582b1dd628695f99a92cf32322aed222be733cc7bd9e695251"
"Short / well-trimmed hair","","","pending-fluent-review","","1","www/modules/grooming/index.html","656","element:th","3308af704ec137bd485fa8a37340bf10aaab275e0efd8b0943844d8f6a04ad9f"
"Natural hair colour only","","","pending-fluent-review","","1","www/modules/grooming/index.html","657","element:th","a1c121979fca5a2695fc7ea7d36b20d4cfedd431697e564d7a1f077f2f01b484"
"Hair gel applied — no oil","","","pending-fluent-review","","1","www/modules/grooming/index.html","658","element:th","341c29fd9185bbc7d3619252fcacc486c9fcf1e43a1949904bf44d935f8d7df7"
"Sideburns do not cross the middle of the ear","","","pending-fluent-review","","1","www/modules/grooming/index.html","659","element:th","d77154eb058e394177a16b2aeea108d7ee4d22fb8134a6a0e7a703a17a2297d0"
"Uniform","","","pending-fluent-review","","2","www/modules/grooming/index.html","662","element:th","6a22b156718da1a50982d1b95ad694619ac5612ee78d74b7619a96c9eeb0bc33"
"Well-fitted — not too tight or too loose","","","pending-fluent-review","","2","www/modules/grooming/index.html","663","element:th","b3971b45d99ebebd8e7801d3e6ea1c915ab9a86ae3fb95ab0f83bfc2b177502c"
"Clean and properly ironed","","","pending-fluent-review","","1","www/modules/grooming/index.html","664","element:th","2e9920e3c894be424482dce25b8266dae9c6ae82558cd7ea09ede493b7362d4c"
"No loose threads, missing buttons, or faded colour","","","pending-fluent-review","","2","www/modules/grooming/index.html","665","element:th","65a1c9205ce60fdd0a21876eb2d96c23d3f24a922e4e70b5adcfb640d552598c"
"Shirt sleeves as per standard — not rolled up","","","pending-fluent-review","","1","www/modules/grooming/index.html","666","element:th","5882ad6d3ed7b33003e202876e60feb54d520d525d059aa55cb66de3c5222cc8"
"Name Badge & Gloves","","","pending-fluent-review","","1","www/modules/grooming/index.html","669","element:th","cb3f35d03d1800f8ee9b13d6068b60f35c339f4373589bd3a4e64418654be06d"
"Name badge worn and clearly visible","","","pending-fluent-review","","1","www/modules/grooming/index.html","670","element:th","f5c0c14f8d382143f688bd3b94e477cc2ac375e42a792d376519d15d7f375bca"
"Hand gloves worn during store hours","","","pending-fluent-review","","1","www/modules/grooming/index.html","671","element:th","c6f8532560e560ddcd95414e7f7a409f758177be5e9740462409596444179f2b"
"Shoes, Belt & Accessories","","","pending-fluent-review","","1","www/modules/grooming/index.html","674","element:th","f12e9dddd5567a533714432cd9b61ec2fb26ef4ba55615764b906a24f0e64716"
"Shoes are black and polished — no tan or brown","","","pending-fluent-review","","2","www/modules/grooming/index.html","675","element:th","46df4eb66aa61fd0ecef2eeafcbc52550b0c49e8e4bf027eafab16c4e35d59e3"
"Belt is black and clearly visible — no tan or brown","","","pending-fluent-review","","2","www/modules/grooming/index.html","676","element:th","38a90ed9329c5139dc80c97df09d9812d600f16532c518bd7773adc36d7fa26f"
"Watch: gold/silver or black/brown strap, simple dial","","","pending-fluent-review","","2","www/modules/grooming/index.html","677","element:th","6c0fc8fa76ffba714e57084f08445d6003e0f970ac1eb56b0cbdec81526b468c"
"Max one ring per hand — gold or silver only","","","pending-fluent-review","","1","www/modules/grooming/index.html","678","element:th","a188a30a586e0199e8f7673350e8865e7eadc629c64f4ddb51fb55954584cafc"
"Nails clean, dry, and trimmed","","","pending-fluent-review","","2","www/modules/grooming/index.html","679","element:th","fc5c1767602d96747412cf645b823be4662798e6e416ac373d62aadf71f7222e"
"Hair styled in a neat bun","","","pending-fluent-review","","1","www/modules/grooming/index.html","687","element:th","dfe986c6a60d5ed3da4fbce44b0593c6d0e2cbbaeaf08421031d17bcc5bc2ef4"
"Black rubber band and pins used to secure hair","","","pending-fluent-review","","1","www/modules/grooming/index.html","688","element:th","36051988a6cc38f39570a84bd61b30a9f6a83c0067da60e0339dcaf612f9cc0e"
"Hair kept off the face — pins if needed","","","pending-fluent-review","","1","www/modules/grooming/index.html","689","element:th","be0759d81b19e292439a2464092a579d21d3710dc811a6ceac08e662aa7f9095"
"Natural hair colour only — no styling oil","","","pending-fluent-review","","1","www/modules/grooming/index.html","690","element:th","6ed1d41c333043e7ebb8faa8fef859ddb9cf15486a11ff6f340248f16ec83509"
"Clean and properly ironed at all times","","","pending-fluent-review","","1","www/modules/grooming/index.html","695","element:th","c79860ad118d4dcc7bf2db0f2ca5983462fb7c82f5f370571dcfd24c14fe5b78"
"Name Badge","","","pending-fluent-review","","1","www/modules/grooming/index.html","699","element:th","71d18247778253e207f3fcd88557ac2337180364a7f525d210895e9f5323d27c"
"Name badge worn and clearly visible at all times","","","pending-fluent-review","","1","www/modules/grooming/index.html","700","element:th","50450283ba6f277090360ec42994863111cc24e18378c3c308df4c827a5e2f07"
"Shoes & Belt","","","pending-fluent-review","","1","www/modules/grooming/index.html","703","element:th","16997c350ddb565b4b33623252a0c8cce55fc63015d9e24b088256ee1a734ea1"
"Earrings & Watch","","","pending-fluent-review","","1","www/modules/grooming/index.html","708","element:th","19f974c8f78692b2417dbe81d03c7799bbd13bffab440f40c5e1b2901190be08"
"Only one pair of studs or small hoops","","","pending-fluent-review","","1","www/modules/grooming/index.html","709","element:th","f3e9f018b3a8c2cf9760ac2565e2b8f57fa94706bd99cf5b489985ac2d7323f7"
"Nails, Lipstick & Nail Polish","","","pending-fluent-review","","1","www/modules/grooming/index.html","713","element:th","bc313cb22096f58a2acb7af49371926ea129a55d1b847604763884ca1a1b3695"
"Lipstick shade — nude only","","","pending-fluent-review","","1","www/modules/grooming/index.html","715","element:th","71968713c4747270bf065bc506a03eceba92b647d4f99a888a61915c15a718cb"
"Nail polish — nude shades only, no bright colours","","","pending-fluent-review","","1","www/modules/grooming/index.html","716","element:th","74ef953fdd6d94896cb8e5bb6eca335c59bd4af7512a4d910e87d22f2263582a"
"Unassigned","","","pending-fluent-review","","2","www/modules/grooming/index.html","737","element:th","14d33bd014e6b4e7c3590a8a12e1ec4951d777593d6d6aef9ebe5faac9c8dac0"
"Clear Day's Data","","","pending-fluent-review","","1","www/modules/grooming/index.html","740","element:th","5aaa8fb2951d76f9ae8dd186a77300705749f4b5ec739c9e088fd512e2345462"
"CROs Checked","","","pending-fluent-review","","1","www/modules/grooming/index.html","744","element:th","3b37b46da6c16dcb131aa731f25d5812c32c15904ca11bb2e2e6d62997b4a7c8"
"this date","","","pending-fluent-review","","1","www/modules/grooming/index.html","744","element:th","08b073a326a20ca5e1dea209ccf9e10c69b0e10574bb00c87c0ca2d742a49e46"
"Fully Compliant","","","pending-fluent-review","","1","www/modules/grooming/index.html","745","element:th","c8fde39a4233918b5f178b28980d91ac982500c603a4e55e805bf217a906fa7a"
"below 80%","","","pending-fluent-review","","1","www/modules/grooming/index.html","746","element:th","ba821a990fcfa99f03b2ff198b82113bec17b513bbd5ed47ea4293c824ad8241"
"No records for this date","","","pending-fluent-review","","1","www/modules/grooming/index.html","752","element:th","d276ba46c96dd7a254b3db61a0b126db573ab5a8c0a76aa29f53de89c4b34330"
"Fill checklists in the CRO Checklist tab and save them","","","pending-fluent-review","","1","www/modules/grooming/index.html","753","element:th","3e03c9fcdcabc2bcf74aec1d4b04be3e4812e51ef40f9d40cca42b29438675dc"
"Unique CROs","","","pending-fluent-review","","1","www/modules/grooming/index.html","780","element:th","7b37bcfb1dd9543fc84562032b668e5bbf300fa58241aa48bd90778f0c82730f"
"highest avg","","","pending-fluent-review","","1","www/modules/grooming/index.html","782","element:th","1f2d2685ada241e5af7f5a9c37b017cd21705a678555796c2ac3d2c46c297954"
"all CROs","","","pending-fluent-review","","1","www/modules/grooming/index.html","783","element:th","4c4b4a753da33fa6cd0fcbe19d032cd3dc1162775780ab0fe88263432f45a64b"
"Top Failed Checks","","","pending-fluent-review","","1","www/modules/grooming/index.html","788","element:th","db5336b6d08609ba9cee65199552747bdd013ead03340f2a44705de264524c73"
"Most-missed grooming standards this month","","","pending-fluent-review","","1","www/modules/grooming/index.html","789","element:th","7173e365e7f87085d988f8581550915993bce1c24cf50b50e6838de5b0282b48"
"No data for this month","","","pending-fluent-review","","1","www/modules/grooming/index.html","795","element:th","f45568d3de7026b24570020adbee31cb02453bf7a953de91b49aed177b2b17dd"
"Data will appear here once CRO records are saved","","","pending-fluent-review","","1","www/modules/grooming/index.html","796","element:th","f6f075675a7cbc381956e37851c61d2eff623fa5c06f8804410fa8721d90a339"
"Please select Male / Female and tick the checklist before saving.","","","pending-fluent-review","","1","www/modules/grooming/index.html","1068","script-message","0e045caaf245ac18d7afbad307140102ad9a255b3b45f76ea6f7c4a81e63692e"
"Checker name matches the employee being checked","","","pending-fluent-review","","1","www/modules/grooming/index.html","1228","attribute:title","e7ca2d2c3212acafa34a4cca84a8352e212690fbee5d7af18a846222d69ce1f5"
"Remove this CRO record?","","","pending-fluent-review","","1","www/modules/grooming/index.html","1257","script-message","1422a1e830d05d768eb2cf64bf6140da51ca9fd32f4db317f4368b754caa279d"
"Clear ALL records for","","","pending-fluent-review","","1","www/modules/grooming/index.html","1265","script-message","3faa266d219aef4771612d12d28685fd0819074549dd371325f85ea6127471a0"
"LeaveDesk","","","pending-fluent-review","","1","www/modules/leave/index.html","799","element:h1","bfe5f267f8bdd17db73bd984bdf24a1ff29f8402e5d8af6c25fd31c6f1d99200"
"👥 Staff Master","","","pending-fluent-review","","1","www/modules/leave/index.html","804","element:button","f22da6bc4ee3e588eb6d8c6586a16de46ff12dddd08da2b4e9632e54dbd93927"
"📊 Report","","","pending-fluent-review","","1","www/modules/leave/index.html","808","element:button","72faeaef4216538e939e2d95bcbe1405c0b33f919a58737dfa7337227bd175b2"
"Add employees first ›","","","pending-fluent-review","","1","www/modules/leave/index.html","918","element:button","948ba5675c72e1681aeff2895e420e1a7bf49de9706f7fbf8ae286de5748a3c2"
"e.g. Sprint Review","","","pending-fluent-review","","1","www/modules/leave/index.html","990","attribute:placeholder","a60f57513b918754a787a9ace987a220b14a23f70db8ecb1a3f337d833f34803"
"Details, participants, notes...","","","pending-fluent-review","","1","www/modules/leave/index.html","1007","attribute:placeholder","127bdf299528615a8dd709cb18d64cea424ec91d627a678fec73531d4441f49a"
"Label","","","pending-fluent-review","","1","www/modules/leave/index.html","1082","element:label","0e66373f45dcf3dd656151e519f7ee5e3d558d9c22cb87df339bbdd2b6c6a3c1"
"e.g. Diwali peak season","","","pending-fluent-review","","1","www/modules/leave/index.html","1083","attribute:placeholder","43db34298d6505edbbd0a169bf690c967f2965bb83dc3af71eacb3c49b2c7d97"
"e.g. Sales, Admin, Accounts","","","pending-fluent-review","","1","www/modules/leave/index.html","1110","attribute:placeholder","075dedf031b5084fc0594c641d5c073cf05d091b324884c739f34582def0dff0"
"(uppercase) to confirm","","","pending-fluent-review","","1","www/modules/leave/index.html","1175","element:label","9db71545c56aa59aae6a3a7d58ae896e8611c12f797d9de133d6b4ca53582c43"
"Type DELETE here","","","pending-fluent-review","","2","www/modules/leave/index.html","1176","attribute:placeholder","66a2b272dda41081ff1aa38a4b4d8e8c2ee8b3683421d9d313cfe9f1c8e07ae3"
"⬇ Backup First","","","pending-fluent-review","","1","www/modules/leave/index.html","1180","element:button","5f0cd812c9123838993742b8c740458f3a651a607c77f8b21a3d8941eb8dee33"
"This leave is already","","","pending-fluent-review","","1","www/modules/leave/index.html","1474","script-message","36f4978aede62bc8bbf7e3174c5c348124f9bf4302cba3fc8bccd06697296cb3"
"Entitlement defaults saved","","","pending-fluent-review","","1","www/modules/leave/index.html","1544","script-message","75715eba0df2f26e6d1a0d469c78238ba198286425408ceb99e3b15b3d0748b3"
"Weekly-off saved","","","pending-fluent-review","","1","www/modules/leave/index.html","1575","script-message","23f91af7152405cdde61e601936f4d1d927f31f655db41630535789faf6eb90b"
"Store caps saved","","","pending-fluent-review","","1","www/modules/leave/index.html","1595","script-message","f3d20d94f8a61a53665bbdfb6e2ec8223e4e272d074a56b5a40499be4ae87f04"
"Pick both blackout dates","","","pending-fluent-review","","1","www/modules/leave/index.html","1633","script-message","e5fcfee7959a51326349d3188109105b46b533a708cc4958c50d17131f1506d4"
"Invalid blackout date","","","pending-fluent-review","","1","www/modules/leave/index.html","1634","script-message","6b00316d801e3c7f21cd96c4a1a7f443f26cbeb7d0391e599041422de452ad16"
"Invalid blackout entry","","","pending-fluent-review","","1","www/modules/leave/index.html","1642","script-message","8c885c6ab1a8c2653743f0d06297d37cfed22657186474c0650f1b74e8142b81"
"Blackout saved","","","pending-fluent-review","","1","www/modules/leave/index.html","1650","script-message","8103f0a1458e708835c0e68ef6620b89761724b8fea1d78d72e0ab6649f0672b"
"Blackout removed","","","pending-fluent-review","","1","www/modules/leave/index.html","1659","script-message","d37c6f50466da08ea1d110615e2519689388d4019bfe229ea630e09c49e8a5a9"
"Viewing","","","pending-fluent-review","","2","www/modules/leave/index.html","1783","script-message","9dc859e86f2ea28735bff0f1edeed52a31f15de1cabd11ca3765222c72de2cce"
"— Select Staff Member —","","","pending-fluent-review","","2","www/modules/leave/index.html","2493","element:option","3ab3b709c547a8252c8299d8352456170b668720450e44e5c18a200ccc18c489"
"Select a staff member from the Staff Master list","","","pending-fluent-review","","1","www/modules/leave/index.html","2515","script-message","c41f13218c55cb511d1700b2c9934705bb793b528dca122606109db65ba04e94"
"Approver name is required","","","pending-fluent-review","","1","www/modules/leave/index.html","2526","script-message","e41e47d28409ed00fddb0e2f1eb4dd941a1c69a9e3521c4ca2cda5e4256d0dca"
"Please select leave dates","","","pending-fluent-review","","1","www/modules/leave/index.html","2527","script-message","e3b6a94bf625f9f071a1fdcf740001851fdcf4fa53d5d6ffbb203e663c6dc821"
"Leave From cannot be after Leave To","","","pending-fluent-review","","1","www/modules/leave/index.html","2528","script-message","c6fa92b77e131355a576543f30b693d6eea3211cc7cd3b0c359f6205a4a5309a"
"Invalid leave type","","","pending-fluent-review","","1","www/modules/leave/index.html","2529","script-message","c7a82fe05e88cb64a79b0c588d8ca4268d44fe3e74ff87876c0aadbf548653dd"
"Leave falls in a hard blackout window (","","","pending-fluent-review","","1","www/modules/leave/index.html","2558","script-message","ccf2853ef7e88be2f66c0316a3255eab26248e407339fe9c669b1ab1d9c6f974"
"These dates fall in a blackout window (","","","pending-fluent-review","","1","www/modules/leave/index.html","2561","script-message","081d504e0b5b2ff93147a84fd5651d947c89751547a15e29d949fbf47379d082"
"Date and title are required","","","pending-fluent-review","","1","www/modules/leave/index.html","2624","script-message","af66ff81a1b202b0960b581cd109ee9bef65ae403f35ee0eb7355a957e5aeef9"
"Invalid type","","","pending-fluent-review","","1","www/modules/leave/index.html","2625","script-message","3c23d809c9b10b3698d15b092b7fefb1017ae8555f1b4f4f1f21b5810e30fca0"
"Agenda item added","","","pending-fluent-review","","1","www/modules/leave/index.html","2635","script-message","ea2362c2f938b32c45ceecfd6d7475a2a7c859e40e662bd503819920d3b73d02"
"Remove this leave record?","","","pending-fluent-review","","1","www/modules/leave/index.html","2643","script-message","039c32cf4852af2863d43a7fbb7752e961f810fd1d4f213650c1a10f0c8b5d04"
"Leave removed","","","pending-fluent-review","","1","www/modules/leave/index.html","2647","script-message","65c234db65c01914f3d68de7d8ab41b255f0748494e55aef25e43f773c854089"
"Remove this agenda item?","","","pending-fluent-review","","1","www/modules/leave/index.html","2652","script-message","3a986b8013dd584c63bec7c38b41c334ff7cff0717e011c033960fe1b4177fc0"
"Agenda removed","","","pending-fluent-review","","1","www/modules/leave/index.html","2656","script-message","77ba0b54c879298083c0b0a5bb9be0ff6574daf41208c4acd36e87cee01b9e15"
"Employee name is required","","","pending-fluent-review","","1","www/modules/leave/index.html","2852","script-message","9c05c8b00eeb42159ac4d88d565e6a67e443a2e73813b066c4b3ae22d6927bed"
"Employee already exists","","","pending-fluent-review","","1","www/modules/leave/index.html","2854","script-message","f8b7aa5c6faae4529d38b53a1bb29035a8cc89fff9457c36ee2cd8440b421c35"
"Employee removed","","","pending-fluent-review","","1","www/modules/leave/index.html","2871","script-message","dd1ab0c2bc2bd167ed83128f34b11f7619832ddff27484d4ffaeea2fbccf29ad"
"FY Balance (used/quota)","","","pending-fluent-review","","1","www/modules/leave/index.html","2918","element:th","9b30e27244aa4599c9e7c51a6053288d4ed829aba10f753385bb62c702cf08f5"
"Import failed:","","","pending-fluent-review","","1","www/modules/leave/index.html","3153","script-message","113b8e2f4761d74c0c3fa13a4e00524cc71e297e629e30fe41d38d561806d1d4"
"Type DELETE (uppercase) to confirm","","","pending-fluent-review","","1","www/modules/leave/index.html","3204","script-message","ee17fa2b111b69d997b6f945b225457a43256884533e1df02e17da1810df19c7"
"All data cleared","","","pending-fluent-review","","1","www/modules/leave/index.html","3214","script-message","3bcf9e070b2684532ec2a7788befdb8ddd449c5bd87c498236b9c569f120cf96"
"Report Title","","","pending-fluent-review","","1","www/modules/payroll/index.html","1019","element:label","09c955d52f0cfeb87a8d1546b596a5ee7f35d06c16770b161ccc2a3642025849"
"Auto","","","pending-fluent-review","","1","www/modules/payroll/index.html","1023","attribute:placeholder","0286249762f7c94349cdc0ba3bb2255baf9a80036e2193ead1d77696f888582f"
"Half","","","pending-fluent-review","","4","www/modules/payroll/index.html","1078","element:th","8082c15cbfa7f886116d3bc4e17b24392e89601d592651f7333780f26c50bebb"
"Late","","","pending-fluent-review","","2","www/modules/payroll/index.html","1078","element:th","0f950da185fc88f4093db03f228d89a858b2c327a403d7df6f14f6386748d6b1"
"Thumb","","","pending-fluent-review","","1","www/modules/payroll/index.html","1078","element:th","2be3a3bb8307160ed50731eefe45a09ebfb0e4b72215a5ae48cb8de24a9b0808"
"Ded.","","","pending-fluent-review","","3","www/modules/payroll/index.html","1079","element:th","70175da1280148b8e7993c9d0fcc6046552e73e088e077d5be495037cfe43552"
"NoThumb","","","pending-fluent-review","","1","www/modules/payroll/index.html","1080","element:th","c91f0465a60412b0c4095d7d6e41dd6d589e22782fdd3bd5c1cd817998e35aa0"
"Present","","","pending-fluent-review","","3","www/modules/payroll/index.html","1083","element:th","43f9b89c0b9d22d8110ead813ea3949f20592a8bfc3c777d2d49e64da3b0cc9b"
"Extra","","","pending-fluent-review","","1","www/modules/payroll/index.html","1084","element:th","2e4aaf05df1cbfb30a89bd189df147c7e70f2f46a698a95336b344c0ecb79041"
"OT","","","pending-fluent-review","","3","www/modules/payroll/index.html","1086","element:th","c2d4fe38448be66bac6fa893253b1618eb223f5dc1bc10d6f6ff8d2fb686f00e"
"Sign","","","pending-fluent-review","","1","www/modules/payroll/index.html","1087","element:th","0c9618e9849a62c68ff5b0e62361c05f4b70b181db1ef47eed458a17f5f4f3b6"
"+ Add GM Employee","","","pending-fluent-review","","1","www/modules/payroll/index.html","1137","element:button","898bc0a7ff2e3acac56a1e471e15caea69756841719cbbd3c1716d1c94eaeaea"
"Payable","","","pending-fluent-review","","2","www/modules/payroll/index.html","1161","element:th","cd4c829345405747c429ae63a25bc3b3f5e497d0361b7a0783a052d6fac57426"
"Amt","","","pending-fluent-review","","1","www/modules/payroll/index.html","1163","element:th","0ca90781f851798711dedb33dbd281c588bd619fee0d2237c0e943ac00bac2e8"
"CTC","","","pending-fluent-review","","1","www/modules/payroll/index.html","1164","element:th","7ab9dd1511ccf6e7fcb29b8a7dc3b863485ce592be1584b83f1defcf1665d6f4"
"Allow.","","","pending-fluent-review","","1","www/modules/payroll/index.html","1174","element:th","af632c67f490ccef94573a3b4abd36823df76def9d79651ce17d573feb52ac7b"
"Spec.","","","pending-fluent-review","","1","www/modules/payroll/index.html","1174","element:th","5082465f4783b38e41a00b7ea7c8486aaaddd7287015ab33b6ac344fdebe83eb"
"PF","","","pending-fluent-review","","3","www/modules/payroll/index.html","1178","element:th","82cedb1154a1ee7a7b5ed5981f2205723406eb7f9b0fcf6bea9734f8a9624819"
"Wages","","","pending-fluent-review","","1","www/modules/payroll/index.html","1178","element:th","505a475f8a536ccdc3e182215b65c9dbd1fedbc3ce094ecc32f363af3b9f1c6b"
"Empr","","","pending-fluent-review","","2","www/modules/payroll/index.html","1179","element:th","6799c15e89a3a56fa5dd22d8f0eb0a914a8ee03a1abf64b732ee10a460b6395f"
"UAN","","","pending-fluent-review","","1","www/modules/payroll/index.html","1240","element:th","064ec95fd0ecc5d72f31aa9726f57d1352ab6aaf79cf0c8d82f767f9a000f66c"
"ESIC IP No.","","","pending-fluent-review","","1","www/modules/payroll/index.html","1241","element:th","c6b424a5a9b67324191f4050b1c6b1ac3d4ccabec3ee4888117732676bd94f58"
"(NEFT/UTR)","","","pending-fluent-review","","1","www/modules/payroll/index.html","1246","element:th","79417da6852ebfdb20963fd512523ca5afc79a7c025f2754598e60d5eeb3db13"
"Payment Ref","","","pending-fluent-review","","1","www/modules/payroll/index.html","1246","element:th","1d851af5642c125f1a6484047f61360442a610a75cdd5edb85b8cd1c4ddf7210"
"Deduct from (start) Year","","","pending-fluent-review","","1","www/modules/payroll/index.html","1289","element:label","9461ef9859e4ddca3d319dab8a7f3d0a6e36c54be95d5b52155d4af044d4b902"
"(0 = full in one month)","","","pending-fluent-review","","1","www/modules/payroll/index.html","1291","element:label","d03afab41f5db8e7e71b45c352939cb8a13ffc73f93d35ae4eb014e12f0e4014"
"Monthly EMI ₹","","","pending-fluent-review","","1","www/modules/payroll/index.html","1291","element:label","37a79d8b6f3c649d2675beab87502158d502ca0429d5f8ac5ccafa1fd11f1df4"
"(cheque/UPI/txn)","","","pending-fluent-review","","1","www/modules/payroll/index.html","1297","element:label","5e9070a65d1e168300f3d6d29ea7dfffa65628eb848e1fd45afbe7cdf47b8e47"
"Reference No.","","","pending-fluent-review","","1","www/modules/payroll/index.html","1297","element:label","f6afbc12ce6d5a8ca970090ad1ea688fe00f3e6e4d1383c6c4661d9b1226ad00"
"e.g. UPI ref / cheque no.","","","pending-fluent-review","","1","www/modules/payroll/index.html","1298","attribute:placeholder","9a4dae46ea252440803921ea2e7ea549557070b6ef15be62674dd07d61272e8f"
"Name of approver","","","pending-fluent-review","","1","www/modules/payroll/index.html","1300","attribute:placeholder","f289fe984a4e73ee5e833c685db50911c0273ed05c68ca0d78071802897e0acd"
"e.g. Medical, Festival advance","","","pending-fluent-review","","1","www/modules/payroll/index.html","1302","attribute:placeholder","51fce4add2b329c6c5f7c24fa41107f7cfe0451200b826051979f2f6bb64b1e8"
"+ Create Voucher","","","pending-fluent-review","","1","www/modules/payroll/index.html","1304","element:button","68e4711f55a97e1fcc10d7c5b84fdc4417f478dfe29193f8440f102485fe1076"
"EMI/mo","","","pending-fluent-review","","1","www/modules/payroll/index.html","1314","element:th","a9008b70a16a8028b7f206e351dce99f2ff4d39ccc3587d7338d89c558146fd2"
"Ref No.","","","pending-fluent-review","","2","www/modules/payroll/index.html","1318","element:th","1f6a3e65e8e77fe98e205e113410e95e5a0006395370234f1855cdfcc4dd6356"
"Voucher","","","pending-fluent-review","","2","www/modules/payroll/index.html","1322","element:th","48662446a8b6f685129d539f7cced5504ce1dad52c48f9b430417e6dded7bd5c"
"e.g. Sales Executive","","","pending-fluent-review","","1","www/modules/payroll/index.html","1347","attribute:placeholder","aef40a714b0d7314556e08095031e4ff810532be12a9aa68c04348c3e6c788a2"
"Effective / Joining Date","","","pending-fluent-review","","1","www/modules/payroll/index.html","1348","element:label","63f43e4f8f4ccd64010a67e98788eca17fdea79af3834fe398573d6f9ff07b0f"
"auto from Master","","","pending-fluent-review","","1","www/modules/payroll/index.html","1351","attribute:placeholder","af114e3d028c47085f3c8a4b476cd748c3691cab5bec97f1643d1b51c39f188a"
"Extra paragraph (optional)","","","pending-fluent-review","","1","www/modules/payroll/index.html","1352","element:label","2e2577d54dd24ebd3148d7573823371c027d0f53b9cb18dde997215a03a2208a"
"Any additional sentence to include in the letter body","","","pending-fluent-review","","1","www/modules/payroll/index.html","1353","attribute:placeholder","177a5424775884216506493d58024b4218e794afb040c030199308fd383de7e5"
"🤝 Full & Final Settlement","","","pending-fluent-review","","1","www/modules/payroll/index.html","1365","element:h3","4d30bc6b355fdc9b494fe4430fc3a7dea215a6a34a1dd2c134c9086ba012d7e6"
"+ Adjustment row","","","pending-fluent-review","","1","www/modules/payroll/index.html","1376","element:button","05a7ba796d51f33efb0e0c761ab6546cea1e8612710baeb072e78c2f5a47eeb1"
"📄 Generate F&F PDF","","","pending-fluent-review","","1","www/modules/payroll/index.html","1378","element:button","25dcbc8c6ab21aba34d77cfab37232d8926b2b2aa3c2a3cb7bbc6c641555b1a0"
"Pay-run:","","","pending-fluent-review","","1","www/modules/payroll/index.html","1405","element:h3","08eba0b7650bcbd42332a0a06fd6a80011d26f2a47504f4e2ee0f50ed737f1cf"
"Accountant name","","","pending-fluent-review","","1","www/modules/payroll/index.html","1410","attribute:placeholder","bb0b4d3689161714b1e487e955f41659e1429cabe272053d86073be56e07e678"
"Mark Reviewed","","","pending-fluent-review","","1","www/modules/payroll/index.html","1417","element:button","58f088c122364dfd491e435a3d0a746bee826a046cccb5ad0800a3150abdc65f"
"🔒 Lock Pay-run","","","pending-fluent-review","","1","www/modules/payroll/index.html","1419","element:button","777c7db63c40966885a7eb38c7d2a5bfa3b1e789258b58e52fb5296069ef415e"
"📅 Close Month & Carry Forward","","","pending-fluent-review","","1","www/modules/payroll/index.html","1421","element:button","14c00d67659baf6ac4be01dc8923a48c052560761434c408017d6b9be9cbd283"
"Payroll Register","","","pending-fluent-review","","1","www/modules/payroll/index.html","1451","element:h3","94d7b66c8c1e5ceeec9b7181eb83b9049b13c4a7620cec4991ee40c76e28bb40"
"📄 Export Register PDF","","","pending-fluent-review","","1","www/modules/payroll/index.html","1453","element:button","0a07556468c012c01b1c522e0787c0bbf921e1e5fabe72c877ce887fc35efbd2"
"📥 Export Bank CSV","","","pending-fluent-review","","1","www/modules/payroll/index.html","1458","element:button","017598390a78c49a6c0c79ee27f61e02f40d782e22f072bbd7228b753cbb25fc"
"Statutory — Summary & Register","","","pending-fluent-review","","1","www/modules/payroll/index.html","1461","element:h3","c2896025d336241a5b5833bbd536ccc6a8e443eae03af9c1291fe0e23432c60d"
"📄 Member-wise PDF","","","pending-fluent-review","","1","www/modules/payroll/index.html","1466","element:button","c7de05dfd26c96f40111ee27d2b57df226e875f0c34ede65a978d1c753343f7c"
"Member-wise CSV","","","pending-fluent-review","","1","www/modules/payroll/index.html","1467","element:button","0462af3223bfae6bbe1174aa311703c1969418a5167f2b557ada77b902ed8364"
"Professional Tax (Maharashtra)","","","pending-fluent-review","","1","www/modules/payroll/index.html","1488","element:h3","51f52214aee41156421401b09b99a426181fd0deb7c39e1117e504459dcaa955"
"Male exempt up to ₹","","","pending-fluent-review","","1","www/modules/payroll/index.html","1490","element:label","edfc8c65c13fb0b5742e9b88d5909cc748f69faa1d672bd6e6a032cf709dfa7f"
"Male mid limit ₹","","","pending-fluent-review","","1","www/modules/payroll/index.html","1491","element:label","9409246bd497173f5f946296859463db52703cd5d912c6e772277fb42dd88e09"
"Male mid amount ₹","","","pending-fluent-review","","1","www/modules/payroll/index.html","1492","element:label","a37e733a70e3f2a7e8182b4f6fde0ec486e7c384b735c20355cd71820d407320"
"Standard amount ₹","","","pending-fluent-review","","1","www/modules/payroll/index.html","1493","element:label","9ddb96ef42939fb8fc21d04d2c7ca7e386c74bab6dc8b4272484b718c2f935b4"
"February amount ₹","","","pending-fluent-review","","1","www/modules/payroll/index.html","1494","element:label","7ce14a9c07050dbd3ecd1eab699e72b04db8bdb113081d63a39c918bfe92f538"
"Female exempt up to ₹","","","pending-fluent-review","","1","www/modules/payroll/index.html","1495","element:label","f6161db2b421c172524f7bd77c72bec78a37098167f32932ef3f801b306da473"
"Provident Fund","","","pending-fluent-review","","1","www/modules/payroll/index.html","1499","element:h3","f0c7e98a35dd060f9ff8b1282e8a1d87f7def98c7121a61c98bd246be2cea160"
"Wage cap ₹","","","pending-fluent-review","","1","www/modules/payroll/index.html","1503","element:label","792c39fa696310dc490625ad0dcc505a7d3dbfb87bc8cb0fe79b9aafb6783f6a"
"Gross ceiling ₹","","","pending-fluent-review","","1","www/modules/payroll/index.html","1511","element:label","569d9bbf79d3fd00c63a7fe21bda97cc37de1883adad7b2357b97c7e2c22ea3b"
"Firm Profile (printed on slips/letters)","","","pending-fluent-review","","1","www/modules/payroll/index.html","1515","element:h3","f41363148e021c5d817da4e93c33d61b7050dc9f2cd85ce5a8749682704a3e56"
"Authorised Signatory (default)","","","pending-fluent-review","","1","www/modules/payroll/index.html","1518","element:label","f9bdf15369465f590d7d30f8bd6f041df644ca6a4e71864e3c067c0cf3be5eca"
"↺ Restore Defaults","","","pending-fluent-review","","1","www/modules/payroll/index.html","1525","element:button","dac96ca94ceca58a203969f7fe7ee26f38a1a9617735f01cae9e0ad02e1591aa"
"Validation","","","pending-fluent-review","","1","www/modules/payroll/index.html","1551","element:h3","68e1ca575295bb5604fea711b5d2eff44006ce4bd985481083a76b71fce0daef"
"e.g. Sagar Bora, Proprietor","","","pending-fluent-review","","1","www/modules/payroll/index.html","1558","attribute:placeholder","136176837782480c741d68cc5fc2814226ce7b269cb492e44a47f7dcf3059ba3"
"Search name or ID…","","","pending-fluent-review","","1","www/modules/payroll/index.html","1565","attribute:placeholder","93d2259c3614d028ac606742da2429c41ebb459f800256576d497d4c5ecf636d"
"Select All Visible","","","pending-fluent-review","","1","www/modules/payroll/index.html","1572","element:button","981a52b855ebe988f4984a0257f29d6fca5e26e82e3d60a1779eb59575083521"
"Generate & Export","","","pending-fluent-review","","1","www/modules/payroll/index.html","1591","element:h3","1c4936beafd09fc9714fb1e0fb5188142ee07e301a5088c1330575a4f07e6e71"
"Preview Slips","","","pending-fluent-review","","1","www/modules/payroll/index.html","1594","element:button","6ead5cd4a66fd8bea02cbb97148cb65baec243b2d2f456ffbe06b8d5408d64ac"
"Export ZIP of Individual PDFs","","","pending-fluent-review","","1","www/modules/payroll/index.html","1595","element:button","1ee27df145b59ac40311974e7a0a35ce6da2783ea1645ec6d572fbbdae01931f"
"Export Single Combined PDF","","","pending-fluent-review","","1","www/modules/payroll/index.html","1596","element:button","dd0333492edae7576114a2c7fdfe01fc2f906955625ba0e1937db56d2654dd2b"
"Export These as ZIP","","","pending-fluent-review","","1","www/modules/payroll/index.html","1600","element:button","863699a56bde88b63ad01be35d8e3c593327c721c5f626d552bc0c527bcb1cd1"
"Viewing a PAST date (","","","pending-fluent-review","","1","www/modules/payroll/index.html","1716","script-message","866fee1655458c9126211db2b7b1407474a2020d975faaa52124272c2f48d834"
"Could not open report:","","","pending-fluent-review","","1","www/modules/payroll/index.html","1780","script-message","d11c9f3af9956fe0d5f2e665480fd21fe0c635cc3a2da300310584de4d5fb69d"
"Could not save. Please download a snapshot.","","","pending-fluent-review","","1","www/modules/payroll/index.html","1951","script-message","906fe3173b07728cc3ff2cbb16aa4d8357951272e2ec8d4e4010b2f7364bc671"
"This pay-run (","","","pending-fluent-review","","1","www/modules/payroll/index.html","2036","script-message","c288b1e40c1358f8d2c2ab8cea1f79d91a491361fb4fd298ccdb13fbce03f48f"
"Single-firm build — Saagar Traders only","","","pending-fluent-review","","1","www/modules/payroll/index.html","2133","attribute:title","227dabc033ec93b9789a3758d9aad8e9470cc008b1fb5a3141780e67ac2327fe"
"GM","","","pending-fluent-review","","1","www/modules/payroll/index.html","2133","element:option","b3910ba413cc702465f0a0fdc946f2a2cffc67f143a4f854eaa3273f941d44bb"
"From Advance Vouchers mapped to this month (+ any legacy manual advance)","","","pending-fluent-review","","1","www/modules/payroll/index.html","2288","attribute:title","d6a86f2968f38afb10a9d562591cd7e3d763ad622af59dc5255a1a3da8530c6a"
"9XXXXXXXXX","","","pending-fluent-review","","1","www/modules/payroll/index.html","2414","attribute:placeholder","3c0aaae3e764ff05e0a163083e30b623996a3bad8f8aa7e5e2008583d18868f2"
"NEFT / UTR no.","","","pending-fluent-review","","1","www/modules/payroll/index.html","2428","attribute:placeholder","1d812b1a97e59bfe81e9259e6c8bfdff6960b44f96facad10258fbc8a12d3e92"
"Auto from Advance Vouchers mapped to . Create/manage in the Advances tab.","","","pending-fluent-review","","1","www/modules/payroll/index.html","2432","attribute:title","decd19539d8bc65292286999a3d376d96bb2f0166ef2670b0ffb9b269d5ba022"
"Open WhatsApp chat with a pay-summary message","","","pending-fluent-review","","1","www/modules/payroll/index.html","2436","attribute:title","22e91365e6d38e5fdd703515b8362f16ecfbfb5c909ea91d9896ffa841ab98d1"
"🟢 WA","","","pending-fluent-review","","2","www/modules/payroll/index.html","2436","element:button","a41d586640a93efba4379c6affad79e4b6c686d9ffdfcf28b79668fa263940e6"
"This employee has no computable salary yet (check gross & attendance).","","","pending-fluent-review","","1","www/modules/payroll/index.html","2449","script-message","2869eaf4dfe13cf068314d46480f797731e3675992a605bbafeedcb7c50d5051"
"Could not build slip:","","","pending-fluent-review","","1","www/modules/payroll/index.html","2456","script-message","bb8c25b5538a164f4143d87d7baf7d7f391db302d8aca1d4edb01979eacc1c28"
"Add this employee's mobile number first.","","","pending-fluent-review","","1","www/modules/payroll/index.html","2462","script-message","a76ea82e0271c75bff2892de8da056f75f4b683724d483382317cb336a65e826"
"Invalid JSON file.","","","pending-fluent-review","","1","www/modules/payroll/index.html","2571","script-message","eebbef07751b78406a2d2486aa64588e5521e0a9ab8da3365223a3c12689f73c"
"Reset everything? All data will be cleared.","","","pending-fluent-review","","1","www/modules/payroll/index.html","2583","script-message","0e0bff709fb41c53170c021fd7f26e52216189e4057d3cf863d56d6e06eb599c"
"Amount (Rs.)","","","pending-fluent-review","","1","www/modules/payroll/index.html","2819","element:th","492dc5a5f1a59f699b0ab8242e4ea574a0753e64c83a6947b23a51676276cd0b"
"Select an employee (add one in Employee Master first).","","","pending-fluent-review","","4","www/modules/payroll/index.html","2942","script-message","d241c9d04691908838b8fbe0c20980439d08676322f331aa1f1275ca61a3b24f"
"Employee not found. Refresh and try again.","","","pending-fluent-review","","1","www/modules/payroll/index.html","2944","script-message","e685ddda21234dca03abfa09ce6bbe731e705076950cb718d935b4972c9d8b6d"
"Enter a valid advance amount.","","","pending-fluent-review","","1","www/modules/payroll/index.html","2946","script-message","934c76d8a3875a9b360ec39dac48063e272801359ec6ef5539f9a65a4b9530fd"
"Delete voucher","","","pending-fluent-review","","1","www/modules/payroll/index.html","2968","script-message","41fc3f04039326e66c543e99607b9607c704533b743735917ae88a3194c8c20b"
"Add the employee's mobile in Employee Master to open WhatsApp. Use 📄 PDF to share the voucher.","","","pending-fluent-review","","1","www/modules/payroll/index.html","3002","script-message","02f085599fbfe1ddd6b97615eee101946772dec822faf05c99b7c0de7785920a"
"(no name) — — retired","","","pending-fluent-review","","1","www/modules/payroll/index.html","3021","element:option","17faa5b25800f0d860134a7a6542663fd6bdd4af384bbf4f909ab45e83bb2176"
"Add the employee's mobile in Employee Master to open WhatsApp. Use 📄 Export PDF to share the letter.","","","pending-fluent-review","","1","www/modules/payroll/index.html","3146","script-message","a5ccd130e71ec0b4b445b03ce71d7c6cf6e32f3b837c2da4b1bfcca3be9806d7"
"Could not save the F&F record.","","","pending-fluent-review","","1","www/modules/payroll/index.html","3159","script-message","a1810bb0385ca67358d67db70828cb16b907787e32516cd55c371aa6810bfef6"
"Up to 4 adjustment rows.","","","pending-fluent-review","","1","www/modules/payroll/index.html","3177","script-message","8775dc3f8f8cdc3a980216ba4f4841f6d6002b45c05c895773a859f01b2feb8c"
"Adjustment label (e.g. Leave encashment / Uniform recovery)","","","pending-fluent-review","","1","www/modules/payroll/index.html","3181","attribute:placeholder","d5070b56718b55cf0fc8856609c61ed3f70f5bedbc2921fd9ad2da00b8d8061f"
"Select an employee first.","","","pending-fluent-review","","2","www/modules/payroll/index.html","3234","script-message","49e2b1c851a17e392cd4b1bfacefc163f197f8f0af7d15a90f2a706bf99e6fe7"
"No computable salary for the current period (check total days / gross).","","","pending-fluent-review","","1","www/modules/payroll/index.html","3237","script-message","773f33f298658ad54c3804bc8a01bcf0ba736531757c12ec89f7ae954d01e9ec"
"Current month ( ) — live","","","pending-fluent-review","","1","www/modules/payroll/index.html","3323","element:option","af6827e0c9614c66984399c592380a66f0ec1f147766f1900a74108019ba2b02"
"Pay-run is locked. Unlock first.","","","pending-fluent-review","","1","www/modules/payroll/index.html","3440","script-message","c4e27b1b75765ae8de83b30fe176dceaa3136b9a6ad2be4b8be42b55ea47b330"
"Already locked.","","","pending-fluent-review","","1","www/modules/payroll/index.html","3450","script-message","5d8e167bc4a6ce8e22f3c7797ebe5548cf93744e5d71a4096c7e7f524889390e"
"Enter the Approved By (Owner) name before locking.","","","pending-fluent-review","","1","www/modules/payroll/index.html","3454","script-message","a1d1579b3845e68d9adea378f2a214068b9c58d4bab3702ebce870aaf6156ee3"
"Lock the pay-run for","","","pending-fluent-review","","1","www/modules/payroll/index.html","3455","script-message","83f9185d3c4345cf9588439e2ef290b796805e9e9bb2925e2b9f53b0f5c22f2e"
"Pay-run LOCKED for","","","pending-fluent-review","","1","www/modules/payroll/index.html","3478","script-message","a2d9f459a13eb9a9c5277e96be8f5b7bbc44ffd90d2d8060bce4289593aa2214"
"This pay-run is not locked.","","","pending-fluent-review","","1","www/modules/payroll/index.html","3483","script-message","9657f45953791b63c72a5ef7e3cd1bc781418064c6390ccfa15067481a95cc1b"
"Lock the current pay-run before closing the month.","","","pending-fluent-review","","1","www/modules/payroll/index.html","3493","script-message","db3adaf98966932985689fe5dd3b6bdd2de552713746bb1191ee16cbde23e287"
"Cannot close into","","","pending-fluent-review","","1","www/modules/payroll/index.html","3502","script-message","61c844022c585f3334c83b53e6f7e720f616c939bd173e1a549f28c0b32e0396"
"Month closed. Now working on","","","pending-fluent-review","","1","www/modules/payroll/index.html","3512","script-message","cabefe487df2d872767e81cae97413cb1b281f13992ed90883e171498a32ba92"
"Settings saved. Non-locked pay-runs will use the new figures.","","","pending-fluent-review","","1","www/modules/payroll/index.html","3616","script-message","a43376615ba4bb16f6c9358bb89343ea306feaeea96bf022cca41954085f948c"
"Restore the built-in default statutory figures?","","","pending-fluent-review","","1","www/modules/payroll/index.html","3620","script-message","4458f205fc6d69f438ca3e20ecd6a1ab5d9f1e7500881d9f75f9f720f9c334dd"
"Import writes to DRAFT pay-runs only — this run is","","","pending-fluent-review","","1","www/modules/payroll/index.html","3740","script-message","fd54a4e02b9ed1715937e77e8b15f606c2d63305a1f94727fca1321cc2c9a554"
"Nothing to import.","","","pending-fluent-review","","1","www/modules/payroll/index.html","3748","script-message","a6c235ebd14a8e1870c00f329287e2727e7f338a2650bbc498d800bf7c902200"
"Imported attendance for","","","pending-fluent-review","","1","www/modules/payroll/index.html","3753","script-message","9ba5baabe6c8d6b9cd9b7e7986909a5d4a41f715598816c163db3a209f857bfd"
"No feed data for this row.","","","pending-fluent-review","","1","www/modules/payroll/index.html","3759","script-message","3e01d3d5e0117e53a6506ae0a6224ed804c81b534cbef786f54c42cd479df3c2"
"Prefill","","","pending-fluent-review","","2","www/modules/payroll/index.html","3761","script-message","d602d6e653ff0053fb1b840e8146e512ae3d6071c485955b08f4dd80a689f0c6"
"Avg SM","","","pending-fluent-review","","1","www/modules/payroll/index.html","3798","element:th","88ee8283e33c8b9f34676fca0409065ee54b66e427a4f39e6e27342bc085b5d7"
"Feed","","","pending-fluent-review","","2","www/modules/payroll/index.html","3798","element:th","396c3cb18f811a18a0859bd18bf8094c9dedcbbe92651bbd3aa7a6e0e6e3aee8"
"Entered","","","pending-fluent-review","","1","www/modules/payroll/index.html","3837","element:th","db7dc45de14f2b94353946f9881c7cb49979cc540b89430bd0a59ea0709aa59c"
"Leave Desk","","","pending-fluent-review","","1","www/modules/payroll/index.html","3837","element:th","62f1aa997d6b7420886d84d27b64fde371fa200be3abb609fe1952d0681783ab"
"Avg","","","pending-fluent-review","","1","www/modules/payroll/index.html","3875","element:th","41835ff14ac6b8c789e93c4f3af5fdda54d093c45144a3cce1bb907e9c222162"
"SM","","","pending-fluent-review","","2","www/modules/payroll/index.html","3875","element:th","6ff9250a7351ff2fa2f8c6872393edf6f5eb782c90256d65d87517d9c029ced2"
"Draft runs only","","","pending-fluent-review","","1","www/modules/payroll/index.html","3881","attribute:title","9d771d50afe37a539d8c89f9adfcc3cc902c235b2f709a9591e58f9e63a12f9f"
"Apply selected → draft","","","pending-fluent-review","","1","www/modules/payroll/index.html","3881","element:button","8e9f418412afe44bea8255e0b6935272c255bd92d84feca4eebb6f129923186c"
"Tick at least one employee to import.","","","pending-fluent-review","","1","www/modules/payroll/index.html","3886","script-message","52885bcb3df2f0c4bef7f1cc33bd01e18a4d48f7a0af1e558d021cced7597efc"
"Apply feed attendance to","","","pending-fluent-review","","1","www/modules/payroll/index.html","3887","script-message","09bab555cbbfd2c90f4710059ed272bdacd40541d942be2c2e0a1ad0d020bab3"
"🎊 Festival & Season Planner","","","pending-fluent-review","","1","www/modules/planning/index.html","303","element:h1","52d1502b77e0f0e021f6fcc01d0f2fbd3f267cb1530180d56cb2cd2222ba9a7f"
"e.g. Dhanteras 2026","","","pending-fluent-review","","1","www/modules/planning/index.html","311","attribute:placeholder","ea2382167317ea42d70160311a48b9f84aad88e456ffa7e5c0ada904abe62721"
"Akshaya Tritiya","","","pending-fluent-review","","1","www/modules/planning/index.html","311","element:option","22eba3fdf4a2831249f565a41eb5ff575a08d69029939a7af47b70522e18526e"
"Dhanteras","","","pending-fluent-review","","1","www/modules/planning/index.html","311","element:option","7f373259259e45d3afd5e3b4a099bf5dfe73a6f5479ceb59d6b440cc1afbfa9d"
"Diwali","","","pending-fluent-review","","1","www/modules/planning/index.html","311","element:option","579b0bec9023767ce1e4cea28a6ed9a08ad7da5421fc5019929b5684edfe9e14"
"Gudi Padwa","","","pending-fluent-review","","1","www/modules/planning/index.html","311","element:option","32da4db862889a949fcf184c2031dbae1c278297099d2f6f18dd00057750c03c"
"Raksha Bandhan","","","pending-fluent-review","","1","www/modules/planning/index.html","311","element:option","906f295bca67802eabdb10c829b80ca65c23b2732ebd74c65cb72d22e0093c17"
"Wedding season","","","pending-fluent-review","","1","www/modules/planning/index.html","311","element:option","178295c6df4ace6d137a1e023c1cb63ee1c902f0e7676d3b966fa0090c9bf394"
"Target — Titan World (₹)","","","pending-fluent-review","","1","www/modules/planning/index.html","314","element:label","06a8cc4bf059ddac9c5e7d16bccf51a4fb872d3e8ebcd053980a649daf95cec3"
"e.g. push gold-plated gifting range","","","pending-fluent-review","","1","www/modules/planning/index.html","316","attribute:placeholder","70fa65d48d7ddda401ff8f3109b78f75fff95b306701134926566d9bf9758851"
"Leave blackout — warn before approving staff leave in this window","","","pending-fluent-review","","1","www/modules/planning/index.html","317","element:label","e9d5508c0c4c9e24deb9f7365d7f979a349aa1c6b47c2c14a86f3071c01bba22"
"Start and end dates are required","","","pending-fluent-review","","1","www/modules/planning/index.html","362","script-message","a6a07d33441c6804dc612b920090c9763fe8557f25961bb68afed03e240b223d"
"End date is before start","","","pending-fluent-review","","1","www/modules/planning/index.html","363","script-message","512b543fc28a82f782f0578b3fb32b6044118a083f71318c7c2d57fcee30b811"
"Delete this festival?","","","pending-fluent-review","","1","www/modules/planning/index.html","382","script-message","ba100de9edea80fc03265268a79300a1c24cd261d9557b4445c69500d6bdc859"
"Pre-festival checklist ( / )","","","pending-fluent-review","","1","www/modules/planning/index.html","411","element:label","374e8cf59e3acfb5485d02ff9d87081b138e4eccf8d6871b4cc8f80ca34be8e8"
"Add a prep item — e.g. top up Raga stock","","","pending-fluent-review","","1","www/modules/planning/index.html","412","attribute:placeholder","a78b10607f760859386dbcf17da19fabda92cd183e3e773aa5a4423a074d24c7"
"Toggle navigation","","","pending-fluent-review","","1","www/modules/qms/index.html","587","attribute:aria-label","dfc1e6d16ba5e2e5f8632c1c6e90ee41dfcbda8c31f1a23afe5601823431b183"
"Switch","","","pending-fluent-review","","1","www/modules/qms/index.html","610","element:button","39921a740bf2b67802a2042e1f87e9dec566131c2458aba5683e2827ced0d2c3"
"Role: SM","","","pending-fluent-review","","1","www/modules/qms/index.html","615","element:button","5441ea54694fe22c06aec17566ff2d7fdf1b12d06d38ce809ec9851af1b23df5"
"Modal","","","pending-fluent-review","","1","www/modules/qms/index.html","629","element:h3","18093cad26441ad13739840b68cb4dc6b379831aa2742a41f054b83091129924"
"Edits locked after EOD close.","","","pending-fluent-review","","1","www/modules/qms/index.html","659","script-message","3a825b400ef5a51138af0d4e2d4beab7b67228bd57d86f6934dadb6522fe14c1"
"Save control unavailable. Nothing was changed.","","","pending-fluent-review","","1","www/modules/qms/index.html","703","script-message","cd1a2f9518323523cb1c1bab598bc48d77ca296fa8e86c7548486971c92bca1b"
"Save failed. Your previous saved data is unchanged; retry when storage is available.","","","pending-fluent-review","","1","www/modules/qms/index.html","715","script-message","b6e82d4bc1a6bc2b0e2a04210eb8c3f1aa6c289e70947dd9f8f89ac43a3f51b9"
"SM / Admin access required.","","","pending-fluent-review","","1","www/modules/qms/index.html","728","script-message","6ff8a3c23412ce0aef2826f6f0da801d50b284bfd89a95642e9bebf626d0f40b"
"Full Queue →","","","pending-fluent-review","","1","www/modules/qms/index.html","785","element:button","81567afc5030fceae15f4f38335cb6e0252cc184a9c8a0a4cd02e81354430ffa"
"Close EOD","","","pending-fluent-review","","1","www/modules/qms/index.html","788","element:button","3c1d55451dd5dc03d2bf2b0edb629caaa4c0309d56b59f3cf9bef9a7c5f68bab"
"Rotation created.","","","pending-fluent-review","","1","www/modules/qms/index.html","792","script-message","7a11380b56cad59d0e1df0026835d07b2b81ec2276513340e6fc4edaeada5b5e"
"Select at least one CRO.","","","pending-fluent-review","","1","www/modules/qms/index.html","792","script-message","f8c63ab83d4d810ab0bb947acf0b77afc435941828f439390ca7c9d2bdd6f001"
"CRO-06","","","pending-fluent-review","","1","www/modules/qms/index.html","793","attribute:placeholder","3e191dcd6d2ddbc118f69bb3e6ed8bab4a0f15c5d483d0d494927a25675228d1"
"CRO added.","","","pending-fluent-review","","1","www/modules/qms/index.html","794","script-message","1ce382e4ee6b15a0594984430b60f52b03ae7c9a66ae2c11ffa77ba38f4cbf3e"
"Create today's rotation first.","","","pending-fluent-review","","1","www/modules/qms/index.html","795","script-message","337dcc102597d8d8276b60fafcf8d6ca025d27a77b998b48e28e38a1d06cadf3"
"No CRO left to add.","","","pending-fluent-review","","1","www/modules/qms/index.html","795","script-message","4d02dd0507ceff7ee28dbb730be336a23263a3f6c54ec928d67536163bc39af0"
"CRO added to today.","","","pending-fluent-review","","1","www/modules/qms/index.html","796","script-message","15ca12d9cc125a503883b55acd0217988654bb062d74bd45add8dbe1d6079905"
"Status updated.","","","pending-fluent-review","","1","www/modules/qms/index.html","798","script-message","2fa87b0bd7d27905ddb42614a4585c067cc4e3344df9684dc502b4202b3d2751"
"Remove this CRO from today's rotation?","","","pending-fluent-review","","1","www/modules/qms/index.html","800","script-message","0938007cf9b752e7273f239102343f5260eb41568b29afe3f6de29aeb060f58d"
"Select a CRO.","","","pending-fluent-review","","1","www/modules/qms/index.html","835","script-message","eb4d2565950342a4655e9b6566667e0197dc00b27b3ee20da07c7bf7ec15d1f5"
"Already pre-claimed by","","","pending-fluent-review","","1","www/modules/qms/index.html","848","script-message","4f0fc7c3f887731e615da04b1c0e28dd4648882dce91196b2268b769c2a04a4e"
"Pre-claim added for","","","pending-fluent-review","","1","www/modules/qms/index.html","874","script-message","be24a3bde8f6f7c036bb83f6ebd48989a2abe86321c37cc92b2163cc43a060af"
"Only active pre-claims can be cancelled.","","","pending-fluent-review","","1","www/modules/qms/index.html","876","script-message","5da3b7b93ad71dfff3d65c946d33be50411a2336ebbe9de3ef7a9e81408d78a6"
"Pre-claim cancelled.","","","pending-fluent-review","","1","www/modules/qms/index.html","876","script-message","ee65c33a6ae30d4525ac374850953bebdb7fead3c5f563d87c8ab1127c823eba"
"10 digit mobile","","","pending-fluent-review","","2","www/modules/qms/index.html","877","attribute:placeholder","f7abb0de9d3805750063eca63fd62a3781f2b5c1d2e872c0c51e62b0cabbb9a0"
"e.g. coming this evening for the gold watch","","","pending-fluent-review","","1","www/modules/qms/index.html","877","attribute:placeholder","63c8d9414f9d53cb3547e3c0286041ce7f00604ae73d3b135ea75a9be5348213"
"Add Pre-Claim","","","pending-fluent-review","","1","www/modules/qms/index.html","877","element:button","878fe9f9e02766ff45521bf7039390878f0ca4251bc9d2e2fd7e4e58f783bd4f"
"— select your name — — select CRO —","","","pending-fluent-review","","1","www/modules/qms/index.html","877","element:option","3180d66f5d97227012029a6864c6cec69664e74c211b7da40112bcbded38c29a"
"Parent / lawful guardian","","","pending-fluent-review","","3","www/modules/qms/index.html","903","attribute:placeholder","87aa63a2193376aac5f1cd678ae404e78c46b70ee65600681d90cd3ffaea4421"
"Watch / strap / battery","","","pending-fluent-review","","1","www/modules/qms/index.html","903","attribute:placeholder","7aed264a9b13ceb1dd44ef905461170d38c1e414a62885f9926ef853c613aed1"
"What does the customer need?","","","pending-fluent-review","","1","www/modules/qms/index.html","903","attribute:placeholder","609866d6a5d40a966c49442c42b6e4645f8310329c1d88fbfe8a89cc39c04dd9"
"Greeter closure disabled","","","pending-fluent-review","","1","www/modules/qms/index.html","903","attribute:title","5b4c44d24dcf5defa694bcfae55ceac4d2d80a7ca202caa8a8d6f31d1e56af8b"
"Read full notice & rights","","","pending-fluent-review","","1","www/modules/qms/index.html","903","element:button","c004a73f1e5b2ca5b058e4a1fd6f1fc26e38e9588753ce1af4f5ca5c3bc4c9c2"
"Save & Allocate CRO →","","","pending-fluent-review","","1","www/modules/qms/index.html","903","element:button","3cea98a34bfc8890ea2d77677e5ade4fd7f22b52ff06c04fd5e0e7df7eaa9cda"
"Allocate to","","","pending-fluent-review","","1","www/modules/qms/index.html","903","element:label","d5328e05e2f1d0fd441b662b8a2a308c9d4b619c7440ebd8ba6e231807df9954"
"Customer age status *","","","pending-fluent-review","","1","www/modules/qms/index.html","903","element:label","126e22d0de5efa7525cccf22836a21ddb36c0992471b0f7f998264872671b459"
"Guardian confirms authority and consents to the necessary processing (required only for under 18).","","","pending-fluent-review","","1","www/modules/qms/index.html","903","element:label","3d0b7823fbc0ab74315e8b09f7cc6fd923aed0595394d54dbceeab10b20d8cb4"
"No. of People","","","pending-fluent-review","","1","www/modules/qms/index.html","903","element:label","c9c61d9effd8ab0107e2335262051418e933af2dc1bd8d9e356fc88ec0ed142f"
"Optional: customer actively agrees to promotional WhatsApp offers, greetings and review requests. Service and visit updates do not depend on this.","","","pending-fluent-review","","1","www/modules/qms/index.html","903","element:label","377d342f64b424416b9ee26d3099414ca9ee4af790cfb83f92e6d5a896c182d2"
"Product Interest","","","pending-fluent-review","","1","www/modules/qms/index.html","903","element:label","fa4115a8d045784e768b64779b1d0b7347e312f66176d7f491f0e35c97e1d6b5"
"Purpose / Notes","","","pending-fluent-review","","1","www/modules/qms/index.html","903","element:label","90b21480ff9d78c790f6b29ec22c14862fdb572167f4107914ad9c7a6bb873a2"
"Source","","","pending-fluent-review","","1","www/modules/qms/index.html","903","element:label","0e570ca6fabe24f94e52c1833f3ffd25567022beb826fa16891f3322051bc221"
"Visit Type *","","","pending-fluent-review","","1","www/modules/qms/index.html","903","element:label","ddbb54ba3514ca57c52f8c3611281970bfab1b09381b6c2a58595625031d24ee"
"Auto (by rotation)","","","pending-fluent-review","","1","www/modules/qms/index.html","903","element:option","f3f90f840197a0e45583dc5cc81a681136dc50e960d84812b978a854110ec25a"
"Referral","","","pending-fluent-review","","1","www/modules/qms/index.html","903","element:option","aeb7b00433003f75c286e214eccd11a1e4ba6fbd0d0413cb35864749821cc8e0"
"Select if under 18","","","pending-fluent-review","","2","www/modules/qms/index.html","903","element:option","f4443f49ad46afe6b30677689529ba596e3fb4420990ce015600ae56543252aa"
"Senior Citizen","","","pending-fluent-review","","1","www/modules/qms/index.html","903","element:option","69a08bd8e8292315bbf9829d92dc21de8774fb6eb1938d15f72c0abf16568979"
"Urgent Service","","","pending-fluent-review","","1","www/modules/qms/index.html","903","element:option","247aa95e71bbab145b9c971ff31fde7d4e61c77ec43eaf6d3f794f87e7e31398"
"VIP","","","pending-fluent-review","","1","www/modules/qms/index.html","903","element:option","986e2890737d7abe583e75e30c3d93b1a209289aee87e4a8a46af45394e4095f"
"The selected visit is no longer available.","","","pending-fluent-review","","1","www/modules/qms/index.html","916","script-message","61ca92f45be4c2edeaefb4146b50cd3e71e6627903818de5cf8fbfc68e6bea91"
"The duplicate suggestion is no longer available.","","","pending-fluent-review","","1","www/modules/qms/index.html","927","script-message","9878971723fcb0a42817c711cd2ea858c2a6a38ff86e5f69165276b737b40855"
"Open existing visit","","","pending-fluent-review","","1","www/modules/qms/index.html","951","element:button","bf2fd520b353a30b3c2f8583f530e9d3f6b69f4c99bf58bf00da4186634d3a69"
"Search older visits","","","pending-fluent-review","","1","www/modules/qms/index.html","985","element:button","65967e2eb0461fcf7281ce8eaa9cbcff8393918a7d2e27b515eb061abbd27d67"
"Privacy notice is unavailable — do not collect customer data.","","","pending-fluent-review","","2","www/modules/qms/index.html","994","script-message","2a99586bb7e24ce172d9b0d0a84b11ab50387ce7e4c786e2b6c526c2131ba3d2"
"Viewing a past date — read-only.","","","pending-fluent-review","","2","www/modules/qms/index.html","1120","script-message","632fa167f0d9fb266165df62b411dcd68ab0d00e0026a940fb312274f7ac9115"
"EOD is closed — no new walk-ins. Create a fresh rotation to resume.","","","pending-fluent-review","","1","www/modules/qms/index.html","1124","script-message","bfaf96965f27b474b7d45b073bd591b46853ccf02490617c6a402c810ce71315"
"Mobile must be 10 digits.","","","pending-fluent-review","","2","www/modules/qms/index.html","1131","script-message","1d0477db7386c57ce6e5b173950a405b4f1ca0a55d21b5848af1d9ddd244af60"
"Duplicate review unavailable. Nothing was saved.","","","pending-fluent-review","","1","www/modules/qms/index.html","1144","script-message","66f575ffe1f6f019f08f3a675101687263320ad62dfa8a47bc7fa17173459f9b"
"Explicit duplicate review is required before creating a separate visit.","","","pending-fluent-review","","1","www/modules/qms/index.html","1158","script-message","feb8668e253ced4ec4d4a55e52e4c546f56b2291e3349dcc719200548c93b05f"
"Privacy evidence could not be saved. The queue visit was not created; retry or review the legal log if this repeats.","","","pending-fluent-review","","1","www/modules/qms/index.html","1207","script-message","025e6fc624fc57f1dc59d31e1436021252d4d102b6a8171ff142ecece1908bb8"
"The queue visit or rotation is no longer available.","","","pending-fluent-review","","1","www/modules/qms/index.html","1274","script-message","75e953f852188363d802a61219dd426460334ccca8b47c5980e96d24174324c3"
"Allocate Customer To","","","pending-fluent-review","","1","www/modules/qms/index.html","1290","element:label","fa559d9e36260bf06b5179741dced1096cd845e1383d772275397cd56fb96711"
"Skip Reason *","","","pending-fluent-review","","1","www/modules/qms/index.html","1290","element:label","19f5f2cf354567ced856bdcfa372a2cedc996a345555b28ba8357b2b78f76ea8"
"Busy With Existing Customer","","","pending-fluent-review","","1","www/modules/qms/index.html","1290","element:option","0ce66138f2fd0f3ef4cee61bfad8ef09d00b128963b9afeca5395325f8e69890"
"Manager Assigned Work","","","pending-fluent-review","","1","www/modules/qms/index.html","1290","element:option","9a1352ad205ff47d45d366655fbdd3b10d597b161957ecd9298aa1f45e9e355d"
"On Phone Call","","","pending-fluent-review","","1","www/modules/qms/index.html","1290","element:option","3b1b8377d3b62080562e8ba5256b7545624ec87564edc1099edbe715e79a94e5"
"Refused Turn","","","pending-fluent-review","","1","www/modules/qms/index.html","1290","element:option","b9cb05ebb35b9a1de0d1570f0815419b14a1a747ba0309cf07a3914638e72be1"
"Service Desk Work","","","pending-fluent-review","","1","www/modules/qms/index.html","1290","element:option","2dd65398cd6dfbad8769045b76370adff7418c126d2ef7e04198fd570973e274"
"Stock / Billing Work","","","pending-fluent-review","","1","www/modules/qms/index.html","1290","element:option","fec465d254d851163ca831e18d952edfecfd395184cfd7509839dab8087b1265"
"Confirm & Allocate","","","pending-fluent-review","","1","www/modules/qms/index.html","1291","element:button","87da46c4d7caaee7f36b1ada8e559ee3bcc75cdbefb8c2d00c9b04be00ed721d"
"The skip decision expired. Open it again.","","","pending-fluent-review","","1","www/modules/qms/index.html","1298","script-message","c6972e8666a2bab8f89788c860176ef1582ab24e234b5587220a412a9db9c4cd"
"Select a valid CRO.","","","pending-fluent-review","","1","www/modules/qms/index.html","1306","script-message","aa08bbced1ca286605b531d2b0224ced606f9a0d29a0e91707c75685fed91179"
"Today's rotation is no longer active.","","","pending-fluent-review","","3","www/modules/qms/index.html","1312","script-message","01d8b0945fb28a990ecffb85818928b16e1eb095e9a3d25b1c85b70d34946af4"
"The queue visit or selected CRO is no longer available.","","","pending-fluent-review","","1","www/modules/qms/index.html","1319","script-message","ee4d768c452506c6ea7cb0c68d49612f870fc163947a3923cadbb4a8e805b484"
"Select a skip reason.","","","pending-fluent-review","","1","www/modules/qms/index.html","1325","script-message","b0570c2d55468177873a0988cd5d7c1e63b761102321a1211d46f6e866035c51"
"Add a note for ""Other"" reason.","","","pending-fluent-review","","1","www/modules/qms/index.html","1330","script-message","278a7e33f9d882d813c233d43344d4db05cf758b45160ad6f4d8c784f91ba820"
"Skip recorded.","","","pending-fluent-review","","1","www/modules/qms/index.html","1384","script-message","55ea442626e8f7d55b5cad582e255c438531ee69c47a24821e7c80cf07fd25f0"
"Assign CRO first.","","","pending-fluent-review","","1","www/modules/qms/index.html","1394","script-message","86443e841f0179782df4ac84a5cab1e5bbc59927db201805f8b6223f96de76c3"
"Attendance started.","","","pending-fluent-review","","1","www/modules/qms/index.html","1394","script-message","e9ac5b268097819bb5e787dd40a977f67e2ea3f2bb429e0a5978d641fa981097"
"Exit recorded.","","","pending-fluent-review","","1","www/modules/qms/index.html","1395","script-message","13aff52d5014b573b8e5182cbd16ba72cfae5f97e72b1772b4c9c5c19f791880"
"Timeline","","","pending-fluent-review","","1","www/modules/qms/index.html","1402","element:h4","9dcff98e275f0cb911f1523ef5c629c0aabe9e3b642a6b71ac7d2569e9717121"
"Mandatory for audit","","","pending-fluent-review","","1","www/modules/qms/index.html","1404","attribute:placeholder","dba5a22cd829f15f6072237dffd127d9579b0ce290500bcacf360a235b75524f"
"CRO cannot reassign.","","","pending-fluent-review","","1","www/modules/qms/index.html","1404","script-message","de7120da172868cdecc6803d74bfad178c655f1f5a09d29c41863b641895a790"
"CRO reassigned.","","","pending-fluent-review","","1","www/modules/qms/index.html","1405","script-message","5baf1c421782ce53e00198e5cf65dc3b6786e4e1addae257e4acc933b1752df2"
"Close Lead","","","pending-fluent-review","","1","www/modules/qms/index.html","1406","element:button","3247880b30a10c4d3b5f9b37799b01cd962dd7e1c88c3dad9326c0ab07d26ed0"
"Closure Notes","","","pending-fluent-review","","1","www/modules/qms/index.html","1406","element:label","15824362fdf2157706a168ebd88f46fdb613f36f6ca75b70291cf5399396e423"
"Non Purchase","","","pending-fluent-review","","1","www/modules/qms/index.html","1406","element:option","f5fd733af3deea48540731f699cb326f06f0657b63e723a5eab22af69da7d277"
"Greeter cannot close leads (setting disabled).","","","pending-fluent-review","","1","www/modules/qms/index.html","1406","script-message","819cb27ace3731e1007cd7ba116efdbc33d2a18fe0b9c38199008d1c93b29784"
"Reason control unavailable","","","pending-fluent-review","","1","www/modules/qms/index.html","1410","element:option","29e76681175d9519ffe5dd0da84cb1f6a92b6da67ca1e0d05000c90682f9ccda"
"Watch","","","pending-fluent-review","","1","www/modules/qms/index.html","1427","attribute:placeholder","a71e757324467ccfe2ae90f483fd759eff5378e6afcfcce4c620de929b3f2dd8"
"Bill No. *","","","pending-fluent-review","","1","www/modules/qms/index.html","1427","element:label","9e27bd27d7f300a6581a5516ff884bc905e0687293cc64ee7f2ac9b3a63de0a0"
"Reason detail (required for Other)","","","pending-fluent-review","","4","www/modules/qms/index.html","1427","element:label","1bd227ceabb580f2c772277e18fe329ba3dab6798397810121ac7b965249bbba"
"Mixed","","","pending-fluent-review","","1","www/modules/qms/index.html","1427","element:option","f340b6d6edeff46213083fda3e3496b6262a67fc349fe3fd577c55e196841c3f"
"Job Card No. *","","","pending-fluent-review","","1","www/modules/qms/index.html","1430","element:label","1d2ea8a3fb462bfa31efae92206be89579a4e8d6da5e87bdd297c442390c4d48"
"Battery","","","pending-fluent-review","","1","www/modules/qms/index.html","1430","element:option","dfcb7c1619d5abd12f2df162337eaaba53ebe837d8de991db4d4d8a958867815"
"Polishing","","","pending-fluent-review","","1","www/modules/qms/index.html","1430","element:option","0a9f7bad269e3cc544882f560fca2f47262478fcaa71c2e3985082dc98bfe477"
"Strap","","","pending-fluent-review","","1","www/modules/qms/index.html","1430","element:option","d734335ebc3efe26a945ee3dd1d30c310e7f08204a7fbfcfa878c09190609277"
"Warranty","","","pending-fluent-review","","1","www/modules/qms/index.html","1430","element:option","4b721747570ac440a1053cff6dcdaf083ac96e994358c3706441062cfc487535"
"Lost-opportunity reason *","","","pending-fluent-review","","1","www/modules/qms/index.html","1433","element:label","9ad3c46186a2b4dd8037e4bc2ca00076645929a704f3e68c9f43d2815b5fa31b"
"What to follow up about...","","","pending-fluent-review","","1","www/modules/qms/index.html","1436","attribute:placeholder","0d219c9fe6ad62c3905ff625e35a04fc331057fa50b782509b535b7cddf45c8a"
"Expected Value","","","pending-fluent-review","","1","www/modules/qms/index.html","1436","element:label","4746d66da32211777d9efa546c371c9ab017529b1356677780196ad4606046bd"
"In Store","","","pending-fluent-review","","1","www/modules/qms/index.html","1436","element:option","73d2b2f0c2b24ca2255a66dc2938ae35a78d471f1ee14f82ce287ff3016cb143"
"Phone Call","","","pending-fluent-review","","1","www/modules/qms/index.html","1436","element:option","e3ee7715b0b3f96c4b86e5bc8ed993bf136c3412fd419b17a49418e9e192ac55"
"Cannot set a follow-up without a mobile number.","","","pending-fluent-review","","1","www/modules/qms/index.html","1447","script-message","5142143ee5e3373dfeb3a707abb70ef033132fe1ed9f78f423e9462e6f39338c"
"Bill number required.","","","pending-fluent-review","","1","www/modules/qms/index.html","1456","script-message","2687f84e10ac80dcb2bab2e76f62172eb71137214be6ebe721ad546fba8719aa"
"Purchase amount must be greater than zero.","","","pending-fluent-review","","1","www/modules/qms/index.html","1460","script-message","36b86fec00fa148e2399540d30f01fd49ea16c774ba9e1bc597ee4f87452a6e3"
"Job card required.","","","pending-fluent-review","","1","www/modules/qms/index.html","1484","script-message","96e88fc35fee7ea69ff79904600ffcaeb33fc15ba17c51d38cf586996141fb00"
"Estimated lost value must be zero or more.","","","pending-fluent-review","","2","www/modules/qms/index.html","1505","script-message","45b949d8b6c736e30001d7c10eb0ca42eaf845b5f89e5da5ba523a4ae8238861"
"Expected value must be zero or more.","","","pending-fluent-review","","1","www/modules/qms/index.html","1525","script-message","4e2ee9f657e1339ea95f134e1ab07040ac9407cebaebc00816b27f8d3b9d3ba9"
"Lead closed.","","","pending-fluent-review","","1","www/modules/qms/index.html","1558","script-message","64493ad30fac6a88b7ea92fe5711987b6ca8fef70292eeff79afd4c650b66fc6"
"The selected follow-up is no longer available.","","","pending-fluent-review","","4","www/modules/qms/index.html","1567","script-message","8c4e5ccc70ace36ab7c5c18cc7ad4ee268207f18ea4956e3b84ffd74483ca4ef"
"Expected","","","pending-fluent-review","","1","www/modules/qms/index.html","1622","element:th","ca99b7f1b14ee2c04f7aaefde89858fc947fa88de518c2e6d4b6132892175218"
"Last contact","","","pending-fluent-review","","1","www/modules/qms/index.html","1622","element:th","4f9a190189c93f9fabe11edd489e4d9902d55266294d58454573460848a0b068"
"Converted","","","pending-fluent-review","","1","www/modules/qms/index.html","1628","element:button","2c037da8d3fd7d6a82d941749b10a51a8b4c72ca17db794120ab9bd94594c0ef"
"Contact logged.","","","pending-fluent-review","","1","www/modules/qms/index.html","1642","script-message","4e604689e85478617181c4fe597c87e25427d05a3d56cfbf3259165913a54131"
"Follow-up marked lost.","","","pending-fluent-review","","1","www/modules/qms/index.html","1675","script-message","f9d67dcc2289d65a2ae4dceca5370e935b2ce286eabc9a0698e7c69d6192245c"
"Unsupported follow-up action.","","","pending-fluent-review","","1","www/modules/qms/index.html","1684","script-message","555fd40ef6b244169469a70132c6a86c6de76819ecf4dcd34ab698ef7e69dbb1"
"Follow-up updated.","","","pending-fluent-review","","1","www/modules/qms/index.html","1691","script-message","e139e8471dd0a43c06aeb5d141fe858435a7b3d07e713a43a4e14f7071d4ce93"
"Bill / invoice no.","","","pending-fluent-review","","1","www/modules/qms/index.html","1695","attribute:placeholder","ad32328a3ab950552424d5cc5ce8ece42158665d509ddfe5da76d5ee34f71e12"
"Mark Converted","","","pending-fluent-review","","1","www/modules/qms/index.html","1695","element:button","0422ed884b8c2d2227365e6b8022031480f392a8886239da2aee96702f6183e4"
"Bill No. (optional)","","","pending-fluent-review","","1","www/modules/qms/index.html","1695","element:label","1a1c36ad4b33232561f868fd1fcf9d3a62d9e131bb338e4ee8a5d0f57163e720"
"Follow-up converted · ₹","","","pending-fluent-review","","1","www/modules/qms/index.html","1731","script-message","5959a0fdfb314f028c312a237a62890f29fcf2e4435ebc366f0f164b9d45c06d"
"Bill","","","pending-fluent-review","","1","www/modules/qms/index.html","1735","element:th","e51783b4d7688ffba51a35d8c9f04041606c0d6fb00bb306fba0f2dcb7e1f890"
"No valid mobile number.","","","pending-fluent-review","","2","www/modules/qms/index.html","1742","script-message","00d77f251b0246b6ba07dd5740151cd8c9279dbceecc53a4d6a5f9db7460807b"
"CRO updated.","","","pending-fluent-review","","1","www/modules/qms/index.html","1828","script-message","c9a45efa038ac1df6309104d4559b6c2c46552d6739963d458c3052f0d1cb9b8"
"Backup restored.","","","pending-fluent-review","","1","www/modules/qms/index.html","1831","script-message","40383528e1b1ee32fcfe833921c4fe7e010762a1628901658710f272a0b15e7e"
"Invalid backup file.","","","pending-fluent-review","","1","www/modules/qms/index.html","1831","script-message","9b12c62c56bc2068e9226c26e5269a2c1947312a5ef3dc1df052d57862fb7e97"
"Delete all QMS data in this browser? This cannot be undone.","","","pending-fluent-review","","1","www/modules/qms/index.html","1832","script-message","d14c92755dc252d680efc3b52a35c520bb933d667ef76ccee30edf3da11cb4a1"
"EOD closed.","","","pending-fluent-review","","1","www/modules/qms/index.html","1833","script-message","1caf154f1741face2167698800782f817c201f3b54446296e10f127af747bdfb"
"No active rotation to close.","","","pending-fluent-review","","1","www/modules/qms/index.html","1833","script-message","868cb1c677147e7946a8cb3cc20ca55c938bcf8f9f5b2e1b7f3ab6fe2a3d3359"
"Could not open summary:","","","pending-fluent-review","","1","www/modules/qms/index.html","1843","script-message","4fcfb71330edfaa2854875af30581549a32b962a27a9d4abcb21178860acfe28"
"Could not build summary text.","","","pending-fluent-review","","1","www/modules/qms/index.html","1844","script-message","ac4a792b11e64eb020ea180335b9f316b4773ea9998b19ce9743cb059f864ea6"
"Later","","","pending-fluent-review","","1","www/modules/qms/index.html","1845","element:button","73b6e48a1b552d112502d37a7b7870436efc5ea1de0bca58ccf12d6ae15d3a0c"
"Require a watch photo before a case can be saved","","","pending-fluent-review","","1","www/modules/service/index.html","1583","attribute:title","98c806e0bb2803f832d6d978bbca201ba81b59ed86933910c839ccc9b1c4bd46"
"📸 Watch photo required","","","pending-fluent-review","","1","www/modules/service/index.html","1584","element:label","6db9e8be7a8c9d9da8658d9e83fc8a2a2c3d6adf09484f0f95db3d8930e3d22f"
"Service workboard","","","pending-fluent-review","","1","www/modules/service/index.html","1626","attribute:aria-label","bf3db124093fe5c0ed57a8bfe8a12d60d51d4a3c9080919bab6296b3bef11c98"
"Staff / actor *","","","pending-fluent-review","","1","www/modules/service/index.html","1635","element:label","d55fbe6e61bff6fb364d9a25d2cd4ea4da2d337c65b14c9ceb812173daa1b735"
"Item condition and after-service state checked","","","pending-fluent-review","","1","www/modules/service/index.html","1640","element:label","4ca9940b8c3f55c541d2c739abddcf6271ae350382393c06db0a2eb9685831bb"
"Payment expectation *","","","pending-fluent-review","","1","www/modules/service/index.html","1641","element:label","939a966a809fa6630f3945816d12a4a0f9e776ada4ee4f535c67aceea0f9a373"
"Promised pickup date *","","","pending-fluent-review","","1","www/modules/service/index.html","1642","element:label","48dd8a142c0bf7fac330612ea77c86aa294503b3cbf782ecef3e62ea96ce1fc4"
"Customer notification status *","","","pending-fluent-review","","1","www/modules/service/index.html","1643","element:label","a2dc50f0dbdf80989eeea4ba4eb77610e300c69990a39fff0cd00987871fbe81"
"Search cases by ID, name, mobile, brand or model…","","","pending-fluent-review","","1","www/modules/service/index.html","1652","attribute:placeholder","c72e3cb24603f4f91781df2483fbc3010297089d917e84afca7eff39c6784b89"
"Export Open (ageing)","","","pending-fluent-review","","1","www/modules/service/index.html","1663","element:button","eb2a7c597e9006c44acda2eea867af57a521c7d0db3a41a64ca6a18ed2c28a92"
"email@example.com","","","pending-fluent-review","","1","www/modules/service/index.html","1833","attribute:placeholder","2a539d6520266b56c3b0c525b9e6128858baeccb5ee9b694a2906e123c8d6dd3"
"If different from mobile","","","pending-fluent-review","","1","www/modules/service/index.html","1837","attribute:placeholder","ee4de0331b4eb1a98c0b33c6b8e3c71171a7e45473b5275d94fafbe5a4cf50c9"
"Full address","","","pending-fluent-review","","1","www/modules/service/index.html","1841","attribute:placeholder","a0e82e2a18101defdf6a7f4fb0376267087156690568037dfae54bc554362457"
"e.g. Aadhar 1234-5678","","","pending-fluent-review","","1","www/modules/service/index.html","1845","attribute:placeholder","58b6eb7d69634360c6ae8fa941fa62b674b0342539c4bf182febd1c1e9b7e08b"
"Alternate number","","","pending-fluent-review","","1","www/modules/service/index.html","1849","attribute:placeholder","ce2220ca26e48effa90adc6f44d905b06b34195268fd9dccdee315cae0a4d7b3"
"Guardian confirms authority and consents to necessary processing (under 18 only).","","","pending-fluent-review","","1","www/modules/service/index.html","1861","element:label","23f2b784998e260ea3966fbe81f753b0a5f2b728fd4e8469c2460f3a652e1eee"
"Optional: customer actively agrees to promotional WhatsApp offers, greetings and review requests. Service updates do not depend on this.","","","pending-fluent-review","","1","www/modules/service/index.html","1862","element:label","bff98064bcec465478bef6a40ff6fa90be1ed7c28ee3a6393c9ac2d8f0cd405a"
"Model / collection","","","pending-fluent-review","","1","www/modules/service/index.html","1882","attribute:placeholder","5f5f967ba00794a311d463891702db6fd2c64dca2de939055f4ff22533856b12"
"Serial number","","","pending-fluent-review","","1","www/modules/service/index.html","1890","attribute:placeholder","f2307baf1c858f10a7594859dd7e3abae29f142ac84ab30406cdcb4ebdd1abc9"
"e.g. Stainless Steel, Gold PVD","","","pending-fluent-review","","1","www/modules/service/index.html","1894","attribute:placeholder","372f75fda1ed06ace213c48be7790256f6fffbd24ef7114cec0e224e2c840978"
"e.g. Black sunburst","","","pending-fluent-review","","1","www/modules/service/index.html","1902","attribute:placeholder","89f9e45c0f14e1f5de12f67669196c4f128cfef5825253cd32f802654d45170b"
"e.g. Leather, SS bracelet","","","pending-fluent-review","","1","www/modules/service/index.html","1906","attribute:placeholder","a6acbc6b4448272f8e494d7824885a0e261357153dbbbf615cc93158ae1314ea"
"Quartz","","","pending-fluent-review","","1","www/modules/service/index.html","1911","element:label","6dbfeeb207b36340969e7258f1662ee6f3dd81c7dd9520cd7f12e16f8fa3989e"
"e.g. 50m / 5ATM","","","pending-fluent-review","","1","www/modules/service/index.html","1920","attribute:placeholder","075533166758b9b075ea9bcae870ca5ada1da715e8abbf64cee70382828aa862"
"Year or approximate date","","","pending-fluent-review","","1","www/modules/service/index.html","1932","attribute:placeholder","0282f39ae7cc0bd5fdd3fa6cb4ec0c1913a99debe3bd6c7020bf2f6dbfd0136e"
"Mint","","","pending-fluent-review","","1","www/modules/service/index.html","1988","element:label","ced97cc4a377b5b4386d9c67bc4f4e14febb561903a27409ce7a2886368b75bb"
"Poor","","","pending-fluent-review","","1","www/modules/service/index.html","1992","element:label","94dfd46d9dae63e6c692415bbab8e266c777e87cdd77beab02583b8ed7bd874d"
"Any other cosmetic observations...","","","pending-fluent-review","","1","www/modules/service/index.html","1997","attribute:placeholder","5412b245917e7e41949f5b17791ff73cf5a462c7d64c1bf400866c2c2066541e"
"Spring Bars","","","pending-fluent-review","","1","www/modules/service/index.html","2016","element:label","b046b252bccc54ab561548687a28f3d2d9990817aeaba2faa6ec2a4c75a8abec"
"Sizing Tools","","","pending-fluent-review","","1","www/modules/service/index.html","2018","element:label","8f23941a5c69b08de9cb60641c28f576db32c3247a7bf89c052867f92246ff71"
"Warranty Card","","","pending-fluent-review","","1","www/modules/service/index.html","2025","element:label","3daaba049e0b8337b6b06332c4a9a034d0d3dab0e7a672217bafa21a84317009"
"Service Papers","","","pending-fluent-review","","1","www/modules/service/index.html","2026","element:label","e00ed29ac2ecc6e0bc3c7b02734ec40fb2b99eb1967bfc337693caf328830cb5"
"Purchase Receipt","","","pending-fluent-review","","1","www/modules/service/index.html","2027","element:label","704c04b3623b1edd36acdf424b3ed68ce2126996212838749ea612f58bf45b92"
"Instruction Manual","","","pending-fluent-review","","1","www/modules/service/index.html","2029","element:label","08be98a8e2e3c077a9475186e96e5a8cffa0d6708543b46b9c8d3ebc45bb3fbe"
"PAN Card","","","pending-fluent-review","","1","www/modules/service/index.html","2037","element:label","b71fb4a3ecaecb2ae8f0de7953accd809397aa020d537939a02595896286bbd5"
"Passport","","","pending-fluent-review","","1","www/modules/service/index.html","2038","element:label","3173c1c8cfe02e326ce2f6de5471b2011f5ebb6324d5433503a7a9d66f35bb21"
"Warranty Document","","","pending-fluent-review","","1","www/modules/service/index.html","2041","element:label","427fc500e23fa4f4d090be5f184dc5464437dfc8e6ba6294f83c0691af968c5b"
"Partial Service","","","pending-fluent-review","","1","www/modules/service/index.html","2048","element:label","020dc0efe82ef0fc359122bb01ced233d12f4ed1b927324cb317e05bd1871802"
"Water Resistance Test","","","pending-fluent-review","","1","www/modules/service/index.html","2050","element:label","c9b192a9ab869474746f2e8d1df954efc5775dd8ee42585def49e60fb29d6244"
"Polishing Only","","","pending-fluent-review","","1","www/modules/service/index.html","2051","element:label","6199b8f783ae34e6d31e8bd4c77b2ae563a72b876afc5ce6eea06b2af28e52e8"
"Strap Replacement","","","pending-fluent-review","","1","www/modules/service/index.html","2053","element:label","339832e712ef27ab86902b8c0f12bf78461e3ed5d6a2d876c4fa267326eb3c77"
"Not Running/Stopped","","","pending-fluent-review","","1","www/modules/service/index.html","2072","element:label","3c6f934cb33261b3f4964ccbe4abb201d412ab735069a292b175dd5911dd6c4e"
"Running Fast","","","pending-fluent-review","","1","www/modules/service/index.html","2073","element:label","4ccada9433a4048323e95a22ff0dc586da988fb9581f128e4a4b5a59c2616d4b"
"Running Slow","","","pending-fluent-review","","1","www/modules/service/index.html","2074","element:label","7ee51638c6a06ddfc1373bc0d8f3399881ca27e2856f592fc28bc18e19d638f9"
"Losing Time","","","pending-fluent-review","","1","www/modules/service/index.html","2075","element:label","79a8345b87ef7e21b453e4d9c6981ac010e3ab03f24679eccd6488e27a315387"
"Winding Issue","","","pending-fluent-review","","1","www/modules/service/index.html","2077","element:label","ca54084bf8d9ffbba450fc3d152094c8313bdfde89b019ad0022ef162c0d1d13"
"Water Ingress","","","pending-fluent-review","","1","www/modules/service/index.html","2092","element:label","a11fbeb5b0324ccd34637244c2b9ca12018fb6c8ab04e70a703280741e042b2a"
"Link Missing","","","pending-fluent-review","","1","www/modules/service/index.html","2098","element:label","2264def2a841a271c6dd7faa5605db51aa221d12ebbb3698a36ce6d0c78547c6"
"Pin Missing","","","pending-fluent-review","","1","www/modules/service/index.html","2101","element:label","6fe9807abd2be5dceaa9aedb82706985ae9c6d2de79cd1c7caf65b29965d08ba"
"Strap Worn","","","pending-fluent-review","","1","www/modules/service/index.html","2102","element:label","60ef2d75b2407c5dd7eeee84c5b768bea0f3ad74b8c3edcabdf55f4036c6ecea"
"Strap Cracked","","","pending-fluent-review","","1","www/modules/service/index.html","2103","element:label","8a46e8413ff76374d5b4cc1d89e6e3e4d07d217190d9db813c4a3a6a6bf99556"
"Spring Bar Missing","","","pending-fluent-review","","1","www/modules/service/index.html","2105","element:label","f9b359afad63b6f4918102452231ed9f8752e4860a3bbe7a1dd8ee945702c85b"
"Low Battery","","","pending-fluent-review","","1","www/modules/service/index.html","2111","element:label","f7d97d2de3a507a89aad3c56afd6e8c0fee60c5f12225e5ad412be10203e10ec"
"Magnetised","","","pending-fluent-review","","1","www/modules/service/index.html","2113","element:label","e4388c5a10748d1bf7d8365f8e27856171ff2b4ab355efb894d8a10ae680c5af"
"Luminous Missing","","","pending-fluent-review","","1","www/modules/service/index.html","2114","element:label","26477811a125cdd23d8041714a42573f9046cecb9c888f69c1c0af3dbc338ed5"
"Rubber Gasket Worn","","","pending-fluent-review","","1","www/modules/service/index.html","2115","element:label","fc84c828268ef618d9307d411b7b79417ab7af038a07e5b0b93c64982928aa1b"
"Other (specify)...","","","pending-fluent-review","","1","www/modules/service/index.html","2119","attribute:placeholder","986b81ca60f2d81e3674f675b144bdcadb37f1754d4dc893c00568b434f7c22a"
"Initial Diagnosis / Observations","","","pending-fluent-review","","1","www/modules/service/index.html","2133","element:label","cbf69d1ed6628ddd79c6fc7a57861ffe31580936537107635abc3ddc323cfe5c"
"Tech. ID / Initials","","","pending-fluent-review","","1","www/modules/service/index.html","2142","element:label","46561cd1682cd0537185ffabe1d08c5daac0f89fd9ec5e07f6c73a0483a6d13f"
"ID or initials","","","pending-fluent-review","","1","www/modules/service/index.html","2143","attribute:placeholder","c8197f3c5adac18b04e27c27b0efda93a0d438a4fb0204dfffbdb0f42b42f3e6"
"Inspection Date","","","pending-fluent-review","","1","www/modules/service/index.html","2146","element:label","0283e2abb92101de5c1dfb92c5b19225b5424dbfedcb16a4c8414e9fe8951e3c"
"Point Remarks — Company / Brand","","","pending-fluent-review","","1","www/modules/service/index.html","2152","element:label","c42984cc4cbe765763f4f62828c3c9f1549904670b7c02171b5e3691f53cadcb"
"Point Remarks (type to override)","","","pending-fluent-review","","1","www/modules/service/index.html","2156","element:label","1216605a325a18ac7c9c7224f16ca766f7fd85032253a489cd37f244cea9ef33"
"Type or pick a company/brand","","","pending-fluent-review","","1","www/modules/service/index.html","2157","attribute:placeholder","0bbb05460a57f421ee1392258868107826ddd90fe98ec1daee87a33f632bfc62"
"I have read, understood, and agree to the Terms & Conditions above.","","","pending-fluent-review","","1","www/modules/service/index.html","2248","element:label","382ba9c370ccbf22e0fea0bdfd9c195f346cfcc1d74e3249e7b5bcfc45058b50"
"I authorize the service centre to perform the work as described herein.","","","pending-fluent-review","","1","www/modules/service/index.html","2249","element:label","a0af0ad93c5ca58869a911ed4ecdefe11955550ce120f21e49bdea12c8c3f780"
"I agree to pay the estimate (or revised amount, if I approve any changes).","","","pending-fluent-review","","1","www/modules/service/index.html","2250","element:label","c77ab4098fa4ab220ed9ba0c7213cde9227d19a5a4d7474377e38dd3a8ddf34f"
"I confirm the condition report accurately reflects the watch at the time of handover.","","","pending-fluent-review","","1","www/modules/service/index.html","2251","element:label","019c2ed45431c207ebc66f52c279a854297b1ae56f4241143b4f03352b5a3ad0"
"Signature (type name)","","","pending-fluent-review","","1","www/modules/service/index.html","2263","element:label","015044684aba05043053ea270d34feebc1c619a1d5a1bdf9fa66430eba67c2b7"
"Type full name","","","pending-fluent-review","","1","www/modules/service/index.html","2264","attribute:placeholder","ffa246b2e7d13d3ee8aa90519654eebd482b8614cb2d2ef08cb9dfb4677c7578"
"Yes — service order is confirmed.","","","pending-fluent-review","","1","www/modules/service/index.html","2293","element:label","fc48621951da4065b03d68212f86fe5f761cc9ea42f322ad67f591b71bf9641c"
"All work has been completed to my satisfaction.","","","pending-fluent-review","","1","www/modules/service/index.html","2312","element:label","b80b755f29c94cfce0d9a422ff4584c9a0c22caa9a36646f5e6b54ff8c9acb8d"
"The service details and charges have been fully explained to me.","","","pending-fluent-review","","1","www/modules/service/index.html","2313","element:label","644a60fd6f691aded3e7f95f0a1779de6013e0e3dc895a1279426178a3eb241d"
"The watch is in good working condition at the time of collection.","","","pending-fluent-review","","1","www/modules/service/index.html","2314","element:label","8ea9420665a510e9334e75ae24e212fad2fed8812b01eda7b6e54fdcef854d1c"
"All accessories and documents submitted have been returned.","","","pending-fluent-review","","1","www/modules/service/index.html","2315","element:label","55edfdb3df7da900c0fd1ba96ba821bb9690acf01ef6d226f500f187c5a49676"
"I have no further claims against the service centre for this service order.","","","pending-fluent-review","","1","www/modules/service/index.html","2316","element:label","0b3163fa12a7c579b242bf4a4cb20c37f4825624731ca2f9fd61d98fd55f9344"
"Final Amount Charged (₹)","","","pending-fluent-review","","1","www/modules/service/index.html","2332","element:label","c63184cd483c21b59da7279ffe1385258d5aa659ec321aafc46aafce7fd154f1"
"Bank Transfer","","","pending-fluent-review","","1","www/modules/service/index.html","2342","element:label","ee82ae2801cf9097ca2ae82e45f6f7b50614109d64c080b4da6f90517f9ff087"
"Payment Reference No.","","","pending-fluent-review","","1","www/modules/service/index.html","2346","element:label","f5ea1d2027de742dceaa02fcdbc54e98a1796b3a559fd285a1250904c9940222"
"UPI / txn reference","","","pending-fluent-review","","1","www/modules/service/index.html","2347","attribute:placeholder","82d0a82c06e396c32624e4c570446c953b182571a15da01045d6385a4b8a2308"
"Service Warranty (months)","","","pending-fluent-review","","1","www/modules/service/index.html","2354","element:label","256e620c874c1bd9dfdcbad2ce9c4ee128b607e3ae643191f1d9793814cd1dac"
"Prints on the invoice and auto-creates a warranty-expiry reminder when the case is closed","","","pending-fluent-review","","1","www/modules/service/index.html","2355","attribute:title","12d6342aa77f3d642628835b9faad62b3937b206398102e95f8f9d37fd60638f"
"Technician Signature","","","pending-fluent-review","","1","www/modules/service/index.html","2395","element:label","acf22e2f21d19cf81739e652199cb9974e6672203ea3b0babc4893de0bc6845d"
"Service Advisor Signature","","","pending-fluent-review","","1","www/modules/service/index.html","2399","element:label","ac0cf530b908923975b8af1efc359e4cab3187e891d6beac58d521e51176929b"
"Mark as Delivered & Close Case","","","pending-fluent-review","","1","www/modules/service/index.html","2405","element:button","44617f8338cbb49275261920544258836932d5940279dd702afc483fe172359e"
"🧾 Proforma Invoice","","","pending-fluent-review","","2","www/modules/service/index.html","2408","element:button","88445fe8e6db26c68afac4c5438c113508b2c9e30d08e882d0f6fb99b767af51"
"GST tax invoice (service / non-franchise only)","","","pending-fluent-review","","1","www/modules/service/index.html","2409","attribute:title","cb9ca96e138dd5386894ed5f1552d03225046e02cef91be5554171d9e1fe20c0"
"Owner access is required to change this setting","","","pending-fluent-review","","1","www/modules/service/index.html","2471","script-message","09cd95a92d178e8eb8abcb4bd8cd9c3df0f6bd9ec467810d53b9e9347f3c68a1"
"⚠ Use a JPG, PNG or WEBP image","","","pending-fluent-review","","1","www/modules/service/index.html","2492","script-message","930d8131d6608f6a80829e5dbdad39c8c75e0d16427d55d22a3f115b17f1494c"
"⚠ Could not read the image","","","pending-fluent-review","","1","www/modules/service/index.html","2494","script-message","3cb014deabcdf9fde7a7d09870ab166b5f1f500e2749d4038dbcf8f81a77f94c"
"⚠ Could not load the image","","","pending-fluent-review","","1","www/modules/service/index.html","2497","script-message","94d0ef199e290b683f40773f1aa1d7d118b187a88c4158af92a717ca81f8550f"
"⚠ Image processing failed","","","pending-fluent-review","","2","www/modules/service/index.html","2506","script-message","29b3580488debf20264e308bb7376142f48dc8ba0e15e4c425f5202e16126b7e"
"✓ Received-condition photo attached","","","pending-fluent-review","","1","www/modules/service/index.html","2517","script-message","34b705c6b0b61a42383bd6390ba6d0ee597ff5ce17377afb8e7e78886e6612b7"
"✓ After-service photo attached","","","pending-fluent-review","","1","www/modules/service/index.html","2539","script-message","42f17790fed841116cf3ce38017e6a47f0befa74acc6ee29a3c2b23932c9c215"
"🔒 Viewing","","","pending-fluent-review","","1","www/modules/service/index.html","2684","script-message","a29736ffdc80d189ac838edb9e251702996fe012913bab2fd53313c78f3b736b"
"⚠ Service change could not be saved. The last saved workboard was restored.","","","pending-fluent-review","","1","www/modules/service/index.html","2819","script-message","720cdb3f2180045938c78b4e077bc5e9885b818b4823892cd9b8c3313de318ae"
"Customer-safe status copied","","","pending-fluent-review","","1","www/modules/service/index.html","2866","script-message","386e0ab6009acf4327ad19f751b359645874a2a574fdb9cc17baf166902955da"
"Change stage…","","","pending-fluent-review","","1","www/modules/service/index.html","2875","element:option","aaae66ea34dc19147f915ed2557e0ceb65f6522abbfa06234c0166d461c0440a"
"Readiness","","","pending-fluent-review","","1","www/modules/service/index.html","2925","element:button","d53d98c1774966ba468529b735a17d59131becf86e929e1f143bc7f057a73a03"
"⚠ Service transition control unavailable","","","pending-fluent-review","","1","www/modules/service/index.html","2969","script-message","384950a2d888f5751d112aa75b9cff3fe567488511e57f2fc3e50614e6c013ab"
"⚠ This stage change is not available","","","pending-fluent-review","","1","www/modules/service/index.html","2975","script-message","4a640f01275ae487caf0081fab27d9f0d579a16ce1f7acdee80657ac7ff59f74"
"⚠ Service transition context expired","","","pending-fluent-review","","1","www/modules/service/index.html","3022","script-message","da0e7af6f832beb355880ae852e45fd909cf2a8ccdee96744f11b76fcf8ed241"
"⚠ This Service stage changed elsewhere. Review the workboard again.","","","pending-fluent-review","","1","www/modules/service/index.html","3028","script-message","957118d6979a8f24438b349e668e53ebc24a1f35fe62bc67f01b860d0f2f1813"
"⚠ Record the staff member making this change","","","pending-fluent-review","","1","www/modules/service/index.html","3035","script-message","f74bab068c7fa4900e618bc222907af06e2b56b4899ca9f299641b2f8603e37f"
"⚠ Record why this stage change is necessary","","","pending-fluent-review","","1","www/modules/service/index.html","3039","script-message","6044a92900cc06bd2fdcfd23abbda29a7252ab9f89ad8481a1fcaa349c4166b2"
"Owner approval denied. No Service stage was changed.","","","pending-fluent-review","","1","www/modules/service/index.html","3049","script-message","4e1004d5d29834b85648c5032d8e89947cdf611a322b359926e35d1f103fa132"
"⚠ Service cases could not be prepared for saving","","","pending-fluent-review","","1","www/modules/service/index.html","3073","script-message","00160234819afc5f34691978e2fcbb2170ec2de7c1c577809b3ebe6759cd9cea"
"⚠ Service case no longer exists","","","pending-fluent-review","","1","www/modules/service/index.html","3078","script-message","81708a674fa539d5efe2a2a2c2c7af0fcb3be3807185ef9b2efa6fa349c08d38"
"Stage →","","","pending-fluent-review","","1","www/modules/service/index.html","3110","script-message","f68ec9a1d48f648072b47e4e14d212feb5448621d7276577b63dea7ba9102939"
"Notify","","","pending-fluent-review","","1","www/modules/service/index.html","3244","script-message","f4e2b7734cb9eb5a9637e20154677da36116ec60697dd06f270f050e7b27dd89"
"WhatsApp share opens from the app shell.","","","pending-fluent-review","","2","www/modules/service/index.html","3251","script-message","51f81e91f330013a250226f569e139440fc0030254a3fb91bfa12be0e9411777"
"Estimate already marked approved on","","","pending-fluent-review","","1","www/modules/service/index.html","3259","script-message","3522e579771684e63692f0f17fd7d0eb32633b2f77aa69ec46a5404ffc65ebb4"
"✅ Estimate marked approved —","","","pending-fluent-review","","1","www/modules/service/index.html","3271","script-message","28e319e584110747a150e54347c688a9eafa10d253653a1019faf38743f2cb0c"
"‹ Prev","","","pending-fluent-review","","1","www/modules/service/index.html","3407","element:button","ad218904c8503e6aaef406cc3c19e3099494f67391aec670e36725e381e5dd86"
"Autofilled name from customer records","","","pending-fluent-review","","1","www/modules/service/index.html","4051","script-message","7a33eb8fef13c5410673d650b6adb4fa717b920620fea63bb3e7cc9f17ebbb4f"
"⚠ Date Received is required","","","pending-fluent-review","","1","www/modules/service/index.html","4062","script-message","21402b6b7fcfd31124508425b4b3efe2f1a14b412ff46ae75a317ce23cef66bd"
"⚠ Customer name and mobile are required","","","pending-fluent-review","","1","www/modules/service/index.html","4063","script-message","a0fd03044b4406642d2d728f90d7f3b28eaa2a7fedbe033b12f4f02d21b53bfa"
"⚠ Enter a valid mobile number (10 digits)","","","pending-fluent-review","","1","www/modules/service/index.html","4064","script-message","c6603362fa2db85d718c9896f47b7697e1146eac2d224566ffc45af79f747164"
"⚠ Brand and model name are required","","","pending-fluent-review","","1","www/modules/service/index.html","4065","script-message","87c7ba13277b6a0debc9d62169bf2dd18eddee57dcd43bc79f2d8c613e1ade17"
"⚠ A watch photo is required before saving (see Watch Details)","","","pending-fluent-review","","1","www/modules/service/index.html","4066","script-message","a227adae5d55e4b66f6e8fc636cd3497b9c9395c07e4c3433625e52ff90cff98"
"ℹ Existing customer —","","","pending-fluent-review","","1","www/modules/service/index.html","4108","script-message","37003d27cd437455e04f28675e809aad0b6f1b89b5b9fef3f19da60fe34444ce"
"Save the order first","","","pending-fluent-review","","1","www/modules/service/index.html","4114","script-message","916b08b90125d58fb1daa0b4eb329009b54e6c7cf2086d3c89bdb8bf9b4476bc"
"⚠ Complete pickup readiness from the Service Workboard before closing","","","pending-fluent-review","","1","www/modules/service/index.html","4119","script-message","2ba7bee12fcd03b1bc00782e363b1bba9627edb0b7cae0b2b3757e7e110d7360"
"⚠ Complete delivery details before closing","","","pending-fluent-review","","1","www/modules/service/index.html","4137","script-message","d68470c647495f32bf47a17838107c6d153f77dfc255910af231753f37111074"
"⚠ Enter a valid Final Amount before closing","","","pending-fluent-review","","1","www/modules/service/index.html","4143","script-message","8f30476bfe38ac3f7bb0556c4e4dbdad52a852c6311c8c8b246935216da64143"
"✅ Case closed —","","","pending-fluent-review","","1","www/modules/service/index.html","4164","script-message","eae702a1108615aa44e18a27c01f6cf4679d401f1abbb0cd289993974efb9192"
"Delete case","","","pending-fluent-review","","1","www/modules/service/index.html","4170","script-message","15a96f887d20f62e48edaeecf63911608570bd79533ec868f31d1c6a72b0e4aa"
"Deleted —","","","pending-fluent-review","","1","www/modules/service/index.html","4175","script-message","11f4179987c067d66d8e359fe646f17eba77f143a4c33049fb71f638c7b9d9a1"
"Denomination","","","pending-fluent-review","","1","www/modules/service/index.html","4207","element:th","31f78c0857bbe505919ea71628d69d030190de571c79286f210ea3489181419d"
"Save the service order first, then print the Proforma Invoice.","","","pending-fluent-review","","1","www/modules/service/index.html","4450","script-message","e5e69cdc79a0caf7c94992c89803c9fd6d30737cc46c1ad08843bc49a6d8e2f8"
"Save and close the service order first.","","","pending-fluent-review","","1","www/modules/service/index.html","4471","script-message","911564e09b594abd18c4d575fce40146bb20a226d438e4820408f386ca181bdd"
"⚠ Record the Final Amount (close the case) before invoicing","","","pending-fluent-review","","1","www/modules/service/index.html","4475","script-message","c7fa3e77b709c1dab23dc82f6c977f0c69857693de8e31c7c01b4a4da26ca0cd"
"Report engine unavailable","","","pending-fluent-review","","1","www/modules/service/index.html","4482","script-message","2bb1f168de3a3388c471fd36e0caece2b7bfee8130d9d699e2b607a9f7afe019"
"✓ WhatsApp logged to follow-up","","","pending-fluent-review","","1","www/modules/service/index.html","4706","script-message","2140ad3061444254feaa9b58937c6937dab8cbd61ad899fa0fe6ad4b38bbaf45"
"Case not found","","","pending-fluent-review","","1","www/modules/service/index.html","4714","script-message","4f40e4bf86d13fa79245281e335a15269527b23c14e353e52f7f5a51a914da2e"
"⚠ Select a call type","","","pending-fluent-review","","1","www/modules/service/index.html","4721","script-message","a07ad3b2bdbe158bc3661ccc43b482f5ac696d650e3909058d73762361456c71"
"⚠ Pick a date & time","","","pending-fluent-review","","1","www/modules/service/index.html","4722","script-message","96db3cfa78ce960697cac22a634e251c9f7371c5bc87b5db117fa618312be60a"
"✓ Follow-up added","","","pending-fluent-review","","1","www/modules/service/index.html","4731","script-message","6f62c43adc407fbbf45f852bfbcf682901723d41a5a6cacbe92ff306dea2e3b9"
"&times;","","","pending-fluent-review","","1","www/modules/service/index.html","4746","element:button","6e8883d99e3c7fffce05a9ebeef8476bc455261f0bbbbc3b0aa8775bfa091383"
"Outgoing","","","pending-fluent-review","","1","www/modules/service/index.html","4755","element:option","3619cf0b90923a4bd37c31000ea1185061b4b80156782aeb9524272108ae4b3c"
"Visit","","","pending-fluent-review","","1","www/modules/service/index.html","4758","element:option","1c8ac867f052ea4adb4598c4e3789bbf7b5f758cc7ebab7cfe746f180f43f91e"
"Will collect","","","pending-fluent-review","","1","www/modules/service/index.html","4770","element:option","13a81c9b2b76330317135c2c4237942e92b61ca94a8cf74ef891e8c843cba4f4"
"Resolved","","","pending-fluent-review","","1","www/modules/service/index.html","4774","element:option","5be3c2c8354e1eb924b03a3dcc7fa4172e9aa0f4917b46b44fcc7daf8835d7a7"
"Logged by","","","pending-fluent-review","","1","www/modules/service/index.html","4782","element:label","2ab6ea5ab337cfe8f32d0c02544f73a831eb2e6acb7e20f2feab7c35a5961f0f"
"What was discussed / next step…","","","pending-fluent-review","","1","www/modules/service/index.html","4787","attribute:placeholder","89a0dd9ef5230518c08c5398fb6157dbe8f1018951346e22b609dc60f30610ba"
"Submit Day Movements first","","","pending-fluent-review","","1","www/modules/stock/index.html","751","attribute:title","f04ad9085043f13b51deea28a0d4bcdaf9f3acc16569cd58224998fade141cf7"
"SM login required","","","pending-fluent-review","","1","www/modules/stock/index.html","754","attribute:title","1ebdcead9c65917b66f1b29689b58e0a274773bad44e7200df0531d85fe8c69f"
"Mark when physical count is complete","","","pending-fluent-review","","1","www/modules/stock/index.html","792","attribute:title","52297c8c2077beddec00cd27f47ae53d7c3e62ff99a0963bbcdf8565057282f9"
"""Y"" Loc","","","pending-fluent-review","","2","www/modules/stock/index.html","800","element:th","70e08b66a4c2f4ff20cff7c401041b6b76b1c9e211a88f173b9d5f3225162940"
"Submit & Proceed to Closing →","","","pending-fluent-review","","1","www/modules/stock/index.html","825","element:button","4e279d7830b8a5a85f5a118b5fee44b18ade99b1a16028f0e6e84405974655c0"
"Theft / Loss / Shrinkage — reduces closing stock like a sale","","","pending-fluent-review","","1","www/modules/stock/index.html","841","attribute:title","120d9e48af5a3183c3b8ca5cc263f47a66563222e1c93d16d15fa0978d0f7fd9"
"Mark when closing count is complete","","","pending-fluent-review","","1","www/modules/stock/index.html","881","attribute:title","58e77f8748ca17e9858d67dc71161c336efd66d04c8d8d6a45050226194a2526"
"🖨 Print A4","","","pending-fluent-review","","2","www/modules/stock/index.html","912","element:button","18c770f8f2bf85dac604d564fc854bd9fb5926f21f999898fdcc0509717c7c89"
"Theft / Loss / Shrinkage","","","pending-fluent-review","","1","www/modules/stock/index.html","929","attribute:title","7a754f62f860644b28b54b109e855bcde3c69ed41377cccb3c039db716aa1376"
"A brand is a repeat offender when it has a counted variance or theft on at least this many days of the month","","","pending-fluent-review","","1","www/modules/stock/index.html","955","attribute:title","e758f594efe5afc7fc8c6b4b59ce4aa2a8d113dd4a0f6b3dc256d9e2048461a2"
"Offender ≥ 2 days","","","pending-fluent-review","","1","www/modules/stock/index.html","957","element:option","7c097e4913316c30bbf90aa4802515acc072c19ca0832a5a889493a06685857f"
"Offender ≥ 3 days","","","pending-fluent-review","","1","www/modules/stock/index.html","958","element:option","3c434f314062bd8da7134f9fddb8ec642e7ab4ef01516744d972390618baa666"
"Offender ≥ 4 days","","","pending-fluent-review","","1","www/modules/stock/index.html","959","element:option","1a89b2818d8cd0fb1195fb230e749c80e56cd5fe67988ded59c5ffa270d3cad4"
"Offender ≥ 5 days","","","pending-fluent-review","","1","www/modules/stock/index.html","960","element:option","02a74091dbc2a8438a54a4bad8c7183587a26c345a8419379e97a925148184ac"
"Counted","","","pending-fluent-review","","1","www/modules/stock/index.html","975","element:th","c037c15990c592791fc90ae5a033c6706538119572665ffa9c9987d2eab26f91"
"Days where counted physical ≠ closing system","","","pending-fluent-review","","1","www/modules/stock/index.html","976","attribute:title","81bc22c72ae391960522d0a508c3ee806f0c4062673f878f983bc492b0ffea75"
"Total theft / loss units in the month","","","pending-fluent-review","","1","www/modules/stock/index.html","978","attribute:title","67fc013a53cc04015e04f3bfe5261b0c9a9864d9263ef72d3bdc22595c91ec0b"
"CRO Names","","","pending-fluent-review","","1","www/modules/stock/index.html","1030","element:h3","7e73da30fa1838be286e36400fbcd9cdb40f1fbae5c3e556fec5a80b4de5c5ca"
"Enter CRO name","","","pending-fluent-review","","1","www/modules/stock/index.html","1034","attribute:placeholder","9bbe0ef1852ae595b4ff043dc53003a81fdf79fc9e95bf52760cf72efa0d808d"
"Import data (SM only)","","","pending-fluent-review","","1","www/modules/stock/index.html","1049","element:label","cd853077c887c0fb22f6f28e27cc1eb339e5a2f750ab71070d3c8de668d47d86"
"↓ Full Backup JSON","","","pending-fluent-review","","1","www/modules/stock/index.html","1054","element:button","262a78cb1b640fd2db9339d4ffea4ca1c7c202a1c4502b82ddbbaa06d4330f34"
"(SM only)","","","pending-fluent-review","","1","www/modules/stock/index.html","1060","element:h3","28e23d00dd97120ea1230afe17bcb9e7ccf6211131dcfef8dbb67ca890f7006d"
"New brand name (e.g. NEBULA)","","","pending-fluent-review","","1","www/modules/stock/index.html","1064","attribute:placeholder","797a2db59d54d40a8e8702aaa6002f34aa3834a537252e7d2e18d4a3501e6559"
"↺ Reset to defaults","","","pending-fluent-review","","1","www/modules/stock/index.html","1067","element:button","2690786b2692578c1badc9368b72c66eac274a3bb9bab86c944ffef05bf1fd90"
"⚠ Danger Zone","","","pending-fluent-review","","1","www/modules/stock/index.html","1071","element:h3","f9b1ee7fdff4d02a66473db53274ae4cdaaa415a569c5a138f57032eaae1243a"
"Clear ALL data (all stores, all dates)","","","pending-fluent-review","","1","www/modules/stock/index.html","1077","element:label","2f44d0461a12c9a7a6a377de3c8e0afe8cd06e850038c228ff6ed9b52061fc52"
"⚠ Clear Everything","","","pending-fluent-review","","1","www/modules/stock/index.html","1078","element:button","ee66a883440ba4f23efeb9d176a0de714dd032323e5a54c93c00debd082c43ae"
"SM Login","","","pending-fluent-review","","1","www/modules/stock/index.html","1092","element:h3","948cac72117105fc177725c3ae59de6c4a3291d34e53e1d71d18f837714b15c9"
"⚠ Delete Everything","","","pending-fluent-review","","1","www/modules/stock/index.html","1116","element:button","e99cfec4686d2d1b66de362cc5404ae614e844beda45ab6a616fc49b59eb4b96"
"🔒 Lock & Sign Off","","","pending-fluent-review","","1","www/modules/stock/index.html","1132","element:button","a99f76456cb989fd87e4fd1fdbcab6575b2f3811c6834bc2ee58df67b371a47e"
"Reason for re-opening","","","pending-fluent-review","","1","www/modules/stock/index.html","1144","attribute:placeholder","96ecaabe183556739e7824ab30d9f7574f71a9e19c3df3a270b84f0bd6a9c6b1"
"🔓 Unlock & Record","","","pending-fluent-review","","1","www/modules/stock/index.html","1147","element:button","1ff00afd627b2f656230c1526c4291ac789f55cb53386173597f7bcaf4fbed7d"
"Only SM can update variance triage.","","","pending-fluent-review","","1","www/modules/stock/index.html","1541","script-message","4265b097c58a7ab938f50a3f04988b6e3c93b65069b4197bc2ff8be617078fc1"
"Check when physical count is complete","","","pending-fluent-review","","1","www/modules/stock/index.html","1685","attribute:title","e4abc015d25595d01edb9514ead3d8559f51908b059c093a17f28afecc607982"
"Check when closing count is complete","","","pending-fluent-review","","1","www/modules/stock/index.html","1864","attribute:title","d6049a3c6501ef7de47598dfed844d34068086f0bfa17f68aaadbde1d631ef18"
"Triage","","","pending-fluent-review","","1","www/modules/stock/index.html","2042","element:button","4ffbef3c08edfa3878c8357dbe3de3f11c3c74c594d8405f40243390f7f2d118"
"Theft changed — SM verification reset. Verify again at closing lock.","","","pending-fluent-review","","1","www/modules/stock/index.html","2369","script-message","b9b18198c9d8359dfb7284e705f82afe87672cbcf02eafe35a171007f6695f5d"
"Only SM can verify entries.","","","pending-fluent-review","","1","www/modules/stock/index.html","2508","script-message","c7bc1f06ae13034e21d69da5202e5255e097f30eb4c7dc936031a07af042f367"
"Only SM can lock/unlock.","","","pending-fluent-review","","3","www/modules/stock/index.html","2533","script-message","140ef9556345745380d17134b74724ecb76fe37137e55f4631060099ae35c46e"
"Cause not selected","","","pending-fluent-review","","1","www/modules/stock/index.html","2599","element:option","9930e20645970f82e42982bced35c3f3e617be863d5a12363f18fddbd2deda91"
"Closed","","","pending-fluent-review","","1","www/modules/stock/index.html","2605","element:option","c21ead0614e7e1b70edb3759e1d19ca1e12e6036980d10bfb73052fb1a018efa"
"Investigating","","","pending-fluent-review","","1","www/modules/stock/index.html","2605","element:option","13e3869dfd816830d65591c794719556dbd34d418da4c011a98dcd17b82ce8e2"
"Evidence note / variance explanation","","","pending-fluent-review","","1","www/modules/stock/index.html","2608","attribute:placeholder","7d6812f90694cc0fcf7fad98c9f6add0d40013c00bea4934e8935ab375e7ab17"
"I have verified these theft entries (SM)","","","pending-fluent-review","","1","www/modules/stock/index.html","2631","element:label","093b3f51a037ab1e5bc8f85ed4964832ae7f4f49e3b29e5b1ad3649de74401a0"
"Closing locked — sign-off recorded","","","pending-fluent-review","","1","www/modules/stock/index.html","2720","script-message","7a1f0d663f7c4a21cbe5d6faf2dbd15a0e0759d8242d1cc7eb2b3a1015fed5dc"
"Day Movements submitted ✓ Closing Stock is now unlocked.","","","pending-fluent-review","","1","www/modules/stock/index.html","2747","script-message","f2f038cc53141abf82b169b4d60d3b1e3d8981d935dd015555390975912b7f22"
"Reason / incident detail (required)","","","pending-fluent-review","","1","www/modules/stock/index.html","2758","attribute:placeholder","cc33c8f0d7ecc551bfde3ab6a66742d8b4bf718a59c1f3186e876c4ee492297e"
"Only SM can re-open.","","","pending-fluent-review","","2","www/modules/stock/index.html","2793","script-message","8a2778b22854569370517503fc1325873d35446f02b6a2b996dd6c74f524541c"
"Settings is SM-only. Please log in as SM.","","","pending-fluent-review","","1","www/modules/stock/index.html","2869","script-message","43e6b105ad8a2eb6f965c6097b4496f5f41826d9963ce7568cddf662ea665db0"
"Submit Day Movements first before entering Closing Stock.","","","pending-fluent-review","","1","www/modules/stock/index.html","2881","script-message","026b3df0450ef9c56384367751d476720faad20d438d34bf26062ab23fa9b25d"
"SM mode activated.","","","pending-fluent-review","","1","www/modules/stock/index.html","2922","script-message","4b60dc04a8b31016a1eb6ab51844f7834ca5edba0f3a49f0d5d96d18150a5f6d"
"CRO name already exists.","","","pending-fluent-review","","1","www/modules/stock/index.html","2962","script-message","e15038509b35fe4f2020e75f08af12452fcea628a93f05b70a5306fc1cab12f7"
"Only SM can add brands.","","","pending-fluent-review","","1","www/modules/stock/index.html","2983","script-message","6bfce039cb591f3c5957d00d4e468365f8b1110091c0cdc55c28db1f063e7421"
"Brand already exists.","","","pending-fluent-review","","1","www/modules/stock/index.html","2988","script-message","e1a66514109e572eae1838c5e638709695e8017992e85ef23b2eb23f73ecc550"
"Only SM can remove brands.","","","pending-fluent-review","","1","www/modules/stock/index.html","3004","script-message","d4a1ca8a0f2afe2b2365481c17984b6861891cf7b3af85cc91687518c68c9715"
"Only SM can reset brands.","","","pending-fluent-review","","1","www/modules/stock/index.html","3016","script-message","c785cd7773706d86ebe355f7fe1115aba1da77f90d0f3574e07bbd8c105b74f2"
"Reset brand list to factory defaults? Your entered stock data is NOT deleted.","","","pending-fluent-review","","1","www/modules/stock/index.html","3017","script-message","b07210c322b73bebf8745075410468db5bfe8a23085c750edbd7d20827aedc46"
"Brand list reset to defaults.","","","pending-fluent-review","","1","www/modules/stock/index.html","3020","script-message","d1290e5574d3d3d805d1092685994db01a550ebe20c9404566402dff32945c6f"
"Only SM can import data.","","","pending-fluent-review","","1","www/modules/stock/index.html","3135","script-message","a08be19668ffc982fd628ec78647775340fca853f5a5dcbeb56a14a0dbd722e0"
"Invalid JSON — cannot parse file.","","","pending-fluent-review","","1","www/modules/stock/index.html","3142","script-message","822ce8265b5fb52cdfab22d78d988590c9a63d29b71514a83f7c239875834914"
"Import rejected:","","","pending-fluent-review","","1","www/modules/stock/index.html","3147","script-message","f26c8d49e2d3102994cd6e99e05d34627079b6b029da632eca987864809e9948"
"Data imported ✓","","","pending-fluent-review","","1","www/modules/stock/index.html","3150","script-message","a89d712852cb83b63e10ef183697de92eb2b8ca091bfa7ff1216d604bc3e512f"
"Unrecognised file format.","","","pending-fluent-review","","1","www/modules/stock/index.html","3176","script-message","05b94465a1d165284ae612f7d0ab447d21e63e7e6b9e57545cbdda3da9881368"
"Day data cleared.","","","pending-fluent-review","","1","www/modules/stock/index.html","3233","script-message","df9c4d3aede94895384e7579f1178f80dbe3b2a51dfbea13f64d177ccc87d021"
"All data permanently deleted.","","","pending-fluent-review","","1","www/modules/stock/index.html","3254","script-message","1a0830044108aeaaf3b907e0c6864b85a02a3f30824843f68e5538314d9e0283"
"Brands Matched","","","pending-fluent-review","","1","www/modules/stock/index.html","3491","element:h4","15f73fb50e893d4662ee9ed82e0dbfc331832b88f829ae5883794b8120af5086"
"Closing Phys","","","pending-fluent-review","","1","www/modules/stock/index.html","3514","element:th","512c66f4960a9d69c2a91af6778d9b4e54b904b6e4e83332ccf767915b65ddba"
"Closing Sys","","","pending-fluent-review","","1","www/modules/stock/index.html","3514","element:th","41f3e9b6fabd56ad2c5a36be455bbb2aacea350998281a04560f3235bb47f0a8"
"Opening Sys","","","pending-fluent-review","","1","www/modules/stock/index.html","3514","element:th","61743eb52fd0415dbb050d3e568c33571ee03d75e87ff07ab7b27ecdac063065"
"Step","","","pending-fluent-review","","1","www/modules/stock/index.html","3529","element:th","8e6a6cca7aae1d1e781d3ee04849d6b00f7aaf48f7c642f35105e4bf990a8cb4"
"Re-opened","","","pending-fluent-review","","1","www/modules/stock/index.html","3533","element:th","119c1580ba97d507d3aae7f5c91bb411d451c967e13ca5c57dc31442910a0f7d"
"Theft / Loss Units","","","pending-fluent-review","","1","www/modules/stock/index.html","3558","element:h4","01def79fc7ee519c25996d9568373272591ed38c14985b4fa16db01703ab8bae"
"Repeat Offenders","","","pending-fluent-review","","1","www/modules/stock/index.html","3559","element:h4","9905202ece7ed2f485065e7bb7105d1f415a7c0169747adaff467bc98f0cf1e9"
"Offending Days","","","pending-fluent-review","","1","www/modules/stock/index.html","3582","element:th","2b49875f5894d8397ef1977053186ac8f2f0893709d96bd853091a1becbd8f2d"
"🔔 Action Center","","","pending-fluent-review","","1","www/modules/tax/index.html","887","element:button","2d0b4698bdbf710506f43ec94cd6d41bdfd8d577c676b8ae975f9a09c54688f9"
"Download all attached evidence files for this firm and FY as a ZIP","","","pending-fluent-review","","1","www/modules/tax/index.html","891","attribute:title","a93b6c15c3c2d8ad19d1bee2c38136046ed21249af7cc6ecf6f506d0df21bbb3"
"e.g. Sharma Traders","","","pending-fluent-review","","1","www/modules/tax/index.html","929","attribute:placeholder","052cc3ff39b9a86ff4c0709ea3ef1425ab282649b9a4398685de34474be6f471"
"ABCDE1234F","","","pending-fluent-review","","1","www/modules/tax/index.html","933","attribute:placeholder","6442fd73a940c1186d6268bd27f89233e12429902c7805037e8aab6e717be6d9"
"27ABCDE1234F1Z5","","","pending-fluent-review","","1","www/modules/tax/index.html","937","attribute:placeholder","7dbfb6f7d1b86483e7041251c09f4607b896bb8aaaad7172ee747d06bea20194"
"LLP","","","pending-fluent-review","","1","www/modules/tax/index.html","944","element:option","d3942f340ef0e60eeb88d21df46f8a79e589e84b6b297db5c066d4f4cc76eda7"
"QRMP — file GSTR-1 / GSTR-3B quarterly (monthly PMT-06 challans)","","","pending-fluent-review","","1","www/modules/tax/index.html","962","element:label","f7343a4b3caa7862244df72f7a723052349db9d0daa6044e007aea4e03f242ef"
"Tick if this firm opted into the Quarterly Return Monthly Payment scheme (turnover &le; ₹5 crore).","","","pending-fluent-review","","1","www/modules/tax/index.html","962","element:label","b3773ce144117713cde42f878200ac39754c62999032cc0c12caefbc73635c1f"
"Yes — show PF / ESIC / PT","","","pending-fluent-review","","1","www/modules/tax/index.html","968","element:option","5aa6658eb0b2619423f0e8f4905186ce706aad7687dcc696945696542d05a982"
"No — hide payroll filings","","","pending-fluent-review","","1","www/modules/tax/index.html","969","element:option","0afc57ef50577d37baa6c9d8b2439e1f74a60499cf2b81879b3a383866d17a05"
"e.g. Maharashtra, Retail","","","pending-fluent-review","","1","www/modules/tax/index.html","974","attribute:placeholder","f1f33b39006e55c455aaea699ee992478c31342c0c3aead33f15f21a56c7cc9c"
"e.g. Professional Tax – Monthly Return","","","pending-fluent-review","","1","www/modules/tax/index.html","999","attribute:placeholder","f9540e5bfef23e0ef3492a17ae70e60b89d983362d397e56ece30c648bc79215"
"e.g. PT Return on State Portal","","","pending-fluent-review","","1","www/modules/tax/index.html","1029","attribute:placeholder","09ed6cfdaa91c0e461a93edd225bf1ef2bb8f33964778517b53c6b7d6e46a9d8"
"Every month (Apr–Mar)","","","pending-fluent-review","","1","www/modules/tax/index.html","1034","element:label","1f3f5a14547a4919ecff45529fb84ee0502575a5ef3c8adb3ebb7a0dbe5f839f"
"▼ Who / What / Why / Penalty (optional)","","","pending-fluent-review","","1","www/modules/tax/index.html","1037","element:button","009c849cb6b0ee17b5074df1d4ee5ca5457e55b0eca0cd15276d6c90c43dcf65"
"Who this applies to","","","pending-fluent-review","","1","www/modules/tax/index.html","1040","attribute:placeholder","bcdaeeabfe75aa98beee2041e81ab27c2c20a680608471e7ee0844f00e179361"
"What the obligation is","","","pending-fluent-review","","1","www/modules/tax/index.html","1042","attribute:placeholder","2dd851e2b1c9af22d507089fa107b1e3acd129a58e5fc898a2ae0295dd18cc73"
"Legal basis / reason","","","pending-fluent-review","","1","www/modules/tax/index.html","1044","attribute:placeholder","18a1bcff57dda10bda5f9b4ef9d165ba611d9c43ed1eccb7035fd9ffcc69922c"
"Penalty / interest","","","pending-fluent-review","","1","www/modules/tax/index.html","1046","attribute:placeholder","9316adda39a6447ad61a4e94a0c67061340cdfb0c2084336711206d7c7a77a06"
"▼ Ownership / Risk / Checklist / Workflow / Evidence (optional)","","","pending-fluent-review","","1","www/modules/tax/index.html","1050","element:button","31acb86a3b7f4b0539f3bf30de14a8aeb2c394019536b64b770af0d4e1f0a562"
"e.g. Tax Executive","","","pending-fluent-review","","1","www/modules/tax/index.html","1053","attribute:placeholder","2d9109a58bd2fc650ef2d60c97a06723acf5bfd7418f56cfbaf8aec12303d0c8"
"e.g. Compliance Manager","","","pending-fluent-review","","1","www/modules/tax/index.html","1054","attribute:placeholder","4c74eb1bf8e5e8df05741998c91efa1842e4ba6f31869dfc4ccdc313e39a896d"
"(auto)","","","pending-fluent-review","","1","www/modules/tax/index.html","1055","element:option","45961044b3411271a0ec0f1386e10ea0d0197b50ecb9c533defc7a7456f52092"
"auto (3 / 5)","","","pending-fluent-review","","1","www/modules/tax/index.html","1056","attribute:placeholder","916966ae461f89e2bfa934b84e7b510188e3c64c7357729500d80331ccd13cb3"
"Books closed for the period Working papers reviewed Final computation approved","","","pending-fluent-review","","1","www/modules/tax/index.html","1059","attribute:placeholder","f7ab362366fb2dfdea51e525686fbcc73a4000c8913585db98cfe1a50c7ea722"
"Prepare data pack Reviewer check and approval File and store evidence","","","pending-fluent-review","","1","www/modules/tax/index.html","1061","attribute:placeholder","c65cec9ac1fb70009ce81b4430696d0d28163e476fa001544cb93c59c0e5cc53"
"Challan Filed return PDF Working reconciliation","","","pending-fluent-review","","1","www/modules/tax/index.html","1063","attribute:placeholder","99e0e9d12ead593f95a8631a5440ddb01ffef54386b219f87369a21a0f723055"
"Please enter a firm name.","","","pending-fluent-review","","1","www/modules/tax/index.html","2296","script-message","b2803be0c535f93890a5d96b93d876eff4f3e590d2e25ae2c6e95434cd883ac0"
"Delete this firm and all its compliance records?","","","pending-fluent-review","","1","www/modules/tax/index.html","2343","script-message","cdd9419540725a713092762210066f9ab889ca8c169228bb84b5b94b37c79dcc"
"Please enter an obligation name.","","","pending-fluent-review","","1","www/modules/tax/index.html","2485","script-message","a059e175a4a50ca25fddf4e7974420878768cf9497229b05a6b32978bd12d2aa"
"Please select at least one applicable month.","","","pending-fluent-review","","1","www/modules/tax/index.html","2487","script-message","3d55db8121e1fee6064df69f30a43a90538179bad0d4005fd3f21f413252b586"
"Delete this custom obligation? It will be removed from the calendar.","","","pending-fluent-review","","1","www/modules/tax/index.html","2562","script-message","b51493cf8ae7ef2350ff08fbea5b755c5383165ff049ea0596b6c292bc92300c"
"Select a firm first to export its compliance register.","","","pending-fluent-review","","1","www/modules/tax/index.html","3080","script-message","67c9d4167f1d1d166299700e71df029cce693c381d8f594b64f1431a339e7465"
"Select a firm first to export its evidence pack.","","","pending-fluent-review","","1","www/modules/tax/index.html","3155","script-message","3af9b2b90658b68ddc1fcc2887009f0695811aa33f7535d1d05593fd1c3236b0"
"Evidence store unavailable on this device.","","","pending-fluent-review","","1","www/modules/tax/index.html","3157","script-message","9a58c6b133e8ef7cfd9bffbf4bf53dbb3ca2957b14a1c935ce67e190cbf646e9"
"No evidence files are attached for","","","pending-fluent-review","","1","www/modules/tax/index.html","3165","script-message","94d934deaa85887f7882fad085e01f650326f28725fb790f3268ea20f8e68720"
"ZIP support could not be loaded on this device.","","","pending-fluent-review","","1","www/modules/tax/index.html","3167","script-message","505faa85d8d093b203207584090b3dadb7ae5e15c8a411586c1842aaf8a37acd"
"The evidence files for","","","pending-fluent-review","","1","www/modules/tax/index.html","3198","script-message","16a26a01dc6fe534b999529bb605b29412896602ccafeba4218baa9bb3707212"
"Could not build the evidence ZIP.","","","pending-fluent-review","","1","www/modules/tax/index.html","3204","script-message","e94e97b7c12887c1dc00f142aaebcec5019ff4dca4269cf5eb8f1fe7f790657b"
"Select a firm first to send its CA compliance pack.","","","pending-fluent-review","","1","www/modules/tax/index.html","3214","script-message","650cbeae87fad995a709662262ccc59bd665f86aff4911bdcf5ce36bfe0e18f0"
"WhatsApp sharing is available inside the Saagar app.","","","pending-fluent-review","","1","www/modules/tax/index.html","3221","script-message","4316661a0ff6fb54fbfa7d4e8391abe7a14dae6e2003af774e15dc719efc92aa"
"🔒 Viewing a past date (","","","pending-fluent-review","","4","www/modules/tax/index.html","3267","script-message","d38f4a82d6977fa02bf4a1db544f6a945de102baa9c2faae3995f00a92deac7b"
"This item is marked Not Applicable (NA) and is read-only. Remove NA first to change its status.","","","pending-fluent-review","","1","www/modules/tax/index.html","3268","script-message","3f6fbb4fbd4cdfe02a146d09f1704858077f5062d1c8c312db741fcb5322047f"
"Please select a firm first.","","","pending-fluent-review","","3","www/modules/tax/index.html","3270","script-message","856ff9a412d134a226ee1ca7f07c133a9988b2aa2e57a5e2ab30f9b3820ab313"
"🔒 Viewing a past date — read-only.","","","pending-fluent-review","","1","www/modules/tax/index.html","3396","script-message","986ce8abe926d071378757c32c992051c063d56d412b4b9ce3374aa3d98acae6"
"Remove this evidence file?","","","pending-fluent-review","","1","www/modules/tax/index.html","3398","script-message","4621c6a81e44232654bee256cbbce25dd0a125f96818fe926392f1ca9bb98d74"
"Please select a firm before attaching evidence (files are stored per firm).","","","pending-fluent-review","","1","www/modules/tax/index.html","3404","script-message","399b5523bb7b166cd7d0f9bd40b1d9933e714328fbf4f2b1713349391b913726"
"This item is marked Not Applicable (NA) and is read-only. Remove NA first to record a filing.","","","pending-fluent-review","","1","www/modules/tax/index.html","3513","script-message","0ba2e7d5794eea6eb640df0f116551e5e33c655a057c1d7cb7f7af2774988525"
"Select a firm","","","pending-fluent-review","","1","www/modules/tax/index.html","3554","element:a","ed3da6a0b8ca3952ea6576af0e83cdc3caca125ca6545e4902133d9a398d24ee"
"NA ( )","","","pending-fluent-review","","1","www/modules/tax/index.html","3558","element:button","3b41f8bb26e0a0ed04e47c183737be7849e802ab7a3571422109820a40c43d7d"
"Challan / return / working file ref","","","pending-fluent-review","","1","www/modules/tax/index.html","3566","attribute:placeholder","e1d291a2dd5897193a9b41fdbba344d63bcc67c782ca8b2f6f0f406c8ec078f4"
"Not Applicable — read-only Undo completion Mark as completed","","","pending-fluent-review","","1","www/modules/tax/index.html","3566","attribute:title","22049927104f4f7f85f80e69eacee90505e2ef1b0ed0dc806424ab4e45b93b99"
"✓ Not Applicable (NA) Mark Not Applicable (NA)","","","pending-fluent-review","","1","www/modules/tax/index.html","3566","element:button","2a733409a974d5e6e1722ba7e4e05d634dac748955cf7faa53beca0de4309537"
"👀 Reviewer:","","","pending-fluent-review","","1","www/modules/tax/index.html","3566","element:label","2c7902610f35ece295bb8cc677c1fd58dc0948ac55a234be564d879393057795"
"📅 Filed on:","","","pending-fluent-review","","1","www/modules/tax/index.html","3566","element:label","96454e9dbf0f55f3878d4b6ed6ce3bee0c17952cb6facad059b68301e8ad04aa"
"📎 Files:","","","pending-fluent-review","","1","www/modules/tax/index.html","3566","element:label","d84af180cfcc848e428eeac40e0a0cbab75fe188d003bfbe2c2ec9f939b4f619"
"💬 Send CA pack (WhatsApp)","","","pending-fluent-review","","1","www/modules/tax/index.html","3605","element:button","d4ab5990ab6b10dc6593220abf5d48da938725489c2b075c4b23e844f6d2fd25"
