"english","mr","hi","decision","reviewer","occurrences","first_path","first_line","first_kind","text_sha256"
"cross-checks","उलट तपासणी","क्रॉस-चेक","translate","sagarbora91","1","www/index.html","4322","element:summary","ce3d05e4743923f5da98f978c9a8ef6a5e5c9ed06bf3c4da9e253d3532ecafb8"
"Reconciliation","ताळमेळ","मिलान","translate","sagarbora91","1","www/index.html","4322","element:summary","c24d50c6e956930478448e49d4c39a311d845aea4b0bd2b0355e912975294cd5"
"Source A","स्रोत ए","स्रोत ए","translate","sagarbora91","1","www/index.html","4325","element:th","f72338465fc2cf2f1a63981f0288d2085e08249261311bb68a20a021db354f06"
"Source B","स्रोत बी","स्रोत बी","translate","sagarbora91","1","www/index.html","4325","element:th","6f0f415dec910c547a8d03223d224bdcca7f0fd6b96cac66b5552d103e35307e"
"recent cross-module flow","अलीकडील क्रॉस-मॉड्यूल प्रवाह","हालिया क्रॉस-मॉड्यूल प्रवाह","translate","sagarbora91","1","www/index.html","4330","element:summary","e8292180404bf0e4140496f21a83eb0780a056dfc5c3e67c7e7606a6542d2884"
"Sync activity","समक्रमण क्रियाकलाप","सिंक गतिविधि","translate","sagarbora91","1","www/index.html","4330","element:summary","eb7e28e47476057990ac3515f9f399113c92f9a1b3e22a8f2951dfa4fdf63332"
"Copied to clipboard","क्लिपबोर्डवर कॉपी केले","क्लिपबोर्ड पर कॉपी किया गया","translate","sagarbora91","1","www/index.html","4337","script-message","d37078fe6a1faa15fc48c293dd1d4c37698eb0cfafae8ca1c456b0cc4600db11"
"Copy not supported","कॉपी समर्थित नाही","प्रतिलिपि समर्थित नहीं है","translate","sagarbora91","1","www/index.html","4339","script-message","075b8c67cc57bfc5ff780e21dd4e460ac4c4d801af43aa07f3ca7b547e0dd827"
"No WhatsApp messages available yet","अद्याप कोणतेही WhatsApp संदेश उपलब्ध नाहीत","अभी तक कोई व्हाट्सएप संदेश उपलब्ध नहीं है","translate","sagarbora91","1","www/index.html","4942","script-message","23cd9cf85b3ff40169345005207a414782f2bf9f08ad85e4a81f834185042ed3"
"Message","संदेश","संदेश","translate","sagarbora91","1","www/index.html","4960","element:label","2f77668a9dfbf8d5848b9eeb4a7145ca94c6ed9236e4a773f6dcafa5132b2f91"
"Preview (edit before sending)","पूर्वावलोकन (पाठवण्यापूर्वी संपादित करा)","पूर्वावलोकन (भेजने से पहले संपादित करें)","translate","sagarbora91","1","www/index.html","4961","element:label","9304bce26d2c92570fbcae6c81efdd38f65e89544eb3169152de8f95a434d071"
"Recipient","प्राप्तकर्ता","प्राप्तकर्ता","translate","sagarbora91","1","www/index.html","4992","element:label","51fac985e95345d90b3c8a69f5e60003cbbd47a06efdcf0270d76be85b408657"
"Recipient / record","प्राप्तकर्ता / रेकॉर्ड","प्राप्तकर्ता/रिकॉर्ड","translate","sagarbora91","1","www/index.html","4998","element:label","68854ae3a1c58674e36db07f6aa8e7ffa088b0a09bba394c4091d2d682d1d21b"
"Type to search — name, number or ID…","शोधण्यासाठी टाइप करा — नाव, क्रमांक किंवा ID…","खोजने के लिए टाइप करें - नाम, नंबर या ID...","translate","sagarbora91","1","www/index.html","4999","attribute:placeholder","0f485ce91ea59eefa46149a12e18b324a9f67116557e9abe3b54fc80610a8f4f"
"No matching records","कोणतेही जुळणारे रेकॉर्ड नाहीत","कोई मेल खाता रिकॉर्ड नहीं","translate","sagarbora91","1","www/index.html","5034","element:option","4f36612ecc081b9b7c7b6b49137b8ebbc52ce27adaa9fc06866f9f99184bd363"
"Nothing to send — pick a record and message","पाठवण्यासाठी काहीही नाही — रेकॉर्ड आणि संदेश निवडा","भेजने के लिए कुछ नहीं - एक रिकॉर्ड और संदेश चुनें","translate","sagarbora91","1","www/index.html","5056","script-message","278a7666b3683101644a42829300db8dc41a7a4e822c4bb9437d5313c5bee313"
"File downloaded","फाइल डाउनलोड केली","फ़ाइल डाउनलोड हो गई","translate","sagarbora91","1","www/index.html","5157","script-message","1c26d0ce7773244eb8e7d98c553c5949a5aa762a7eb96363eae533b3c5cde3c4"
"Saved as text file","मजकूर फाइल म्हणून जतन","पाठ फ़ाइल के रूप में सहेजा गया","translate","sagarbora91","1","www/index.html","5160","script-message","70d7a9c260782c18a75e271f1091bb276ed1ab003bb38b265a33222560ae3b2a"
"Share blocked — fresh owner export approval is required.","शेअर करणे अवरोधित आहे — मालकाची नवीन निर्यात मंजुरी आवश्यक आहे.","शेयर करना अवरुद्ध है — मालिक की नई निर्यात मंज़ूरी आवश्यक है।","translate","sagarbora91","1","www/index.html","5170","script-message","328587d2fef3df370487b11f6275fdb9ad3d51bc0fbb7d69c29a0662357ba3fd"
"WhatsApp could not be opened.","WhatsApp उघडता आले नाही.","व्हाट्सएप नहीं खुल सका.","translate","sagarbora91","1","www/index.html","5463","script-message","eae39e6d674207806ee6b41694d2e62ef6bdd8bc3196532f2d339c4a21d78d8d"
"Dept","विभाग","विभाग","translate","sagarbora91","1","www/index.html","5505","element:th","1b2d7344da44727407be5522c67d5e62191bb40768c5422b0a278fe0023f1f29"
"Un-archive: re-enable sign-in. Owner re-sets their PIN.","संग्रहण रद्द करा: साइन-इन पुन्हा-सक्षम करा. मालक त्यांचा PIN पुन्हा सेट करतो.","अन-संग्रह: साइन-इन पुनः सक्षम करें। स्वामी अपना PIN पुनः सेट करता है.","translate","sagarbora91","1","www/index.html","5521","attribute:title","1e6ed3cc912e4ef7c7347ea6344b8177785e56fbcce16fa1de9d522c6c7bf4ee"
"Name cannot be blank","नाव रिक्त असू शकत नाही","नाम रिक्त नहीं हो सकता","translate","sagarbora91","1","www/index.html","5592","script-message","b2e29ddbb5cc7555cbe1e412756ad9885d5f69c3c607b0bd4ca47167bd60f9e1"
"No employees selected","कोणतेही कर्मचारी निवडले नाहीत","कोई कर्मचारी चयनित नहीं","translate","sagarbora91","1","www/index.html","5655","script-message","f483d893b67f6e75890068b390277a5986249f6cfc25d7afec146511c32250bd"
"Recovery passphrase must be at least 12 characters.","पुनर्प्राप्ती सांकेतिक वाक्यांश किमान 12 वर्णांचा असणे आवश्यक आहे.","पुनर्प्राप्ति पासफ़्रेज़ कम से कम 12 अक्षर का होना चाहिए.","translate","sagarbora91","1","www/index.html","5689","script-message","59c61084929292b23abcf67591b4f26faf5575b11537b0faeaa97b0724218be5"
"Passphrases did not match. Backup was not created.","सांकेतिक वाक्यांश जुळले नाहीत. बॅकअप तयार केला नाही.","पासफ़्रेज़ मेल नहीं खाते. बैकअप नहीं बनाया गया.","translate","sagarbora91","1","www/index.html","5694","script-message","54f9a7e0b44364eccf815bd028c72d8bcdc87721f3564fd1965432da4de65692"
"Automatic off-device backup is unavailable in this build.","या बिल्डमध्ये स्वयंचलित ऑफ-डिव्हाइस बॅकअप अनुपलब्ध आहे.","इस बिल्ड में स्वचालित ऑफ-डिवाइस बैकअप उपलब्ध नहीं है।","translate","sagarbora91","1","www/index.html","5705","script-message","93685b8d08d9fe193ed21a2103dc7101ba91a2db07197bd6ebb766d23bc78b29"
"Choose a Drive or OneDrive folder, then approve the standing backup permission.","ड्राइव्ह किंवा OneDrive फोल्डर निवडा, नंतर स्थायी बॅकअप परवानगी मंजूर करा.","एक ड्राइव या वनड्राइव फ़ोल्डर चुनें, फिर स्थायी बैकअप अनुमति को मंजूरी दें।","translate","sagarbora91","1","www/index.html","5706","script-message","1a898d092a017bc1284c26f077af45fb93b38e97b4fd6348efa7e6a118317c91"
"Automatic encrypted off-device backup is active and verified.","स्वयंचलित एन्क्रिप्टेड ऑफ-डिव्हाइस बॅकअप सक्रिय आणि सत्यापित आहे.","स्वचालित एन्क्रिप्टेड ऑफ-डिवाइस बैकअप सक्रिय और सत्यापित है।","translate","sagarbora91","1","www/index.html","5707","script-message","f0f4ae57c875ac7c9f6aa73eed172f60e647ae78604e50ea9554a4cc4262dc79"
"Automatic backup setup failed:","स्वयंचलित बॅकअप सेटअप अयशस्वी:","स्वचालित बैकअप सेटअप विफल:","translate","sagarbora91","1","www/index.html","5708","script-message","c1be8eef4b9c2ec29a20e0b5824d98150d26479f99463280b7dafaf5c3ce76be"
"Automatic off-device backup is unavailable.","स्वयंचलित ऑफ-डिव्हाइस बॅकअप अनुपलब्ध आहे.","स्वचालित ऑफ-डिवाइस बैकअप उपलब्ध नहीं है.","translate","sagarbora91","1","www/index.html","5712","script-message","a66abc55d5bf9916ebbb06b76853c2719faac5c42b426e6b0e5d6d2090a36ed9"
"Preparing and verifying the off-device backup…","ऑफ-डिव्हाइस बॅकअप तयार आणि सत्यापित करत आहे...","ऑफ-डिवाइस बैकअप तैयार और सत्यापित किया जा रहा है…","translate","sagarbora91","1","www/index.html","5713","script-message","39d24e7a06ff9f58d8c4fdd0f8b3f842e3dd2b3d72cf5e8ffc7528d2e60c8a6c"
"Off-device backup failed:","ऑफ-डिव्हाइस बॅकअप अयशस्वी:","ऑफ-डिवाइस बैकअप विफल:","translate","sagarbora91","1","www/index.html","5715","script-message","90f5425148e0db9425dc9a68890d3679a6c1d76f6660a9ef29b49f7de05fbb8d"
"Disable automatic off-device backup and remove this folder permission? Existing backup files will remain in the selected provider.","स्वयंचलित ऑफ-डिव्हाइस बॅकअप अक्षम करा आणि हे फोल्डर परवानगी काढायची? विद्यमान बॅकअप फायली निवडलेल्या प्रदात्यामध्ये राहतील.","स्वचालित ऑफ-डिवाइस बैकअप अक्षम करें और इस फ़ोल्डर की अनुमति हटा दें? मौजूदा बैकअप फ़ाइलें चयनित प्रदाता के पास रहेंगी।","translate","sagarbora91","1","www/index.html","5719","script-message","6f139ec0e20209a11095c77528b6357c07e30ab9bfe89188cc0649b08cac765c"
"Automatic off-device backup disabled.","स्वयंचलित ऑफ-डिव्हाइस बॅकअप अक्षम.","स्वचालित ऑफ-डिवाइस बैकअप अक्षम किया गया.","translate","sagarbora91","1","www/index.html","5720","script-message","50fcf6f3a7381813d39c2d720323464fc56a6b3db91551635e507050e871815c"
"Could not disable automatic backup:","स्वयंचलित बॅकअप अक्षम करणे शक्य झाले नाही:","स्वचालित बैकअप अक्षम नहीं किया जा सका:","translate","sagarbora91","1","www/index.html","5721","script-message","048fc9aca58391a41c539320b94030a2d71bb1da35aa6670457e3414a5f5c29d"
"DAT-02 device test is unavailable.","DAT-02 डिव्हाइस चाचणी अनुपलब्ध आहे.","DAT-02 डिवाइस परीक्षण अनुपलब्ध है.","translate","sagarbora91","1","www/index.html","5725","script-message","4f170c24fefa610ffa815f833104c94f632a93b553f3aa59b7a69d720ede95ba"
"Run five real encrypted database saves now? Keep this screen open for about one minute.","पाच रिअल एनक्रिप्टेड डेटाबेस सेव्ह आता चालवायचे? ही स्क्रीन सुमारे एक मिनिट उघडी ठेवा.","अभी पाँच वास्तविक एन्क्रिप्टेड डेटाबेस सेव चलाएँ? इस स्क्रीन को लगभग एक मिनट तक खुला रखें।","translate","sagarbora91","1","www/index.html","5726","script-message","b81a9469eed3db96537ad22b595b8cfb05766170f1ae13e752295ed9b51cc627"
"Running DAT-02 storage test…","DAT-02 स्टोरेज चाचणी चालवत आहे...","DAT-02 भंडारण परीक्षण चल रहा है…","translate","sagarbora91","1","www/index.html","5727","script-message","1f8b914dbb5847b50b52c4cf4dd35945268eae6a8f8c5d66c609810cfe2c3f92"
"DAT-02 test failed:","DAT-02 चाचणी अयशस्वी:","DAT-02 परीक्षण विफल:","translate","sagarbora91","1","www/index.html","5731","script-message","e07505166bba134dca868c9a05b0ceecb2c33ff824c0e22ef26dba6d725c74ee"
"Preparing full migration export…","संपूर्ण स्थलांतर निर्यात तयार करत आहे...","पूर्ण माइग्रेशन निर्यात तैयार किया जा रहा है...","translate","sagarbora91","1","www/index.html","5759","script-message","484b5b30a69c77ac90429d63a51159cb8304a7df5eec88647095c879e14dfc21"
"Encrypting backup…","बॅकअप कूटबद्ध करत आहे...","बैकअप एन्क्रिप्ट किया जा रहा है...","translate","sagarbora91","1","www/index.html","5803","script-message","8fc8833aba5755c7854d239ed3689bd70aa23a1985761a124ce7818eddcc096a"
"Encrypted backup downloaded. Keep its recovery passphrase safe.","एन्क्रिप्टेड बॅकअप डाउनलोड केला. त्याचा पुनर्प्राप्ती सांकेतिक वाक्यांश सुरक्षित ठेवा.","एन्क्रिप्टेड बैकअप डाउनलोड किया गया. इसके पुनर्प्राप्ति पासफ़्रेज़ को सुरक्षित रखें.","translate","sagarbora91","1","www/index.html","5824","script-message","9338c41ba46a630e7ce8a08e66236030ca36778da38489d1c7d0aa15ec1b1361"
"Backup encryption failed:","बॅकअप एन्क्रिप्शन अयशस्वी:","बैकअप एन्क्रिप्शन विफल:","translate","sagarbora91","1","www/index.html","5827","script-message","80ab5735d0d1f229f40adda0a9fce905b49a9737067a6c0447c08d09a8dcc081"
"Preparing fresh portable backup…","ताजे पोर्टेबल बॅकअप तयार करत आहे...","ताज़ा पोर्टेबल बैकअप तैयार किया जा रहा है...","translate","sagarbora91","1","www/index.html","5882","script-message","a7f3bbff6b95420bf1a47a112eeb572bc6ff885e487cefe969ec501a8acf97a7"
"Encrypting portable backup…","पोर्टेबल बॅकअप एन्क्रिप्ट करत आहे...","पोर्टेबल बैकअप एन्क्रिप्ट किया जा रहा है...","translate","sagarbora91","1","www/index.html","5887","script-message","bfdf000d8c43c3008fc08be6810e22fc163a460673051695e504dff3c04d23db"
"Encrypted backup downloaded (Share to Drive works in the installed app)","एन्क्रिप्टेड बॅकअप डाउनलोड केला (इंस्टॉल केलेल्या ॲपमध्ये ड्राइव्हवर शेअर करा)","एन्क्रिप्टेड बैकअप डाउनलोड किया गया (शेयर टू ड्राइव इंस्टॉल किए गए ऐप में काम करता है)","translate","sagarbora91","1","www/index.html","5904","script-message","af24b3ec5b3e8e78721923a158c583a02bf38ed13cab9636cb1cbfea60a42ea4"
"Did you finish saving or sending this encrypted backup outside this phone? Tap OK only if it is now in Google Drive, WhatsApp, email, or another off-device location.","तुम्ही या फोनच्या बाहेर हा एनक्रिप्टेड बॅकअप सेव्ह करणे किंवा पाठवणे पूर्ण केले आहे का? ते आता Google Drive, WhatsApp, ईमेल किंवा इतर ऑफ-डिव्हाइस स्थानावर असल्यासच OK वर टॅप करा.","क्या आपने इस एन्क्रिप्टेड बैकअप को इस फ़ोन से बाहर सहेजना या भेजना समाप्त कर दिया है? ओके पर तभी टैप करें जब यह अब गूगल ड्राइव, व्हाट्सएप, ईमेल या किसी अन्य ऑफ-डिवाइस लोकेशन पर हो।","translate","sagarbora91","1","www/index.html","5912","script-message","4e9157419ad727e2c4b3c535d4847b3aff803e2c34d17573f456858495ea3d7b"
"Off-device reminder unchanged — share again after saving the file.","ऑफ-डिव्हाइस रिमाइंडर अपरिवर्तित — फाइल सेव्ह केल्यानंतर पुन्हा शेअर करा.","ऑफ-डिवाइस अनुस्मारक अपरिवर्तित - फ़ाइल को सहेजने के बाद फिर से साझा करें।","translate","sagarbora91","1","www/index.html","5916","script-message","66dcd15eb10b4fc37825a67d3221a094f45069e66a5b8f2eabac1ef01e8181ad"
"Backup shared, but its reminder date could not be saved.","बॅकअप शेअर केला, पण त्याची रिमाइंडर तारीख सेव्ह केली जाऊ शकली नाही.","बैकअप साझा किया गया, लेकिन इसकी अनुस्मारक तिथि सहेजी नहीं जा सकी.","translate","sagarbora91","1","www/index.html","5922","script-message","6b2cb6f4ac203c8e7aad0eb92636a128e48d6ed60ca6349c9da6e829c4098c81"
"Encrypted off-device backup confirmed","एनक्रिप्टेड ऑफ-डिव्हाइस बॅकअप पुष्टी केली","एन्क्रिप्टेड ऑफ-डिवाइस बैकअप की पुष्टि की गई","translate","sagarbora91","1","www/index.html","5926","script-message","585434ebb089f9d32e6fb9289452a77bfc18248433f76428093c1630cffeaa11"
"Device backup unavailable here","डिव्हाइस बॅकअप येथे उपलब्ध नाही","डिवाइस बैकअप यहां उपलब्ध नहीं है","translate","sagarbora91","1","www/index.html","6002","script-message","56b8af2e25f006831dfce1b91d6cb597c6bc856768ca29c01f8632613a4836d3"
"No on-device auto-backup found yet","अद्याप कोणतेही ऑन-डिव्हाइस स्वयं-बॅकअप आढळले नाही","अभी तक कोई ऑन-डिवाइस ऑटो-बैकअप नहीं मिला","translate","sagarbora91","1","www/index.html","6004","script-message","59d856a9caab72450851293084ebd45ba8b0293e79a7b40c99ec7591e6cd946b"
"Device backup is too large (>64 MB) — restore aborted.","डिव्हाइस बॅकअप खूप मोठा आहे (>64 MB) — पुनर्संचयित करणे रद्द केले आहे.","डिवाइस बैकअप बहुत बड़ा है (>64 एमबी) - पुनर्स्थापना निरस्त।","translate","sagarbora91","1","www/index.html","6017","script-message","459f5b3cb506151ed184ce94db502b4b84227ff36bd901c545e24def86a9ed3c"
"Remove old shared-storage backups","जुने शेअर केलेले-स्टोरेज बॅकअप काढा","पुराने साझा-भंडारण बैकअप हटाएँ","translate","sagarbora91","1","www/index.html","6033","element:button","08ca85ba605e581701fd6d708be92ddadbd9b2d481d18242a0f28322a94a3124"
"Not available here","येथे उपलब्ध नाही","यहां उपलब्ध नहीं है","translate","sagarbora91","1","www/index.html","6036","script-message","3a63b49daae87a62bf4445217a7c04637dfe3936369b98bddaf0c55e5c19faf6"
"Remove the old daily backups from the shared Documents/SaagarBCC-Backups/ folder? This deletes ONLY the auto-backup files (backup-*.json, latest.json) — your pre-reset safety backups and archived record exports are NOT touched. Confirm you have a fresh off-device backup (Back up → Share to Drive) first.","शेअर केलेल्या Documents/SaagarBCC-Backups/फोल्डरमधून जुने दैनिक बॅकअप काढायचे? हे केवळ स्वयं-बॅकअप फायली हटवते (backup-*.json, latest.json) — तुमचे पूर्व-रीसेट सुरक्षा बॅकअप आणि संग्रहित रेकॉर्ड निर्यात यांना स्पर्श केला जात नाही. तुमच्याकडे नवीन ऑफ-डिव्हाइस बॅकअप असल्याची खात्री करा (बॅक अप → ड्राइव्हवर शेअर करा).","साझा Documents/SaagarBCC-Backups/फ़ोल्डर से पुराने दैनिक बैकअप हटाएं? यह केवल ऑटो-बैकअप फ़ाइलें (backup-*.json, latest.json) हटाता है - आपके पूर्व-रीसेट सुरक्षा बैकअप और संग्रहीत रिकॉर्ड निर्यात को छुआ नहीं जाता है। पहले पुष्टि करें कि आपके पास ताज़ा ऑफ-डिवाइस बैकअप (बैकअप → ड्राइव पर साझा करें) है।","translate","sagarbora91","1","www/index.html","6037","script-message","22a7f917e84f5a832e9532c72267a9c9f55934799f5d6cefb7706508228fb3a5"
"Could not remove old backups","जुने बॅकअप काढू शकलो नाही","पुराने बैकअप नहीं निकाले जा सके","translate","sagarbora91","1","www/index.html","6047","script-message","33626325fbc9b8df50d4ce916c67407e495cffd75d2ac41d03ea38a8731fa2d0"
"Backup file is too large (>64 MB) — restore aborted.","बॅकअप फाइल खूप मोठी आहे (>64 MB) — पुनर्संचयित करणे रद्द केले आहे.","बैकअप फ़ाइल बहुत बड़ी है (>64 एमबी) - पुनर्स्थापना निरस्त की गई।","translate","sagarbora91","1","www/index.html","6071","script-message","5160c2c76f607c2bc01f57d204884164b06dafdf942a2c3288cea3a6ea446315"
"Could not read backup file","बॅकअप फाइल वाचता आली नाही","बैकअप फ़ाइल नहीं पढ़ सका","translate","sagarbora91","1","www/index.html","6073","script-message","9dc2e9898a41acb8ef2942f7e855333f9d26d5d69a0a19fca506e55ab6c939d8"
"Could not decrypt this backup","हा बॅकअप डिक्रिप्ट करू शकलो नाही","इस बैकअप को डिक्रिप्ट नहीं किया जा सका","translate","sagarbora91","1","www/index.html","6086","script-message","fa18db53c25645843ae935b0ba38598c398f972857ea7492effd41b92c130466"
"Could not read backup file:","बॅकअप फाइल वाचू शकलो नाही:","बैकअप फ़ाइल नहीं पढ़ सका:","translate","sagarbora91","1","www/index.html","6087","script-message","d494e1a6466776183e4d0e5cf743be98eb33af9d63566fa38cfe7342325c7bb5"
"Restore failed: invalid backup file.","पुनर्संचयित अयशस्वी: अवैध बॅकअप फाइल.","पुनर्स्थापना विफल: अमान्य बैकअप फ़ाइल।","translate","sagarbora91","1","www/index.html","6093","script-message","a4878597f5c33eb0c23191fb7173d6509526d729df4451e13dc9995401c13b3d"
"Decrypting and checking backup…","डिक्रिप्ट करत आहे आणि बॅकअप तपासत आहे...","डिक्रिप्ट किया जा रहा है और बैकअप की जाँच की जा रही है…","translate","sagarbora91","1","www/index.html","6096","script-message","95eb24e90eeaea7205b7237eb1113f994e9d19aa89ee1e28fd069a83d37bb7b0"
"This is an older unencrypted backup. Only continue if you created it and trust where it came from. New portable backups use the encrypted .sccbak format.","हा जुना अनएनक्रिप्ट केलेला बॅकअप आहे. तुम्ही ते तयार केले आणि ते कुठून आले यावर विश्वास ठेवला तरच सुरू ठेवा. नवीन पोर्टेबल बॅकअप एनक्रिप्टेड .sccbak फॉरमॅट वापरतात.","यह एक पुराना अनएन्क्रिप्टेड बैकअप है. केवल तभी जारी रखें जब आपने इसे बनाया हो और भरोसा करें कि यह कहाँ से आया है। नए पोर्टेबल बैकअप एन्क्रिप्टेड .sccbak प्रारूप का उपयोग करते हैं।","translate","sagarbora91","1","www/index.html","6109","script-message","c284add35e04bbc4335fc1839f249b0bd21d2bdad5bb9f55f664f1279cac4350"
"Legacy restore cancelled.","लेगसी रिस्टोअर रद्द केले.","लीगेसी पुनर्स्थापना रद्द कर दी गई.","translate","sagarbora91","1","www/index.html","6110","script-message","de6150235f6eff8970d3f914599206c3500d96ea11d9bb6eaba6737ff3ad253a"
"Invalid backup format","अवैध बॅकअप स्वरूप","अमान्य बैकअप प्रारूप","translate","sagarbora91","1","www/index.html","6132","script-message","ac1320f5ffdff31c3605a51ac71d8c7db9d1bb76d25825632be932ab09c389c1"
"No usable keys found in backup","बॅकअपमध्ये वापरण्यायोग्य की आढळल्या नाहीत","बैकअप में कोई उपयोगी कुंजी नहीं मिली","translate","sagarbora91","1","www/index.html","6145","script-message","57753a93494ffc8bb36af106cb148ecdd0d5737468b3dd8eaa00cff6b4de75dd"
"Restore and verify","पुनर्संचयित करा आणि सत्यापित करा","पुनर्स्थापित करें और सत्यापित करें","translate","sagarbora91","1","www/index.html","6168","element:button","ad2e57f566e24baed6d299e273b068c77027a6a06428c0d151477a1d8e088d32"
"Restore engine unavailable. Nothing changed.","पुनर्स्थापना इंजिन उपलब्ध नाही. कोणताही बदल झालेला नाही.","पुनर्स्थापना इंजन उपलब्ध नहीं है। कोई बदलाव नहीं हुआ।","translate","sagarbora91","1","www/index.html","6210","script-message","072604a1c8d82f5a3ca58984c4c54e93bc8bffcf32ec4a614f19d2f22e616e94"
"Capturing current state before restore…","पुनर्संचयित करण्यापूर्वी वर्तमान स्थिती कॅप्चर करत आहे...","पुनर्स्थापित करने से पहले वर्तमान स्थिति कैप्चर कर रहा हूँ...","translate","sagarbora91","1","www/index.html","6211","script-message","4b90ecd4b2daaf4901f2b0c40578bb273604eb1035fe42ef8a938a8cf20d546a"
"Restore verified. Review the control totals.","पुनर्स्थापना सत्यापित झाली. नियंत्रण बेरजांचे पुनरावलोकन करा.","पुनर्स्थापना सत्यापित हो गई। नियंत्रण योगों की समीक्षा करें।","translate","sagarbora91","1","www/index.html","6280","script-message","85239c3c4e0124c9781205134f4e37272536bd1a6aa7ec83e925b36ac3541710"
"No restore acceptance is pending.","कोणतीही पुनर्संचयित स्वीकृती प्रलंबित नाही.","कोई पुनर्स्थापना स्वीकृति लंबित नहीं है.","translate","sagarbora91","1","www/index.html","6291","script-message","777c4a75e5924327cb60e13e2239403a4ee44e45d617cec04bb3c20f5b064e90"
"Acceptance could not be saved. Free device space and retry.","स्वीकृती जतन करता आली नाही. डिव्हाइसवरील जागा मोकळी करून पुन्हा प्रयत्न करा.","स्वीकृति सहेजी नहीं जा सकी। डिवाइस में जगह खाली करके फिर प्रयास करें।","translate","sagarbora91","1","www/index.html","6310","script-message","a66ac1ceb511a24f339b94822c39b7cc39a44811804c6403d53cb350c3957c1d"
"Restore accepted. Reloading…","पुनर्संचयित स्वीकारले. रीलोड करत आहे...","पुनर्स्थापना स्वीकृत. पुनः लोड हो रहा है...","translate","sagarbora91","1","www/index.html","6313","script-message","de6a85e572b1ad714b911ace5122be72561c3b6ef6131c7a1a26eb5574368c70"
"No saved data for","साठी कोणताही डेटा जतन केलेला नाही","के लिए कोई डेटा सहेजा नहीं गया","translate","sagarbora91","1","www/index.html","6322","script-message","ab8f38f03a1510616fb88d7dccab98416ef222f6f4083345dd4ad2c9ccd69f32"
"Reset aborted: the rollback snapshot could not be saved. Nothing was deleted.","रीसेट रद्द केले: रोलबॅक स्नॅपशॉट जतन करणे शक्य नाही. काहीही हटवले नाही.","रीसेट निरस्त किया गया: रोलबैक स्नैपशॉट सहेजा नहीं जा सका। कुछ भी नहीं हटाया गया.","translate","sagarbora91","1","www/index.html","6327","script-message","afb842c40ba8086a21b6819c79e1773e9d28c84aad84ea55691c72bfc7f67f32"
"Module reset failed and rollback could not be verified. Stop using this device and restore the latest encrypted backup.","मॉड्यूल रीसेट अयशस्वी झाले आणि रोलबॅक सत्यापित करणे शक्य झाले नाही. हे डिव्हाइस वापरणे थांबवा आणि नवीनतम एनक्रिप्टेड बॅकअप पुनर्संचयित करा.","मॉड्यूल रीसेट विफल रहा और रोलबैक सत्यापित नहीं किया जा सका। इस डिवाइस का उपयोग बंद करें और नवीनतम एन्क्रिप्टेड बैकअप पुनर्स्थापित करें।","translate","sagarbora91","1","www/index.html","6335","script-message","73bb37641f3eb0803634cf851be33f42b7df947f37f45583b048dbb15d77d01d"
"Module reset failed; the original module data was restored.","मॉड्यूल रीसेट अयशस्वी; मूळ मॉड्यूल डेटा पुनर्संचयित केला गेला.","मॉड्यूल रीसेट विफल; मूल मॉड्यूल डेटा पुनर्स्थापित किया गया था।","translate","sagarbora91","1","www/index.html","6336","script-message","1546a09ac795480d8daa2423d1cb5aea2efe77445c437268b88ac27ac0b31d66"
"No module reset is available to undo.","पूर्ववत करण्यासाठी कोणतेही मॉड्यूल रीसेट उपलब्ध नाही.","पूर्ववत करने के लिए कोई मॉड्यूल रीसेट उपलब्ध नहीं है।","translate","sagarbora91","1","www/index.html","6343","script-message","2ffd1dafcc4c4aa93639ec098d18ec062bf176ae9f02446bbaba17002bef8a14"
"The module-reset rollback snapshot is unavailable.","मॉड्यूल-रीसेट रोलबॅक स्नॅपशॉट अनुपलब्ध आहे.","मॉड्यूल-रीसेट रोलबैक स्नैपशॉट अनुपलब्ध है।","translate","sagarbora91","1","www/index.html","6345","script-message","c5b47487de80e8ee2f0754eb1fbd91c56d858cf95550d96a01d8a634ec037e64"
"Module reset undone and verified.","मॉड्यूल रीसेट पूर्ववत आणि सत्यापित.","मॉड्यूल रीसेट पूर्ववत और सत्यापित किया गया।","translate","sagarbora91","1","www/index.html","6352","script-message","b61a2ff56a7964fb07e852234bb5b81ca1b8de1c79de69a97b85851df302bbf9"
"Undo could not be verified. Restore the latest encrypted backup before continuing.","पूर्ववत करणे सत्यापित करणे शक्य झाले नाही. सुरू ठेवण्यापूर्वी नवीनतम एनक्रिप्टेड बॅकअप पुनर्संचयित करा.","पूर्ववत सत्यापित नहीं किया जा सका. जारी रखने से पहले नवीनतम एन्क्रिप्टेड बैकअप पुनर्स्थापित करें।","translate","sagarbora91","1","www/index.html","6353","script-message","3c89c6df71fae06569bb7a2e54480188267e3ab44ce8f8ab49a6f014f84a0fa3"
"No app data to clear — already clean.","साफ करण्यासाठी कोणताही ॲप डेटा नाही — आधीच साफ आहे.","साफ़ करने के लिए कोई ऐप डेटा नहीं - पहले से ही साफ़।","translate","sagarbora91","1","www/index.html","6362","script-message","cd700ce3c8ff854219d4ee40ccd2a803bbdc5c2ababb307e654171c35a0f1389"
"Factory reset is blocked because this device has no accepted restore test. First restore a current encrypted .sccbak backup, review its control totals, and accept them. Then return here. This proves the rollback path works before data is deleted.","फॅक्टरी रीसेट अवरोधित केले आहे कारण या डिव्हाइसची पुनर्संचयित चाचणी स्वीकारलेली नाही. प्रथम वर्तमान कूटबद्ध केलेला .sccbak बॅकअप पुनर्संचयित करा, त्याच्या नियंत्रण बेरीजचे पुनरावलोकन करा आणि ते स्वीकारा. मग इथे परत. हे सिद्ध करते की डेटा हटवण्यापूर्वी रोलबॅक मार्ग कार्य करतो.","फ़ैक्टरी रीसेट अवरुद्ध है क्योंकि इस डिवाइस में कोई स्वीकृत पुनर्स्थापना परीक्षण नहीं है। सबसे पहले वर्तमान एन्क्रिप्टेड .sccbak बैकअप को पुनर्स्थापित करें, इसके नियंत्रण योग की समीक्षा करें और उन्हें स्वीकार करें। फिर यहीं लौट आओ. यह साबित करता है कि रोलबैक पथ डेटा हटाए जाने से पहले काम करता है।","translate","sagarbora91","1","www/index.html","6364","script-message","1c020e769c6f4d5b6f78894c38216e27dd33101e7a939d334848338c06214f4a"
"Factory reset will permanently delete ALL saved data for every module (","फॅक्टरी रीसेट प्रत्येक मॉड्यूलसाठी जतन केलेला सर्व डेटा कायमचा हटवेल (","फ़ैक्टरी रीसेट प्रत्येक मॉड्यूल के लिए सभी सहेजे गए डेटा को स्थायी रूप से हटा देगा (","translate","sagarbora91","1","www/index.html","6367","script-message","e1cb9c7e05c70a48ff18c451d55c5e06e5edb49aa96c37887ffe5b5a14714ae0"
"Factory reset cancelled.","फॅक्टरी रीसेट रद्द केले.","फ़ैक्टरी रीसेट रद्द किया गया.","translate","sagarbora91","1","www/index.html","6368","script-message","9f1e3cf363719b9f82cfcb8fead967d99330ff17beb258ef3a1b8c354320c980"
"Writing safety backup…","सुरक्षितता बॅकअप लिहित आहे...","सुरक्षा बैकअप लिख रहा हूँ...","translate","sagarbora91","1","www/index.html","6373","script-message","10f1a2c169b549a62bfd3d33177670a83c9efe5b91b3459fcb007c71c1e6f777"
"Factory reset ABORTED — the safety backup could not be written and verified:","फॅक्टरी रीसेट रद्द केले - सुरक्षितता बॅकअप लिहिणे आणि सत्यापित करणे शक्य नाही:","फ़ैक्टरी रीसेट निरस्त - सुरक्षा बैकअप लिखा और सत्यापित नहीं किया जा सका:","translate","sagarbora91","1","www/index.html","6378","script-message","d6784ce8caba9c38bb2d7f8f68a1eefc541c27d006361de7b7b628be1ac82d92"
"Safety backup saved","सुरक्षितता बॅकअप जतन केला","सुरक्षा बैकअप सहेजा गया","translate","sagarbora91","1","www/index.html","6381","script-message","16169a3b198d50953fcd0676356d3de7d2a97771a151db213970e7a0ee0862ba"
"Factory reset ABORTED because the encrypted ETP store could not be cleared. No app reload was started.","फॅक्टरी रीसेट रद्द केले कारण एनक्रिप्ट केलेले ETP स्टोअर साफ करता आले नाही. कोणतेही ॲप रीलोड सुरू झाले नाही.","फ़ैक्टरी रीसेट निरस्त कर दिया गया क्योंकि एन्क्रिप्टेड ETP स्टोर साफ़ नहीं किया जा सका। कोई ऐप पुनः लोड प्रारंभ नहीं किया गया था.","translate","sagarbora91","1","www/index.html","6458","script-message","949fe4383dc6612e1d1c390d3a8c676caaabb45055bc1a4fd0d9d4297ab24aa1"
"Factory reset aborted — ETP storage was not cleared.","फॅक्टरी रीसेट रद्द केले — ETP स्टोरेज साफ केले गेले नाही.","फ़ैक्टरी रीसेट निरस्त किया गया - ETP संग्रहण साफ़ नहीं किया गया।","translate","sagarbora91","1","www/index.html","6459","script-message","caf0f84701675dedadc8fc265676fc6150eda9db8d2e6a96f4887b7c7c3a14f4"
"Resetting — wiping all stores…","रीसेट करत आहे — सर्व स्टोअर पुसत आहे...","रीसेट कर रहा है - सभी स्टोर मिटा रहा है...","translate","sagarbora91","1","www/index.html","6472","script-message","43fb965b199ce504e98a30d101a67be833de7728fca7bfabdd6b5f42288ab3b5"
"Reset finished (with warnings) — reloading…","रीसेट पूर्ण झाले (चेतावणीसह) — रीलोड करत आहे...","रीसेट समाप्त (चेतावनी के साथ) - पुनः लोड हो रहा है...","translate","sagarbora91","1","www/index.html","6476","script-message","047d5099fc75fe89530d1625b2ea89dae77bb9ddfdc2b1c88bfc0c86281d4c92"
"Nothing older than 12 months to archive.","संग्रहित करण्यासाठी 12 महिन्यांपेक्षा जुने काहीही नाही.","संग्रहित करने के लिए 12 महीने से अधिक पुराना कुछ भी नहीं।","translate","sagarbora91","1","www/index.html","6516","script-message","3c8c9d6c57f0ad632e8a765a03418014160db6b3a70c8e88e4871968f971ab73"
"Archive cancelled.","संग्रहण रद्द केले.","पुरालेख रद्द कर दिया गया.","translate","sagarbora91","1","www/index.html","6518","script-message","81de4279901df76a6d155c8e3fe9f9a647a0043518ea3f66689e137cb493b580"
"Export failed — archive aborted, nothing was deleted.","निर्यात अयशस्वी — संग्रहण रद्द केले, काहीही हटवले नाही.","निर्यात विफल - संग्रह निरस्त किया गया, कुछ भी नहीं हटाया गया।","translate","sagarbora91","1","www/index.html","6539","script-message","e18334ae87e11d8565ab38268e2bb4cb9caec29c875409fc5e0613a7ca4c2426"
"Disable automatic backup","स्वयंचलित बॅकअप अक्षम करा","स्वचालित बैकअप अक्षम करें","translate","sagarbora91","1","www/index.html","6751","element:button","f262f9858c557654014436401d6f2d567751e5ac16d969e92a5861ad08315e7b"
"Keys","कळा","कुंजियाँ","translate","sagarbora91","1","www/index.html","6785","element:th","f0d66a79c138e951c2f840fcd94ea9bdf399f745088a832a9ba49cf07f7125de"
"Export control unavailable — exports remain blocked.","निर्यात नियंत्रण अनुपलब्ध — निर्यात अवरोधित राहतील.","निर्यात नियंत्रण अनुपलब्ध - निर्यात अवरुद्ध है।","translate","sagarbora91","1","www/index.html","6805","script-message","813607e62ef7c895a48d997e0f7c6ceae1f2829fbb697bc5c3c90501f84bfcfe"
"Export register is damaged — exports are blocked until it is repaired.","निर्यात नोंदवही खराब झाली आहे - ती दुरुस्त होईपर्यंत निर्यात अवरोधित केली जाते.","निर्यात रजिस्टर क्षतिग्रस्त है - मरम्मत होने तक निर्यात अवरुद्ध है।","translate","sagarbora91","1","www/index.html","6811","script-message","8a4f1939d935d51d7d12d1980d72a8c602abc7ce7a41dfca4aa7e87968c260f7"
"Format","स्वरूप","प्रारूप","translate","sagarbora91","1","www/index.html","6816","element:th","2f343666aaa88c44430b12e6ab8a29591a069de76541125e83ff1b5acc367bf2"
"Rows/files","पंक्ती/फाईल्स","पंक्तियाँ/फ़ाइलें","translate","sagarbora91","1","www/index.html","6816","element:th","9896f659fbeee08be9762d812aa1205d9c78a68e715ef8cd0ea25467b43d7b2a"
"Scope","व्याप्ती","दायरा","translate","sagarbora91","1","www/index.html","6816","element:th","b073f6c68ef8721107fd9815b19b2c35ec111d526b75c2123d1111ba64424000"
"No module-entry PIN","मॉड्यूल-एंट्री PIN नाही","कोई मॉड्यूल-एंट्री PIN नहीं","translate","sagarbora91","1","www/index.html","6847","element:label","53e2c679835efc577dc321134bd02808b111107022ee1b0b85c22a58b06fcc1f"
"Unlock admin to edit role access","भूमिका प्रवेश संपादित करण्यासाठी प्रशासक अनलॉक करा","भूमिका पहुंच संपादित करने के लिए व्यवस्थापक को अनलॉक करें","translate","sagarbora91","1","www/index.html","6867","script-message","5b72e104f87127822bba4f24a4d06a02be4f9735b26c3c43fdf7826b1bfd86cd"
"Reset all role→module access to the recommended defaults?","शिफारस केलेल्या डीफॉल्टवर सर्व भूमिका→मॉड्यूल प्रवेश रीसेट करायचा?","अनुशंसित डिफ़ॉल्ट पर सभी भूमिका→मॉड्यूल पहुंच रीसेट करें?","translate","sagarbora91","1","www/index.html","6868","script-message","f19ac4d0a5d4a4cbffe7fe6d111a1c2fe182e4979ad18f7f242d5fc51b8f9920"
"Role access reset to defaults","भूमिका प्रवेश डीफॉल्टवर रीसेट केला","भूमिका पहुंच को डिफ़ॉल्ट पर रीसेट किया गया","translate","sagarbora91","1","www/index.html","6868","script-message","9e90ad869c8217442f73e1083f6a6d320cbad805a58e420c9bf6ea90992c4427"
"Unlock admin to reset role access","भूमिका प्रवेश रीसेट करण्यासाठी प्रशासक अनलॉक करा","भूमिका पहुंच रीसेट करने के लिए व्यवस्थापक को अनलॉक करें","translate","sagarbora91","1","www/index.html","6868","script-message","633292ee9814183126a27d10ff6b7ff91b759b5a9ed85715ac7fdc853a492220"
"Actor","कृतीकर्ता","कार्रवाईकर्ता","translate","sagarbora91","1","www/index.html","6900","element:th","449995c4fe8fab389053dac72d77798c094dd4a3b7b3cfe69c4d78d119308dce"
"Sanitised support bundle ready. Ask the recipient to return a deletion certificate quoting","सॅनिटाइज्ड सपोर्ट बंडल तयार. प्राप्तकर्त्यास उद्धृत हटवण्याचे प्रमाणपत्र परत करण्यास सांगा","स्वच्छता सहायता बंडल तैयार। प्राप्तकर्ता से विलोपन प्रमाणपत्र उद्धृत करते हुए वापस करने के लिए कहें","translate","sagarbora91","1","www/index.html","7040","script-message","cbdf76c2e26b674088cfdc4283c5e09861a4b60668d732404839143338413e4d"
"Support bundle export failed.","समर्थन बंडल निर्यात अयशस्वी.","समर्थन बंडल निर्यात विफल रहा.","translate","sagarbora91","1","www/index.html","7041","script-message","492f69a4fd0104d3ed11cb27920e2bd4065b1d7d0262f33d447b637ece9e910d"
"Leave this screen? Unsaved entries will be lost.","ही स्क्रीन सोडायची? जतन न केलेल्या नोंदी गमावल्या जातील.","यह स्क्रीन छोड़ें? सहेजी न गई प्रविष्टियाँ खो जाएँगी.","translate","sagarbora91","1","www/index.html","7130","script-message","ec088acaf87a181d2eaa58a893cfac280d5b8b01295c5bf0e5d2ff7b8505b2fe"
"Print could not be opened","प्रिंट उघडता आली नाही","प्रिंट खोला नहीं जा सका","translate","sagarbora91","1","www/index.html","7243","script-message","e31d0ba3238818681c0f891602744cc3099c0580d935c5aff9214fd34d091558"
"· current","· वर्तमान","· वर्तमान","translate","sagarbora91","1","www/index.html","7288","element:button","9e606e1cdf60626935f1f92fed45cf9ccaa6e99960279019a9ceee5586a0e584"
"Sharing not available","शेअरिंग उपलब्ध नाही","साझाकरण उपलब्ध नहीं है","translate","sagarbora91","1","www/index.html","7333","script-message","5355460154a059d6a8168e15dab4b3b4289f2f183947cda266daf756504d96d7"
"Could not share the file","फाइल शेअर करू शकलो नाही","फ़ाइल साझा नहीं की जा सकी","translate","sagarbora91","1","www/index.html","7345","script-message","e727a6709abe19851b317b0d9228693cfc04aa55db684a5163791a1e3252015f"
"Preview could not be opened","पूर्वावलोकन उघडता आले नाही","पूर्वावलोकन खोला नहीं जा सका","translate","sagarbora91","1","www/index.html","7390","script-message","0e95013cf5233a71dae9d58363926afac29b20ee7f7312dfb4947be24df85d7e"
"PDF downloaded","PDF डाउनलोड केली","PDF डाउनलोड किया गया","translate","sagarbora91","1","www/index.html","7453","script-message","5764878bddd0ba04d078a03d1d5c4e5c655ef02b6aacee337692d3222bc301d4"
"Press back again to exit","बाहेर पडण्यासाठी पुन्हा दाबा","बाहर निकलने के लिए फिर से वापस दबाएँ","translate","sagarbora91","1","www/index.html","7531","script-message","c151b8889ed4baebb8a7dc8d07e6fb8b5527876e0cf56260bb37d03cfc4f5a1c"
"Could not load the PDF engine — check the app and try again","PDF इंजिन लोड करू शकलो नाही — ॲप तपासा आणि पुन्हा प्रयत्न करा","PDF इंजन लोड नहीं हो सका - ऐप जांचें और पुनः प्रयास करें","translate","sagarbora91","1","www/index.html","7822","script-message","e27605aff4741c1e9951a832fb9f6b5dc05365e729b0139faf9af4e129e3a74b"
"Chief Retail Officer full name","मुख्य किरकोळ अधिकारी पूर्ण नाव","मुख्य खुदरा अधिकारी का पूरा नाम","translate","sagarbora91","1","www/modules/cro_audit/index.html","816","attribute:placeholder","22819664170ec803302f58d3d28fbb6ed9bb6658a7ecb11ac03d40669f272ff8"
"SM (Auditor)","एसएम (ऑडिटर)","एसएम (लेखा परीक्षक)","translate","sagarbora91","1","www/modules/cro_audit/index.html","820","element:label","4eb92ad33ce217d2ed622be40bda6ffc24b4286d5835e993abe298d24098d5da"
"Edit existing audit","विद्यमान ऑडिट संपादित करा","मौजूदा ऑडिट संपादित करें","translate","sagarbora91","1","www/modules/cro_audit/index.html","834","element:button","a955c4cd5a511ae90b40b54e382dc9da53af24ab95f1fb0d55fc42cde46e1423"
"← Prev","← मागील","← पिछला","translate","sagarbora91","1","www/modules/cro_audit/index.html","874","element:button","525432ec085b139eb941d823b6a68c8ac2da526bafe50382048ebe4ce2622435"
"Viewing a past day — settings are read-only","मागील दिवस पाहणे — सेटिंग्ज केवळ वाचनीय आहेत","पिछला दिन देखना - सेटिंग्स केवल पढ़ने के लिए हैं","translate","sagarbora91","1","www/modules/cro_audit/index.html","1113","script-message","aab4674f9fdd290629279d44d5a60f9eb50b25aca75d0e5c37e1f6b91c5b0e19"
"Targets saved!","लक्ष्य जतन केले!","लक्ष्य सहेजे गए!","translate","sagarbora91","1","www/modules/cro_audit/index.html","1134","script-message","8ed1dc1a6c259ad7af6e73388b538d9ff59c4b353e5ea1105f43b96e1ce0aba2"
"No valid mobile","वैध मोबाईल नाही","कोई वैध मोबाइल नहीं","translate","sagarbora91","1","www/modules/cro_audit/index.html","1282","script-message","463da17a3894a09df359760261f574fefe8bccc9f1a389cd4ce66269672db24e"
"📲 Ask","📲 विचारा","📲पूछो","translate","sagarbora91","1","www/modules/cro_audit/index.html","1324","element:button","84c6e6a65f3cfcd4f795337d8521571f7ed058b3e3425a2415d6f6f995c62697"
"Observation or note…","निरीक्षण किंवा नोंद…","अवलोकन या टिप्पणी...","translate","sagarbora91","1","www/modules/cro_audit/index.html","1389","attribute:placeholder","4f5107738ea355c88eda5764a1a2f4752cc14fb39edc129883fa30dfb81df2b5"
"Viewing a past day — submission is disabled","मागील दिवस पाहणे — सबमिशन अक्षम केले आहे","पिछला दिन देखना - सबमिशन अक्षम है","translate","sagarbora91","1","www/modules/cro_audit/index.html","1734","script-message","2f4259ddc1302e3485ef77d37522452cea8347f4b3b4288b40b9cd85c8b5f3cd"
"Rate all qualitative tasks first","सर्व गुणात्मक कार्यांना प्रथम रेट करा","सभी गुणात्मक कार्यों को पहले रेटिंग दें","translate","sagarbora91","1","www/modules/cro_audit/index.html","1741","script-message","03d45f772421fbb81589b6954a997550d92d735f58f407a79227b37fc1d54335"
"Enter Chief Retail Officer name","मुख्य रिटेल ऑफिसरचे नाव एंटर करा","मुख्य खुदरा अधिकारी का नाम दर्ज करें","translate","sagarbora91","1","www/modules/cro_audit/index.html","1750","script-message","d6af23d2a9795c2ea3018e403b6dbbadec281623c15d30000496d5361046294f"
"Enter SM name","SM नाव प्रविष्ट करा","एसएम नाम दर्ज करें","translate","sagarbora91","1","www/modules/cro_audit/index.html","1751","script-message","be058a0cf8beb00d3ecf74e5cd51c2ac65ddbd86ca3ce16497bc4865c8734ce2"
"Select a date","तारीख निवडा","एक तारीख चुनें","translate","sagarbora91","1","www/modules/cro_audit/index.html","1752","script-message","43def83c3447de5e20b368bff9638b295ad0eb49e58d201851579ee4fa7cc85e"
"An audit already exists for this Chief Retail Officer at this store on this date. Replace the existing one?","या तारखेला या स्टोअरमध्ये या मुख्य किरकोळ अधिकाऱ्यासाठी ऑडिट आधीच अस्तित्वात आहे. विद्यमान बदलायचे?","इस तारीख को इस स्टोर पर इस मुख्य खुदरा अधिकारी के लिए एक ऑडिट पहले से ही मौजूद है। मौजूदा को बदलें?","translate","sagarbora91","1","www/modules/cro_audit/index.html","1774","script-message","8aa3fdd4cfa16f6a85bbe21c679d170637121d993b56f455370fd449bb66be16"
"Duplicate audit — not saved","डुप्लिकेट ऑडिट — जतन केले नाही","डुप्लिकेट ऑडिट - सहेजा नहीं गया","translate","sagarbora91","1","www/modules/cro_audit/index.html","1775","script-message","1b787d4f4d1cd6f97b39f8ff6210fa910feea52c8a90b6f9752111a90ecf7d9a"
"✎ Edit this audit","✎ हे ऑडिट संपादित करा","✎ इस ऑडिट को संपादित करें","translate","sagarbora91","1","www/modules/cro_audit/index.html","1874","element:button","8caaa067d4f007f0852095fc14d438c69226e8f7981cf9dffdc7df0d4909f305"
"🖨 Print / Save as PDF","🖨 प्रिंट/PDF म्हणून सेव्ह करा","🖨 PDF के रूप में प्रिंट/सेव करें","translate","sagarbora91","1","www/modules/cro_audit/index.html","1875","element:button","9f9f5425060fc53dc33459449aa0b55e2c42d1a05daf6e02600ef5b2a1bdc077"
"Viewing a past day — delete is disabled","मागील दिवस पाहणे — हटवणे अक्षम केले आहे","पिछला दिन देखना - हटाना अक्षम है","translate","sagarbora91","1","www/modules/cro_audit/index.html","1929","script-message","3b0ea42dc694ee713747dc5eb9970800a70928617b37b67ffc7033223a5c82ca"
"Delete this audit record?","हे ऑडिट रेकॉर्ड हटवायचे?","यह ऑडिट रिकॉर्ड हटाएं?","translate","sagarbora91","1","www/modules/cro_audit/index.html","1930","script-message","b51e8b0070a83430845bb0964918ef7c09c6b9e9166ad7ee4c2cc250ba304c12"
"Loaded audit for editing","संपादनासाठी ऑडिट लोड केले","संपादन के लिए लोडेड ऑडिट","translate","sagarbora91","1","www/modules/cro_audit/index.html","2626","script-message","8ae6af6cdc121bde0ca0409e96b42f8b75b67c3c0eed90a27656b97ee1fd3e74"
"CRO — Customer Relationship Officer","CRO - ग्राहक संबंध अधिकारी","CRO - ग्राहक संबंध अधिकारी","translate","sagarbora91","1","www/modules/dsr/index.html","1430","element:option","5f47f7640e758702719751d3e74954da72d03cfec2757b2d53e44603cbaa4dbf"
"Marked as contacted","संपर्क केला म्हणून चिन्हांकित केले","संपर्क किया गया के रूप में चिह्नित किया गया","translate","sagarbora91","1","www/modules/dsr/index.html","1932","script-message","58383a979f441f21432e7e5f088ffadb0eac74a0ccea7752d83c5a8b0eeea112"
"Could not update — entry no longer found","अपडेट करू शकलो नाही — एंट्री यापुढे सापडली नाही","अद्यतन नहीं किया जा सका - प्रविष्टि अब नहीं मिली","translate","sagarbora91","1","www/modules/dsr/index.html","1933","script-message","677555ead357ebfe1f8a38f665c7ea13a166e3a90d4352c7b16e999a705dbbe6"
"Storage error — data may not be saved!","स्टोरेज त्रुटी — डेटा जतन केला जाऊ शकत नाही!","भंडारण त्रुटि - डेटा सहेजा नहीं जा सकता!","translate","sagarbora91","1","www/modules/dsr/index.html","1995","script-message","ca9fd88a3f2a5f2f24dc38ea6620f2b93e4349bc2d27fbe09875fa7bbd099aa3"
"Sales are recorded for today — nothing to confirm","विक्री आजसाठी रेकॉर्ड केली गेली आहे - पुष्टी करण्यासाठी काहीही नाही","बिक्री आज के लिए दर्ज की गई है - पुष्टि करने के लिए कुछ भी नहीं","translate","sagarbora91","1","www/modules/dsr/index.html","2321","script-message","3eb3348aaedbc085adc2606c25ed5b85b4ff83e811386093b06518f84c7b7ff3"
"carried","वाहून नेले","ले जाया गया","translate","sagarbora91","1","www/modules/dsr/index.html","2451","element:label","309074dc4898c3d17a5e7bc8294d0b0d9e69d7e4b7f6ef05674d3ce596b0a629"
"Carried from the closing count on","बंद मोजणी पासून चालते","समापन गिनती से आगे बढ़ाया गया","translate","sagarbora91","1","www/modules/dsr/index.html","2451","attribute:title","ca0508972d3727749c2b1af4159615fdd6e27ee2cb468d2a5acadefd3ba6c5c8"
"Marked out of store","स्टोअरच्या बाहेर चिन्हांकित केले","दुकान से बाहर चिह्नित किया गया","translate","sagarbora91","1","www/modules/dsr/index.html","2561","script-message","3cccf16b040008dfa01a7484a8cfabad2ef0d7dfc5875e7c9d48ea7d4c28bf36"
"Marked back in store","स्टोअरमध्ये परत चिन्हांकित केले","स्टोर में वापस चिह्नित किया गया","translate","sagarbora91","1","www/modules/dsr/index.html","2568","script-message","158e86f14bdc4bd19bbcc4f813cabf535153a6c46ea029d7722be59749d07cfc"
"Marked as purchase — fill the bill & amount","खरेदी म्हणून चिन्हांकित — बिल आणि रक्कम भरा","खरीदारी के रूप में चिह्नित - बिल और राशि भरें","translate","sagarbora91","1","www/modules/dsr/index.html","2637","script-message","20e16bab0681038101f956cf5ae7c3e241c575b9f6936bbeb57d2b83013e9e35"
"Marked as non-purchase","नॉन-खरेदी म्हणून चिन्हांकित केले","गैर-खरीदी के रूप में चिह्नित","translate","sagarbora91","1","www/modules/dsr/index.html","2655","script-message","bf95dd0bafce5683726bb847d8fc4786bbe12948c4428e52808ddf3013f527d5"
"Undo confirmation Confirm no sales today","पुष्टीकरण पूर्ववत करा आज विक्री नाही याची पुष्टी करा","पुष्टि पूर्ववत करें पुष्टि करें कि आज कोई बिक्री नहीं होगी","translate","sagarbora91","1","www/modules/dsr/index.html","2678","element:button","718e324dc78af9fbef80e1981cabe54005c56dae6de28dd063d6770c1b0b37a8"
"Auto-filled from a closed Queue Management sale","बंद रांग व्यवस्थापन विक्रीतून स्वयं-भरलेले","बंद कतार प्रबंधन बिक्री से स्वतः भरा हुआ","translate","sagarbora91","1","www/modules/dsr/index.html","2684","attribute:title","05b9b21ccf7197f49503606e3f99bb59e0f9bb1990a8ca7f17f29414e5702c72"
"Bill number and amount required","बिल क्रमांक आणि रक्कम आवश्यक आहे","बिल क्रमांक एवं आवश्यक राशि","translate","sagarbora91","1","www/modules/dsr/index.html","2738","script-message","f9e2f77e1aada21fb2de0816384d54206b8d11de376442f25543f46f9fe7da9f"
"Saved. Note: a QMS auto-sale of ₹","जतन केले. टीप: ₹ ची QMS स्वयं-विक्री","सहेजा गया. नोट: ₹ की QMS ऑटो-बिक्री","translate","sagarbora91","1","www/modules/dsr/index.html","2753","script-message","9d00e2ce463a1cfe2deca4f7746fa0587d46ef93cb725668283815154c7cf014"
"Sale saved — Queue Management will flag this lead for the SM to confirm & close","विक्री जतन केली - SM ची पुष्टी आणि बंद करण्यासाठी रांग व्यवस्थापन या लीडला ध्वजांकित करेल","बिक्री सहेजी गई - कतार प्रबंधन एसएम की पुष्टि और बंद करने के लिए इस लीड को चिह्नित करेगा","translate","sagarbora91","1","www/modules/dsr/index.html","2754","script-message","998611613b53f99b8b6d862ed88499ffca4ee22d41b4287b7e6780dc7d9e8930"
"This sale came from Queue Management and is locked — edit it there.","ही विक्री रांग व्यवस्थापनाकडून आली आहे आणि लॉक केली आहे — ती तेथे संपादित करा.","यह बिक्री क्यू प्रबंधन से हुई है और लॉक है - इसे वहां संपादित करें।","translate","sagarbora91","1","www/modules/dsr/index.html","2760","script-message","1725a753a84df99347a99cec9af62d4b5bac7ca23fa6d03f073dba00d524a8c7"
"Remove this sale entry?","ही विक्री एंट्री काढायची?","यह विक्रय प्रविष्टि हटाएँ?","translate","sagarbora91","1","www/modules/dsr/index.html","2761","script-message","8022e7c4a3334888fb22067ff4f20055d02aa216d66c7703e86d02a31dd80f14"
"Anonymous","अनामिक","गुमनाम","translate","sagarbora91","1","www/modules/dsr/index.html","2801","attribute:placeholder","e7a8aa2df7e5d0b233da615af4e7fef148bec39aef1709da0a80391ad0316563"
"Customer phone number","ग्राहक फोन नंबर","ग्राहक का फ़ोन नंबर","translate","sagarbora91","1","www/modules/dsr/index.html","2803","attribute:placeholder","afc320ab072c323cf4da1143b5bd42b583a8efe015dad0448b36e2e89921e088"
"Remove this visitor entry?","ही अभ्यागत एंट्री काढायची?","क्या यह विज़िटर प्रविष्टि हटाएँ?","translate","sagarbora91","1","www/modules/dsr/index.html","2834","script-message","55e644d5e2e43d66d297fe99aa58962adf073d6f4fc119812022f36c52632a16"
"Whole numbers only","फक्त पूर्ण संख्या","केवल पूर्ण संख्याएँ","translate","sagarbora91","1","www/modules/dsr/index.html","2877","script-message","9c98cbc001588f8659e83242e8730ad97a5b75277f1743614a5d7fa86e360102"
"Photo too large (max 1 MB)","फोटो खूप मोठा आहे (कमाल 1 MB)","फ़ोटो बहुत बड़ी है (अधिकतम 1 एमबी)","translate","sagarbora91","1","www/modules/dsr/index.html","2962","script-message","e1fafa411005d1948856fb3243316f7045cf54c6e105fd844271ee444ffc04f2"
"Submit & Lock Day Report Complete All Sections First","सबमिट करा आणि लॉक डे रिपोर्ट प्रथम सर्व विभाग पूर्ण करा","सबमिट करें और लॉक डे रिपोर्ट पहले सभी अनुभागों को पूरा करें","translate","sagarbora91","1","www/modules/dsr/index.html","3051","element:button","b29344515e9a4bcd95ac6865a8d777d296961b7a25da9992e2fa2fc54103cf2e"
"Day report submitted successfully","दिवसाचा अहवाल यशस्वीरित्या सबमिट केला","दिन की रिपोर्ट सफलतापूर्वक सबमिट की गई","translate","sagarbora91","1","www/modules/dsr/index.html","3109","script-message","221381d4b584dca5a1c09dbc384b9716c6c53693d86c7f1e444b4b25406f2335"
"Record not found","रेकॉर्ड सापडला नाही","रिकॉर्ड नहीं मिला","translate","sagarbora91","1","www/modules/dsr/index.html","3177","script-message","60de363f36743d355c615af8528d592aa944790b679331bd6fa8c066b8f9ba6e"
"Reset this audit and re-score?","हे ऑडिट आणि री-स्कोअर रीसेट करायचे?","इस ऑडिट को रीसेट करें और पुनः स्कोर करें?","translate","sagarbora91","1","www/modules/dsr/index.html","3365","script-message","d2fdecd035c16fd515cbd46b43899df31218dad886cd8e8e08987bd9fc04ce61"
"Past-day reports cannot be unlocked","मागील दिवसाचे अहवाल अनलॉक केले जाऊ शकत नाहीत","पिछले दिनों की रिपोर्टें अनलॉक नहीं की जा सकतीं","translate","sagarbora91","1","www/modules/dsr/index.html","3378","script-message","ba8b7148b93c2341ab59b930ebf907a52fff7149fd32a7da1d8969e7e144315d"
"A reason is required to unlock","अनलॉक करण्यासाठी कारण आवश्यक आहे","अनलॉक करने के लिए एक कारण आवश्यक है","translate","sagarbora91","1","www/modules/dsr/index.html","3381","script-message","555d6d2bf03b867221e734ef1650bfe85e801adfe4fec3bd604fa88f9f1b4e13"
"Storage error — unlock may not be saved!","स्टोरेज त्रुटी — अनलॉक जतन केले जाऊ शकत नाही!","भंडारण त्रुटि - अनलॉक सहेजा नहीं जा सकता!","translate","sagarbora91","1","www/modules/dsr/index.html","3398","script-message","382049428710730eee1d8c0a01c67bd6546b229ac646ce141da42a74f506eee9"
"Report unlocked for correction — CRO can now edit & re-submit","दुरुस्तीसाठी अहवाल अनलॉक केला — CRO आता संपादित आणि पुन्हा सबमिट करू शकतो","सुधार के लिए रिपोर्ट अनलॉक - CRO अब संपादित और पुनः सबमिट कर सकता है","translate","sagarbora91","1","www/modules/dsr/index.html","3399","script-message","ae32949ab9e9c309d243d2558e97b5ce0c5047b76a14640a0fb008193459a4f4"
"Mkt","Mkt","बाज़ार","translate","sagarbora91","1","www/modules/dsr/index.html","3437","element:th","d8c5877c25ee3d06cefe9b100102dab3460291fca9cfaa9edfbd2571403a690c"
"No staff records for","साठी कोणतेही कर्मचारी रेकॉर्ड नाहीत","के लिए कोई स्टाफ रिकॉर्ड नहीं","translate","sagarbora91","1","www/modules/dsr/index.html","3462","script-message","9549ae2f90b8ff57ddc7f6455f5f5d0f0cd4beb2b55ddf5b36af5bb661561696"
"Name already exists","नाव आधीपासून अस्तित्वात आहे","नाम पहले से मौजूद है","translate","sagarbora91","1","www/modules/dsr/index.html","3527","script-message","fa7e0b44902e189b7b3b42634216ad643a4e2b2a427213a0a50b07d658d4ff52"
"Staff added:","कर्मचारी जोडले:","स्टाफ जोड़ा गया:","translate","sagarbora91","1","www/modules/dsr/index.html","3531","script-message","1ca24aa6460d945d3fb1550c2e3da599cca7ce320b9f364d0eacfa10d7188952"
"Staff removed","कर्मचारी काढून टाकले","स्टाफ हटा दिया गया","translate","sagarbora91","1","www/modules/dsr/index.html","3537","script-message","c58a6ee6ef881eb30a2db92736a52b551d0614a11b2d722301e5ee5940e0fbcf"
"Type DELETE exactly","DELETE नक्की टाईप करा","बिल्कुल DELETE टाइप करें","translate","sagarbora91","1","www/modules/dsr/index.html","3556","script-message","a279f449aee703c2d7149b94389d041e00fe9566f2ce6c8a59154bfed156d92d"
"No record selected","कोणतेही रेकॉर्ड निवडले नाही","कोई रिकॉर्ड चयनित नहीं","translate","sagarbora91","1","www/modules/dsr/index.html","3578","script-message","004095fbad0ecfdaacc4ecffbf45d37a2f3eb370a3e04897698760058bc607ee"
"Cashier (maker)","रोखपाल (निर्माता)","खजांची (निर्माता)","translate","sagarbora91","1","www/modules/expense/index.html","593","element:option","900384cf3e15e21455473443768580e7bac8a7c745ccfaf0d28f77d4edb6d52b"
"Accounts (checker)","खाती (चेकर)","खाते (चेकर)","translate","sagarbora91","1","www/modules/expense/index.html","594","element:option","ad7cff6473af5aa5f80dbe2e5ff768bc3c05157b78594f1f2166e19799365351"
"Udhaar","उधार","उधार","translate","sagarbora91","1","www/modules/expense/index.html","605","element:button","c873c7d0e1617d3c31aecdd1e4424ee2d25abbae910b5ad891e0ba43af501f8b"
"Cross-module","क्रॉस-मॉड्यूल","क्रॉस-मॉड्यूल","translate","sagarbora91","1","www/modules/expense/index.html","610","element:button","2e83b2625e2c11ee435a4be7a105accd8a0ad7383ff63cbd129f1496d1fc5fca"
"’s cash position","ची रोख स्थिती","की नकदी स्थिति","translate","sagarbora91","1","www/modules/expense/index.html","976","element:h3","8b4ee92c80dbd91b63ebc0de8396f7ecf535d9a7000a661ffbea8bb6367713c6"
"Open cash statement →","रोख स्टेटमेंट उघडा →","नकद विवरण खोलें →","translate","sagarbora91","1","www/modules/expense/index.html","976","element:button","4546ac0c1129691f7aad354c3d9f0a0c5ce706e3e205710d09d39e4711b99eec"
"optional — copy from the bill","पर्यायी - बिलाची प्रत","वैकल्पिक - बिल से प्रतिलिपि","translate","sagarbora91","1","www/modules/expense/index.html","1013","attribute:placeholder","b17cfcbbd325717a93752eaaf4e8ea5f14fb9c17fe5802afb420e2485d6b7534"
"what is this for?","हे कशासाठी आहे?","यह किस लिए है?","translate","sagarbora91","1","www/modules/expense/index.html","1015","attribute:placeholder","91fbe0c1220dbbb335f6c94c3d4b732db05c968f04638fd1422749fb78412bb3"
"desc / vendor / category","desc / विक्रेता / श्रेणी","विवरण/विक्रेता/श्रेणी","translate","sagarbora91","1","www/modules/expense/index.html","1029","attribute:placeholder","3704ba9baaf4ceda834b764dc37df90ed8ced3f843b665d5a17b253f44f4b80e"
"Src","Src","एसआरसी","translate","sagarbora91","1","www/modules/expense/index.html","1050","element:th","c5ad4c8d34e13c1c6807b5b14b4e3c58828e37848899b1be5660adf717279dfb"
"historical view day locked","ऐतिहासिक दृश्य दिवस लॉक","ऐतिहासिक दृश्य दिन बंद","translate","sagarbora91","1","www/modules/expense/index.html","1069","attribute:title","16cb34f5345f563c07b1da2839dec949e2ddb474fa6c2761a361eae6c636c9e2"
"Description is required","वर्णन आवश्यक आहे","विवरण आवश्यक है","translate","sagarbora91","1","www/modules/expense/index.html","1149","script-message","032d33c52ddafd973251285ddd17855fed71ac86cc94286f414d02ca5aa37e8b"
"Historical view is read-only. Switch to today to add entries.","ऐतिहासिक दृश्य केवळ वाचनीय आहे. एंट्री जोडण्यासाठी आजवर स्विच करा.","ऐतिहासिक दृश्य केवल पढ़ने योग्य है। प्रविष्टियाँ जोड़ने के लिए आज ही स्विच करें।","translate","sagarbora91","1","www/modules/expense/index.html","1150","script-message","2adef88fccc053e4bf1ad38f92816f8fd1176927744e869a80174934cec51384"
"That day’s cash statement is locked. Owner must reopen it first.","त्या दिवसाचे रोख विवरण लॉक केलेले आहे. मालकाने प्रथम ते पुन्हा उघडणे आवश्यक आहे.","उस दिन का कैश स्टेटमेंट लॉक कर दिया गया है. मालिक को पहले इसे दोबारा खोलना होगा.","translate","sagarbora91","1","www/modules/expense/index.html","1151","script-message","6e3771de5de209dc9ab58f99255675a80adfa5d8853f08d2f2b78ee7c060e7fd"
"A similar entry already exists for","साठी एक समान एंट्री आधीपासून अस्तित्वात आहे","के लिए समान प्रविष्टि पहले से मौजूद है","translate","sagarbora91","1","www/modules/expense/index.html","1157","script-message","2a3e78c50ab5497e1af03f374ba747f69e135f179bbb123151e81caddb04f1bb"
"Saved — also reflected in","जतन केले — मध्ये देखील प्रतिबिंबित","सहेजा गया - भी परिलक्षित होता है","translate","sagarbora91","1","www/modules/expense/index.html","1166","script-message","bf0b06259db37057fcc32fa3789db6cd7b70c00c5c4a933b8ae7c2acbc1e117f"
"Updated","अपडेट केले","अद्यतन किया गया","translate","sagarbora91","1","www/modules/expense/index.html","1228","script-message","3a5ecca188c0579c00ee24cf3cab21bd02c15a06f7a70cc8e0a8ff2381dcbbfd"
"Your role cannot void entries","तुमची भूमिका नोंदी रद्द करू शकत नाही","आपकी भूमिका प्रविष्टियों को रद्द नहीं कर सकती","translate","sagarbora91","1","www/modules/expense/index.html","1244","script-message","ed734c8b27def785608b90d85387ce909b6ee1ece4daca9e3fa6719b71630cb7"
"Month is tax-locked — add a specific note for the override","महिना कर-लॉक केलेला आहे — ओव्हरराइडसाठी एक विशिष्ट टीप जोडा","महीना टैक्स-लॉक है - ओवरराइड के लिए एक विशिष्ट नोट जोड़ें","translate","sagarbora91","1","www/modules/expense/index.html","1262","script-message","6a8573d4e4e456269c2e4a5466d7ea04b13f587f3e2c3def0c23346a99d0440e"
"Entry voided (kept for audit)","प्रवेश रद्द केला (ऑडिटसाठी ठेवला)","प्रविष्टि रद्द कर दी गई (ऑडिट के लिए रखी गई)","translate","sagarbora91","1","www/modules/expense/index.html","1274","script-message","910c66600650f165f0dbfb9e6a822e2c675a406f818f0c358b813f0652de6c94"
"Super Admin only","फक्त सुपर ॲडमिन","केवल सुपर एडमिन","translate","sagarbora91","1","www/modules/expense/index.html","1280","script-message","7d13a31ff73262e385b3fa07ce0fe3eb6f66c03e1ef513f69aa981c6d6896d5b"
"Only pending entries can be approved","फक्त प्रलंबित नोंदी मंजूर केल्या जाऊ शकतात","केवल लंबित प्रविष्टियों को ही मंजूरी दी जा सकती है","translate","sagarbora91","1","www/modules/expense/index.html","1282","script-message","0ece31694f97f2eb3ad0b5ed5591c97b0ad17851f2fd1629b89620c9088fac04"
"Entry approved & locked","प्रवेश मंजूर आणि लॉक","प्रवेश स्वीकृत एवं लॉक कर दिया गया है","translate","sagarbora91","1","www/modules/expense/index.html","1285","script-message","db260a5e900c30d0298925df9a6e9543d546535c61e49d1f519d0644c20426fb"
"Post again Post now","पुन्हा पोस्ट करा आता पोस्ट करा","फिर से पोस्ट करें अभी पोस्ट करें","translate","sagarbora91","1","www/modules/expense/index.html","1373","element:button","84bb17423ba60e45344eef803bc65f82df4f0047d2e1a31ea2d1da13e025592d"
"e.g. Shop rent","उदा. दुकान भाडे","जैसे दुकान का किराया","translate","sagarbora91","1","www/modules/expense/index.html","1386","attribute:placeholder","218fc58363a301e51c0c00a21cca0c1a98027ae172869d9eb58ab499a3dc27ca"
"A template named ""","नावाचा टेम्पलेट","एक टेम्पलेट जिसका नाम है ""","translate","sagarbora91","1","www/modules/expense/index.html","1409","script-message","d94c193ca6f65912947171b3daa3638485b7fc31a5aec1a93219ac14689b8299"
"Recurring template added","आवर्ती टेम्पलेट जोडले","आवर्ती टेम्पलेट जोड़ा गया","translate","sagarbora91","1","www/modules/expense/index.html","1413","script-message","2d4ff038c483f213116e209265566cbfea8ebad377012c04d4ff1a5915a73dec"
"Template updated","टेम्पलेट अद्यतनित केले","टेम्प्लेट अपडेट किया गया","translate","sagarbora91","1","www/modules/expense/index.html","1440","script-message","cc9213d2617d81c9299c81e4e1e93402a48a877716c4ce26f6a9e67080bfd7f6"
"Delete template ""","टेम्पलेट हटवा ""","टेम्पलेट हटाएं""","translate","sagarbora91","1","www/modules/expense/index.html","1455","script-message","6b2b3c8dd67e794c5d9d4564fc2b781796b5c9aa43ce5d5988a6f849dd04797e"
"Template deleted","टेम्पलेट हटवले","टेम्पलेट हटा दिया गया","translate","sagarbora91","1","www/modules/expense/index.html","1457","script-message","8fa9d4a8b8272f3508d9c383fd45dbf2e63028d87251bf95f67b6082815eecfe"
"Historical view is read-only. Switch to today to post.","ऐतिहासिक दृश्य केवळ वाचनीय आहे. पोस्ट करण्यासाठी आजवर स्विच करा.","ऐतिहासिक दृश्य केवल पढ़ने योग्य है। पोस्ट करने के लिए आज ही स्विच करें.","translate","sagarbora91","1","www/modules/expense/index.html","1460","script-message","c944b450305465938589626eef10434ee557eb23c96152e9c3e08b550f078d7b"
"Template is inactive — activate it to post","टेम्पलेट निष्क्रिय आहे — पोस्ट करण्यासाठी ते सक्रिय करा","टेम्प्लेट निष्क्रिय है - इसे पोस्ट करने के लिए सक्रिय करें","translate","sagarbora91","1","www/modules/expense/index.html","1462","script-message","599056ad898097ae05cc13e29b032f021fe4b433a2190b0f48f4fdcaa7005d87"
"Today’s cash statement is locked. Owner must reopen it first.","आजचे रोख विधान लॉक केलेले आहे. मालकाने प्रथम ते पुन्हा उघडणे आवश्यक आहे.","आज का कैश स्टेटमेंट लॉक है. मालिक को पहले इसे दोबारा खोलना होगा.","translate","sagarbora91","1","www/modules/expense/index.html","1464","script-message","c0268af550011e1c132570a9b357f4f85e51461ba8b5d0ddc468f2d8b4dac58a"
"Posted","पोस्ट केले","पोस्ट किया गया","translate","sagarbora91","1","www/modules/expense/index.html","1511","script-message","afd80c5a1b84c378544290379f7195d17d994e3a6e30675372c6dc58446e0614"
"All (business)","सर्व (व्यवसाय)","सभी (व्यवसाय)","translate","sagarbora91","1","www/modules/expense/index.html","1523","element:button","c33fc56e61417bbaee497ae633b9c410f98443d59048a5d49feb79f376cb2a82"
"🔒 Close & lock day","🔒 बंद आणि लॉक दिवस","🔒 बंद और लॉक का दिन","translate","sagarbora91","1","www/modules/expense/index.html","1582","element:button","620350e43f2deff68a161c0038169af95221981c8a2a688c1841fd0a1ba4308f"
"Cash Statement —","रोख विवरण -","नकद विवरण -","translate","sagarbora91","1","www/modules/expense/index.html","1598","element:h3","1989e786eaf536c71d47e74ada84c45479507479aa7dc4e5f1de8c749be400af"
"✔ Approve drawer (checker)","✔ ड्रॉवर मंजूर करा (चेकर)","✔ अनुमोदन दराज (चेकर)","translate","sagarbora91","1","www/modules/expense/index.html","1628","element:button","c476dacc8a92d257580cb47936da361afdeccb34416b66c77229a12abb0691b0"
"🔒 Close & lock drawer","🔒 ड्रॉवर बंद करा आणि लॉक करा","🔒 दराज बंद करें और ताला लगा दें","translate","sagarbora91","1","www/modules/expense/index.html","1630","element:button","3bc03fd70c733f24e629ad12c9b1b45391babbe18e239e98b1030fc9e0e3bd72"
"No physical cash counted. Close anyway?","कोणतीही भौतिक रोख मोजली जात नाही. तरीही बंद करायचे?","कोई भौतिक नकदी नहीं गिना गया. फिर भी बंद करें?","translate","sagarbora91","1","www/modules/expense/index.html","1735","script-message","e58c92b1d33db49a7a8a4ad5464e098d97a3724af0c7563402fefb6ead75cbd2"
"Close the day first","प्रथम दिवस बंद करा","पहले दिन बंद करो","translate","sagarbora91","1","www/modules/expense/index.html","1757","script-message","0663d7523641ee505be0ea092b924c5de6b27b1938ba626f2e74ff0b7e205700"
"Day reopened","दिवस पुन्हा उघडला","दिन फिर से खुल गया","translate","sagarbora91","1","www/modules/expense/index.html","1771","script-message","b9acaa5b957e26e959eef4215bc1e25ddf5e6c7ca6cc4da589e5828aba305d73"
"Your role cannot close the day","तुमची भूमिका दिवस बंद करू शकत नाही","आपकी भूमिका दिन का अंत नहीं कर सकती","translate","sagarbora91","1","www/modules/expense/index.html","1791","script-message","24849fa63470525985532b08a58b53b9c0445a50fd795b6dc8610db55e9564ed"
"No cash counted for","रोख रक्कम मोजली नाही","कोई नकद गिनती नहीं","translate","sagarbora91","1","www/modules/expense/index.html","1800","script-message","56feb699c87a2effaea73b4301ed84269600f06c84ac15f6f511d8e4c2fa99e4"
"Close the drawer first","प्रथम ड्रॉवर बंद करा","सबसे पहले दराज बंद करें","translate","sagarbora91","1","www/modules/expense/index.html","1814","script-message","1ec9ece1d503137a1a9a04ac16933ccfae442a99b463997bedb9c3f9515512eb"
"tea / auto / sundry","चहा / ऑटो / विविध","चाय/ऑटो/विविध","translate","sagarbora91","1","www/modules/expense/index.html","1852","attribute:placeholder","149b8a4eb711347775d5418b8606edc9b076add0224bc646232d96236ea4cc50"
"Float updated","फ्लोट अद्यतनित केले","फ़्लोट अद्यतन किया गया","translate","sagarbora91","1","www/modules/expense/index.html","1855","script-message","61e6bfa7bc6d964508f672db262bdeabdc0b15f27aab8b568d94199e39cfeaad"
"Posted to ledger (Cash expense)","लेजरवर पोस्ट केले (रोख खर्च)","बही में पोस्ट किया गया (नकद व्यय)","translate","sagarbora91","1","www/modules/expense/index.html","1869","script-message","0c1cc50ae1b32a615e62b932340d2a854c5f540e8f1ad62ebdb8757205e7b0ff"
"Already exists","आधीच अस्तित्वात आहे","पहले से मौजूद है","translate","sagarbora91","1","www/modules/expense/index.html","1890","script-message","2dbc546658ab711da8f214fdeaba7389cc7068a69b4b7324ecdd94ca5ede6ba2"
"⇩ Copy last month’s budgets","⇩ मागील महिन्याचे बजेट कॉपी करा","⇩ पिछले महीने के बजट की प्रतिलिपि बनाएँ","translate","sagarbora91","1","www/modules/expense/index.html","1909","element:button","8690a2153cc7421442e261b68aa9828be1bea3911bc22e217b52c082a5e37599"
"No budgets found for","साठी कोणतेही बजेट आढळले नाही","के लिए कोई बजट नहीं मिला","translate","sagarbora91","1","www/modules/expense/index.html","1962","script-message","9dbbc39b546c017ccbf9e69e24921992b656d2123a5d0f8bea1312326738a117"
"Every head already has a budget for","प्रत्येक खर्चाच्या मदासाठी बजेट आधीच आहे —","हर व्यय मद के लिए बजट पहले से मौजूद है —","translate","sagarbora91","1","www/modules/expense/index.html","1964","script-message","a592549d896fa07376ace671801f669696d85c6a9e257fa2831d3a3447b8f979"
"Copy","कॉपी करा","प्रतिलिपि","translate","sagarbora91","1","www/modules/expense/index.html","1965","script-message","e21f935f11d7e966dbbae78da9daa378fe8142a14e7c0cd7434183005faa6c5c"
"Post to ledger","लेजरवर पोस्ट करा","बही में पोस्ट करें","translate","sagarbora91","1","www/modules/expense/index.html","2006","element:button","f09184c14e1c7123b893c755e4e5a416ff131e67068cd094b32fadd0df49a20e"
"Post all pending items to ledger","सर्व प्रलंबित आयटम लेजरमध्ये पोस्ट करा","सभी लंबित आइटमों को बही में पोस्ट करें","translate","sagarbora91","1","www/modules/expense/index.html","2015","element:button","8ec20eb3ccdc62fe53a2e48edb87e8551946a15daf32c7eac95b9eb1a5e88a18"
"Historical view is read-only — switch to today to post","ऐतिहासिक दृश्य केवळ वाचनीय आहे — पोस्ट करण्यासाठी आजवर स्विच करा","ऐतिहासिक दृश्य केवल पढ़ने के लिए है - पोस्ट करने के लिए आज पर स्विच करें","translate","sagarbora91","1","www/modules/expense/index.html","2022","script-message","a34ba363c911a2d3a593a18567cf2fe3e986dbb9ffaa763413c46438b316e1dd"
"Nothing to post","पोस्ट करण्यासाठी काहीही नाही","पोस्ट करने के लिए कुछ भी नहीं","translate","sagarbora91","1","www/modules/expense/index.html","2024","script-message","7a56619965bec8600df07a9cd086bfd5e1ba8488755c39060b2e5db575f3a6e6"
"Default GST rate (%) — used when a category has no rate below","डीफॉल्ट GST दर (%) — जेव्हा वर्गवारी खाली कोणताही दर नसतो तेव्हा वापरला जातो","डिफ़ॉल्ट GST दर (%) - इसका उपयोग तब किया जाता है जब किसी श्रेणी में कोई दर नीचे नहीं होती है","translate","sagarbora91","1","www/modules/expense/index.html","2073","element:label","9b40c6e674a5b9fd263b07e6be57cd53ec4e6314e12c0f34411a580646cd5d6c"
"default","डीफॉल्ट","डिफ़ॉल्ट","translate","sagarbora91","1","www/modules/expense/index.html","2074","attribute:placeholder","37a8eec1ce19687d132fe29051dca629d164e2c4958ba141d5f4133a33f0688f"
"Per-firm P&L —","प्रति-फर्म P&L —","प्रति-फर्म पी एंड एल -","translate","sagarbora91","1","www/modules/expense/index.html","2084","element:h3","69301907a301be36b4ee203aab0bb87247fbbc9619253e5e0ad7e506c57e7310"
"Generate & lock Tax feed for","यासाठी कर फीड व्युत्पन्न करा आणि लॉक करा","के लिए टैक्स फ़ीड जेनरेट और लॉक करें","translate","sagarbora91","1","www/modules/expense/index.html","2086","element:button","dbdccbd7fa7cdb487ce500fa1c55c96cf6d974b4093d717fdfbf63fa87952a14"
"Historical view is read-only — month-lock is available only for today","ऐतिहासिक दृश्य केवळ वाचनीय आहे — महिना-लॉक फक्त आजसाठी उपलब्ध आहे","ऐतिहासिक दृश्य केवल पढ़ने के लिए है - महीना-लॉक केवल आज के लिए उपलब्ध है","translate","sagarbora91","1","www/modules/expense/index.html","2117","script-message","91a7744a83687cb0f43577eae4bbe4a8a6c7aedccc02196ac676cce33a0c0b73"
"Pick the current or a past month — a future month cannot be locked","वर्तमान किंवा मागील महिना निवडा - भविष्यातील महिना लॉक केला जाऊ शकत नाही","वर्तमान या पिछला महीना चुनें - भविष्य का महीना लॉक नहीं किया जा सकता","translate","sagarbora91","1","www/modules/expense/index.html","2121","script-message","4e220a3de2b6e19ec4c05c3cc21c59855c1ce36108f4a97a004bf381655d9e02"
"Tax feed generated & month locked","कर फीड व्युत्पन्न आणि महिना लॉक","टैक्स फ़ीड जनरेट किया गया और महीना लॉक किया गया","translate","sagarbora91","1","www/modules/expense/index.html","2145","script-message","f3a40fb6d3a7700ca091a63e7cf11648de1fbafff330725c216d783e1623612b"
"Switch the view date to today to add","जोडण्यासाठी आजच्या दृश्याची तारीख बदला","जोड़ने के लिए दृश्य तिथि को आज पर स्विच करें","translate","sagarbora91","1","www/modules/expense/index.html","2195","script-message","51b204dbe56648f31f85647cdaf70300fbc6922b743adbdaa524d68c29bf37f6"
"Customer name is required","ग्राहकाचे नाव आवश्यक आहे","ग्राहक का नाम आवश्यक है","translate","sagarbora91","1","www/modules/expense/index.html","2197","script-message","48cf9d5bda9b824bf9f9dcb92a52eb70f237c1aec5342b45894df6f052609942"
"Enter a valid amount","वैध रक्कम प्रविष्ट करा","एक वैध राशि दर्ज करें","translate","sagarbora91","1","www/modules/expense/index.html","2198","script-message","617dd68ca7c08390b61f61ff185c51b845e9a046695dcb7a8fecd2a4bf307f57"
"Credit recorded","क्रेडिट रेकॉर्ड केले","क्रेडिट दर्ज किया गया","translate","sagarbora91","1","www/modules/expense/index.html","2202","script-message","4d5836d9e73b35430bd56cb98f7819307eb8e7c8908d75431b08abbec6c7cc7e"
"Switch to today to record a payment","पेमेंट रेकॉर्ड करण्यासाठी आजवर स्विच करा","भुगतान रिकॉर्ड करने के लिए आज ही स्विच करें","translate","sagarbora91","1","www/modules/expense/index.html","2207","script-message","db4b51e39d26533a4275954eefd53a2dd3674e40ea515bd54a60d7c571614931"
"Enter an amount","रक्कम प्रविष्ट करा","एक राशि दर्ज करें","translate","sagarbora91","1","www/modules/expense/index.html","2216","script-message","d8a7700e1f88f18fbda3a68dae38024d160a2cdc2c6775699773bb41189002a4"
"More than outstanding — capped","थकबाकीपेक्षा जास्त — मर्यादित","बकाया से भी अधिक - छाया हुआ","translate","sagarbora91","1","www/modules/expense/index.html","2217","script-message","f2dfa71521041b137273a49cb6753fb6005d4e0631b9d7129ef5235b3b541f16"
"Payment recorded","पेमेंट रेकॉर्ड केले","भुगतान दर्ज किया गया","translate","sagarbora91","1","www/modules/expense/index.html","2220","script-message","00335a8bfd17b4d5837b7a31da408300d6d6cd813410297a6eed6ec00e218fcf"
"Switch to today","आजवर स्विच करा","आज पर स्विच करें","translate","sagarbora91","1","www/modules/expense/index.html","2223","script-message","dcf53a137628f3b4feb8e70f1b5e593679f1fa48f2320a0a261ca7f6225a2f5f"
"e.g. written off, entered in error","उदा. लिहिलेले, चुकून प्रविष्ट केले","जैसे बट्टे खाते में डाला गया, गलती से दर्ज किया गया","translate","sagarbora91","1","www/modules/expense/index.html","2227","attribute:placeholder","41b29faa987f639c6eec64ab3750eed5e81c4ad289dbe2415df3153251dbcd05"
"Removed from outstanding","थकबाकीतून काढले","बकाया से हटा दिया गया","translate","sagarbora91","1","www/modules/expense/index.html","2229","script-message","80be249b90c75e09048d692b153f181d2d29df88748360b95f15a84e504df0bf"
"10-digit","10-अंकी","10 अंक","translate","sagarbora91","1","www/modules/expense/index.html","2255","attribute:placeholder","70368826cc8156ac4459625e14efa1736b627914aeaf4e4c6e0947f757849ed2"
"e.g. Titan Raga, promised in 30 days","उदा. टायटन राग, 30 दिवसांत वचन दिले","जैसे टाइटन राग, 30 दिनों में वादा किया गया","translate","sagarbora91","1","www/modules/expense/index.html","2258","attribute:placeholder","9e2f75c98c0b119ac43a3074b9eb1a99b428773ce970e7ce10c9346d085fd8f3"
"e.g. Rahul Sharma","उदा. राहुल शर्मा","जैसे राहुल शर्मा","translate","sagarbora91","1","www/modules/grooming/index.html","610","attribute:placeholder","ef26bd26768287b1978f4586862de37a8d913abc7aaf0c52927d9ea9e610ba7d"
"Start Grooming Checklist →","ग्रूमिंग चेकलिस्ट सुरू करा →","ग्रूमिंग चेकलिस्ट शुरू करें →","translate","sagarbora91","1","www/modules/grooming/index.html","621","element:button","83e3dfde3db49f3efdf45c115bfc7e36337ca9dc2c383fa2b48b8329c537e4fb"
"Clear Day's Data","दिवसाचा डेटा साफ करा","दिन का डेटा साफ़ करें","translate","sagarbora91","1","www/modules/grooming/index.html","740","element:button","5aaa8fb2951d76f9ae8dd186a77300705749f4b5ec739c9e088fd512e2345462"
"Please select Male / Female and tick the checklist before saving.","कृपया पुरुष/महिला निवडा आणि सेव्ह करण्यापूर्वी चेकलिस्टवर खूण करा.","कृपया पुरुष/महिला का चयन करें और सहेजने से पहले चेकलिस्ट पर टिक करें।","translate","sagarbora91","1","www/modules/grooming/index.html","1068","script-message","0e045caaf245ac18d7afbad307140102ad9a255b3b45f76ea6f7c4a81e63692e"
"All parameters passed","सर्व पॅरामीटर्स पास","सभी पैरामीटर पास हो गए","translate","sagarbora91","1","www/modules/grooming/index.html","1208","element:button","7e86ad2de62b800e35cdde62754406bb075d30fe3aef675d892615ffd4dfcada"
"passed","उत्तीर्ण","उत्तीर्ण","translate","sagarbora91","1","www/modules/grooming/index.html","1211","element:button","284d1e8c4918248233df17642bbb940c001e1fa856c18aab86ba6dbe7813eb13"
"Checker name matches the employee being checked","तपासकाचे नाव तपासल्या जात असलेल्या कर्मचाऱ्याशी जुळते","चेक करने वाले का नाम चेक किए जा रहे कर्मचारी से मेल खाता है","translate","sagarbora91","1","www/modules/grooming/index.html","1228","attribute:title","e7ca2d2c3212acafa34a4cca84a8352e212690fbee5d7af18a846222d69ce1f5"
"Remove this CRO record?","या CRO च्या ग्रूमिंग तपासणीची नोंद काढायची?","क्या इस CRO की ग्रूमिंग जाँच का रिकॉर्ड हटाना है?","translate","sagarbora91","1","www/modules/grooming/index.html","1257","script-message","1422a1e830d05d768eb2cf64bf6140da51ca9fd32f4db317f4368b754caa279d"
"Clear ALL records for","साठी सर्व रेकॉर्ड साफ करा","के लिए सभी रिकॉर्ड साफ़ करें","translate","sagarbora91","1","www/modules/grooming/index.html","1265","script-message","3faa266d219aef4771612d12d28685fd0819074549dd371325f85ea6127471a0"
"LeaveDesk","LeaveDesk","लीवडेस्क","translate","sagarbora91","1","www/modules/leave/index.html","799","element:h1","bfe5f267f8bdd17db73bd984bdf24a1ff29f8402e5d8af6c25fd31c6f1d99200"
"👥 Staff Master","👥 स्टाफ मास्टर","👥 स्टाफ मास्टर","translate","sagarbora91","1","www/modules/leave/index.html","804","element:button","f22da6bc4ee3e588eb6d8c6586a16de46ff12dddd08da2b4e9632e54dbd93927"
"Add employees first ›","प्रथम कर्मचारी जोडा ›","पहले कर्मचारी जोड़ें ›","translate","sagarbora91","1","www/modules/leave/index.html","918","element:button","948ba5675c72e1681aeff2895e420e1a7bf49de9706f7fbf8ae286de5748a3c2"
"e.g. Sprint Review","उदा. स्प्रिंट पुनरावलोकन","जैसे स्प्रिंट समीक्षा","translate","sagarbora91","1","www/modules/leave/index.html","990","attribute:placeholder","a60f57513b918754a787a9ace987a220b14a23f70db8ecb1a3f337d833f34803"
"Details, participants, notes...","तपशील, सहभागी, नोट्स...","विवरण, प्रतिभागी, नोट्स...","translate","sagarbora91","1","www/modules/leave/index.html","1007","attribute:placeholder","127bdf299528615a8dd709cb18d64cea424ec91d627a678fec73531d4441f49a"
"Label","लेबल","लेबल","translate","sagarbora91","1","www/modules/leave/index.html","1082","element:label","0e66373f45dcf3dd656151e519f7ee5e3d558d9c22cb87df339bbdd2b6c6a3c1"
"e.g. Diwali peak season","उदा. दिवाळीचा पीक सीझन","जैसे दिवाली पीक सीजन","translate","sagarbora91","1","www/modules/leave/index.html","1083","attribute:placeholder","43db34298d6505edbbd0a169bf690c967f2965bb83dc3af71eacb3c49b2c7d97"
"e.g. Sales, Admin, Accounts","उदा. विक्री, प्रशासन, खाती","जैसे बिक्री, प्रशासन, लेखा","translate","sagarbora91","1","www/modules/leave/index.html","1110","attribute:placeholder","075dedf031b5084fc0594c641d5c073cf05d091b324884c739f34582def0dff0"
"(uppercase) to confirm","(अपरकेस) पुष्टी करण्यासाठी","(अपरकेस) पुष्टि करने के लिए","translate","sagarbora91","1","www/modules/leave/index.html","1175","element:label","9db71545c56aa59aae6a3a7d58ae896e8611c12f797d9de133d6b4ca53582c43"
"⬇ Backup First","⬇ प्रथम बॅकअप घ्या","⬇ बैकअप पहले","translate","sagarbora91","1","www/modules/leave/index.html","1180","element:button","5f0cd812c9123838993742b8c740458f3a651a607c77f8b21a3d8941eb8dee33"
"This leave is already","ही रजा आधीच आहे","यह छुट्टी पहले ही हो चुकी है","translate","sagarbora91","1","www/modules/leave/index.html","1474","script-message","36f4978aede62bc8bbf7e3174c5c348124f9bf4302cba3fc8bccd06697296cb3"
"Entitlement defaults saved","पात्रता डीफॉल्ट जतन केले","पात्रता डिफ़ॉल्ट सहेजे गए","translate","sagarbora91","1","www/modules/leave/index.html","1544","script-message","75715eba0df2f26e6d1a0d469c78238ba198286425408ceb99e3b15b3d0748b3"
"Weekly-off saved","साप्ताहिक सुट्टी जतन केली","साप्ताहिक अवकाश बचा लिया गया","translate","sagarbora91","1","www/modules/leave/index.html","1575","script-message","23f91af7152405cdde61e601936f4d1d927f31f655db41630535789faf6eb90b"
"Store caps saved","स्टोअर कॅप्स जतन केल्या","स्टोर कैप सहेजे गए","translate","sagarbora91","1","www/modules/leave/index.html","1595","script-message","f3d20d94f8a61a53665bbdfb6e2ec8223e4e272d074a56b5a40499be4ae87f04"
"Pick both blackout dates","दोन्ही ब्लॅकआउट तारखा निवडा","दोनों ब्लैकआउट तिथियां चुनें","translate","sagarbora91","1","www/modules/leave/index.html","1633","script-message","e5fcfee7959a51326349d3188109105b46b533a708cc4958c50d17131f1506d4"
"Invalid blackout date","अवैध ब्लॅकआउट तारीख","अमान्य ब्लैकआउट दिनांक","translate","sagarbora91","1","www/modules/leave/index.html","1634","script-message","6b00316d801e3c7f21cd96c4a1a7f443f26cbeb7d0391e599041422de452ad16"
"Invalid blackout entry","अवैध ब्लॅकआउट एंट्री","अमान्य ब्लैकआउट प्रविष्टि","translate","sagarbora91","1","www/modules/leave/index.html","1642","script-message","8c885c6ab1a8c2653743f0d06297d37cfed22657186474c0650f1b74e8142b81"
"Blackout saved","ब्लॅकआउट जतन केले","ब्लैकआउट सहेजा गया","translate","sagarbora91","1","www/modules/leave/index.html","1650","script-message","8103f0a1458e708835c0e68ef6620b89761724b8fea1d78d72e0ab6649f0672b"
"Blackout removed","ब्लॅकआउट काढला","ब्लैकआउट हटा दिया गया","translate","sagarbora91","1","www/modules/leave/index.html","1659","script-message","d37c6f50466da08ea1d110615e2519689388d4019bfe229ea630e09c49e8a5a9"
"Select a staff member from the Staff Master list","स्टाफ मास्टर सूचीमधून कर्मचारी सदस्य निवडा","स्टाफ मास्टर सूची से एक स्टाफ सदस्य का चयन करें","translate","sagarbora91","1","www/modules/leave/index.html","2515","script-message","c41f13218c55cb511d1700b2c9934705bb793b528dca122606109db65ba04e94"
"Approver name is required","अनुमोदकाचे नाव आवश्यक आहे","अनुमोदनकर्ता का नाम आवश्यक है","translate","sagarbora91","1","www/modules/leave/index.html","2526","script-message","e41e47d28409ed00fddb0e2f1eb4dd941a1c69a9e3521c4ca2cda5e4256d0dca"
"Please select leave dates","कृपया सुट्टीच्या तारखा निवडा","कृपया छुट्टी की तारीखें चुनें","translate","sagarbora91","1","www/modules/leave/index.html","2527","script-message","e3b6a94bf625f9f071a1fdcf740001851fdcf4fa53d5d6ffbb203e663c6dc821"
"Leave From cannot be after Leave To","रजेची सुरुवातीची तारीख रजेच्या शेवटच्या तारखेनंतर असू शकत नाही","छुट्टी की आरंभ तिथि छुट्टी की समाप्ति तिथि के बाद नहीं हो सकती","translate","sagarbora91","1","www/modules/leave/index.html","2528","script-message","c6fa92b77e131355a576543f30b693d6eea3211cc7cd3b0c359f6205a4a5309a"
"Invalid leave type","अवैध रजा प्रकार","अमान्य अवकाश प्रकार","translate","sagarbora91","1","www/modules/leave/index.html","2529","script-message","c7a82fe05e88cb64a79b0c588d8ca4268d44fe3e74ff87876c0aadbf548653dd"
"Leave falls in a hard blackout window (","रजा हार्ड ब्लॅकआउट विंडोमध्ये पडते (","छुट्टी एक हार्ड ब्लैकआउट विंडो में गिरती है (","translate","sagarbora91","1","www/modules/leave/index.html","2558","script-message","ccf2853ef7e88be2f66c0316a3255eab26248e407339fe9c669b1ab1d9c6f974"
"These dates fall in a blackout window (","या तारखा ब्लॅकआउट विंडोमध्ये येतात (","ये तारीखें ब्लैकआउट विंडो में आती हैं (","translate","sagarbora91","1","www/modules/leave/index.html","2561","script-message","081d504e0b5b2ff93147a84fd5651d947c89751547a15e29d949fbf47379d082"
"Date and title are required","तारीख आणि शीर्षक आवश्यक आहे","दिनांक और शीर्षक आवश्यक हैं","translate","sagarbora91","1","www/modules/leave/index.html","2624","script-message","af66ff81a1b202b0960b581cd109ee9bef65ae403f35ee0eb7355a957e5aeef9"
"Invalid type","अवैध प्रकार","अमान्य प्रकार","translate","sagarbora91","1","www/modules/leave/index.html","2625","script-message","3c23d809c9b10b3698d15b092b7fefb1017ae8555f1b4f4f1f21b5810e30fca0"
"Agenda item added","अजेंडा आयटम जोडला","एजेंडा आइटम जोड़ा गया","translate","sagarbora91","1","www/modules/leave/index.html","2635","script-message","ea2362c2f938b32c45ceecfd6d7475a2a7c859e40e662bd503819920d3b73d02"
"Remove this leave record?","हा रजेचा रेकॉर्ड काढायचा?","क्या यह छुट्टी रिकॉर्ड हटाएँ?","translate","sagarbora91","1","www/modules/leave/index.html","2643","script-message","039c32cf4852af2863d43a7fbb7752e961f810fd1d4f213650c1a10f0c8b5d04"
"Leave removed","सोडा काढला","छुट्टी हटा दी गई","translate","sagarbora91","1","www/modules/leave/index.html","2647","script-message","65c234db65c01914f3d68de7d8ab41b255f0748494e55aef25e43f773c854089"
"Remove this agenda item?","हा अजेंडा आयटम काढायचा?","इस एजेंडा आइटम को हटाएं?","translate","sagarbora91","1","www/modules/leave/index.html","2652","script-message","3a986b8013dd584c63bec7c38b41c334ff7cff0717e011c033960fe1b4177fc0"
"Agenda removed","अजेंडा काढला","एजेंडा हटा दिया गया","translate","sagarbora91","1","www/modules/leave/index.html","2656","script-message","77ba0b54c879298083c0b0a5bb9be0ff6574daf41208c4acd36e87cee01b9e15"
"Employee name is required","कर्मचाऱ्याचे नाव आवश्यक आहे","कर्मचारी का नाम आवश्यक है","translate","sagarbora91","1","www/modules/leave/index.html","2852","script-message","9c05c8b00eeb42159ac4d88d565e6a67e443a2e73813b066c4b3ae22d6927bed"
"Employee already exists","कर्मचारी आधीच अस्तित्वात आहे","कर्मचारी पहले से मौजूद है","translate","sagarbora91","1","www/modules/leave/index.html","2854","script-message","f8b7aa5c6faae4529d38b53a1bb29035a8cc89fff9457c36ee2cd8440b421c35"
"Employee removed","कर्मचारी काढून टाकले","कर्मचारी को हटा दिया गया","translate","sagarbora91","1","www/modules/leave/index.html","2871","script-message","dd1ab0c2bc2bd167ed83128f34b11f7619832ddff27484d4ffaeea2fbccf29ad"
"FY Balance (used/quota)","FY शिल्लक (वापरलेला/कोटा)","वित्तीय वर्ष (FY) शेष (प्रयुक्त/कोटा)","translate","sagarbora91","1","www/modules/leave/index.html","2918","element:th","9b30e27244aa4599c9e7c51a6053288d4ed829aba10f753385bb62c702cf08f5"
"Import failed:","आयात अयशस्वी:","आयात विफल:","translate","sagarbora91","1","www/modules/leave/index.html","3153","script-message","113b8e2f4761d74c0c3fa13a4e00524cc71e297e629e30fe41d38d561806d1d4"
"Type DELETE (uppercase) to confirm","पुष्टी करण्यासाठी DELETE (अपरकेस) टाइप करा","पुष्टि करने के लिए DELETE (अपरकेस) टाइप करें","translate","sagarbora91","1","www/modules/leave/index.html","3204","script-message","ee17fa2b111b69d997b6f945b225457a43256884533e1df02e17da1810df19c7"
"All data cleared","सर्व डेटा साफ केला","सारा डेटा साफ़ कर दिया गया","translate","sagarbora91","1","www/modules/leave/index.html","3214","script-message","3bcf9e070b2684532ec2a7788befdb8ddd449c5bd87c498236b9c569f120cf96"
"Auto","ऑटो","ऑटो","translate","sagarbora91","1","www/modules/payroll/index.html","1023","attribute:placeholder","0286249762f7c94349cdc0ba3bb2255baf9a80036e2193ead1d77696f888582f"
"Thumb","अंगठा","अंगूठा","translate","sagarbora91","1","www/modules/payroll/index.html","1078","element:th","2be3a3bb8307160ed50731eefe45a09ebfb0e4b72215a5ae48cb8de24a9b0808"
"NoThumb","अंगठा नाही","कोई अंगूठा नहीं","translate","sagarbora91","1","www/modules/payroll/index.html","1080","element:th","c91f0465a60412b0c4095d7d6e41dd6d589e22782fdd3bd5c1cd817998e35aa0"
"Extra","अवांतर","अतिरिक्त","translate","sagarbora91","1","www/modules/payroll/index.html","1084","element:th","2e4aaf05df1cbfb30a89bd189df147c7e70f2f46a698a95336b344c0ecb79041"
"Sign","स्वाक्षरी","हस्ताक्षर","translate","sagarbora91","1","www/modules/payroll/index.html","1087","element:th","0c9618e9849a62c68ff5b0e62361c05f4b70b181db1ef47eed458a17f5f4f3b6"
"+ Add GM Employee","+ GM कर्मचारी जोडा","+ जीएम कर्मचारी जोड़ें","translate","sagarbora91","1","www/modules/payroll/index.html","1137","element:button","898bc0a7ff2e3acac56a1e471e15caea69756841719cbbd3c1716d1c94eaeaea"
"Amt","रक्कम","राशि","translate","sagarbora91","1","www/modules/payroll/index.html","1163","element:th","0ca90781f851798711dedb33dbd281c588bd619fee0d2237c0e943ac00bac2e8"
"CTC","CTC","सीटीसी","translate","sagarbora91","1","www/modules/payroll/index.html","1164","element:th","7ab9dd1511ccf6e7fcb29b8a7dc3b863485ce592be1584b83f1defcf1665d6f4"
"Allow.","परवानगी द्या.","अनुमति दें.","translate","sagarbora91","1","www/modules/payroll/index.html","1174","element:th","af632c67f490ccef94573a3b4abd36823df76def9d79651ce17d573feb52ac7b"
"Spec.","विशेष","विशेष","translate","sagarbora91","1","www/modules/payroll/index.html","1174","element:th","5082465f4783b38e41a00b7ea7c8486aaaddd7287015ab33b6ac344fdebe83eb"
"Wages","मजुरी","मजदूरी","translate","sagarbora91","1","www/modules/payroll/index.html","1178","element:th","505a475f8a536ccdc3e182215b65c9dbd1fedbc3ce094ecc32f363af3b9f1c6b"
"UAN","UAN","यूएएन","translate","sagarbora91","1","www/modules/payroll/index.html","1240","element:th","064ec95fd0ecc5d72f31aa9726f57d1352ab6aaf79cf0c8d82f767f9a000f66c"
"ESIC IP No.","ESIC IP क्र.","ईएसआईसी आईपी नंबर","translate","sagarbora91","1","www/modules/payroll/index.html","1241","element:th","c6b424a5a9b67324191f4050b1c6b1ac3d4ccabec3ee4888117732676bd94f58"
"(NEFT/UTR)","(NEFT/UTR)","(एनईएफटी/यूटीआर)","translate","sagarbora91","1","www/modules/payroll/index.html","1246","element:th","79417da6852ebfdb20963fd512523ca5afc79a7c025f2754598e60d5eeb3db13"
"Payment Ref","पेमेंट संदर्भ","भुगतान संदर्भ","translate","sagarbora91","1","www/modules/payroll/index.html","1246","element:th","1d851af5642c125f1a6484047f61360442a610a75cdd5edb85b8cd1c4ddf7210"
"Deduct from (start) Year","(प्रारंभ) वर्षातून वजा करा","(प्रारंभ) वर्ष से घटाएँ","translate","sagarbora91","1","www/modules/payroll/index.html","1289","element:label","9461ef9859e4ddca3d319dab8a7f3d0a6e36c54be95d5b52155d4af044d4b902"
"(0 = full in one month)","(0 = एका महिन्यात पूर्ण)","(0=एक माह में पूर्ण)","translate","sagarbora91","1","www/modules/payroll/index.html","1291","element:label","d03afab41f5db8e7e71b45c352939cb8a13ffc73f93d35ae4eb014e12f0e4014"
"Monthly EMI ₹","मासिक EMI ₹","मासिक ईएमआई ₹","translate","sagarbora91","1","www/modules/payroll/index.html","1291","element:label","37a79d8b6f3c649d2675beab87502158d502ca0429d5f8ac5ccafa1fd11f1df4"
"(cheque/UPI/txn)","(चेक/UPI/txn)","(चेक/UPI/txn)","translate","sagarbora91","1","www/modules/payroll/index.html","1297","element:label","5e9070a65d1e168300f3d6d29ea7dfffa65628eb848e1fd45afbe7cdf47b8e47"
"Reference No.","संदर्भ क्र.","संदर्भ संख्या","translate","sagarbora91","1","www/modules/payroll/index.html","1297","element:label","f6afbc12ce6d5a8ca970090ad1ea688fe00f3e6e4d1383c6c4661d9b1226ad00"
"e.g. UPI ref / cheque no.","उदा. UPI संदर्भ / धनादेश क्र.","जैसे: UPI संदर्भ / चेक सं.","translate","sagarbora91","1","www/modules/payroll/index.html","1298","attribute:placeholder","9a4dae46ea252440803921ea2e7ea549557070b6ef15be62674dd07d61272e8f"
"Name of approver","अनुमोदकाचे नाव","अनुमोदक का नाम","translate","sagarbora91","1","www/modules/payroll/index.html","1300","attribute:placeholder","f289fe984a4e73ee5e833c685db50911c0273ed05c68ca0d78071802897e0acd"
"e.g. Medical, Festival advance","उदा. वैद्यकीय, उत्सव आगाऊ","जैसे मेडिकल, फेस्टिवल एडवांस","translate","sagarbora91","1","www/modules/payroll/index.html","1302","attribute:placeholder","51fce4add2b329c6c5f7c24fa41107f7cfe0451200b826051979f2f6bb64b1e8"
"EMI/mo","EMI/mo","ईएमआई/माह","translate","sagarbora91","1","www/modules/payroll/index.html","1314","element:th","a9008b70a16a8028b7f206e351dce99f2ff4d39ccc3587d7338d89c558146fd2"
"e.g. Sales Executive","उदा. सेल्स एक्झिक्युटिव्ह","जैसे बिक्री कार्यकारी","translate","sagarbora91","1","www/modules/payroll/index.html","1347","attribute:placeholder","aef40a714b0d7314556e08095031e4ff810532be12a9aa68c04348c3e6c788a2"
"Effective / Joining Date","प्रभावी / सामील होण्याची तारीख","प्रभावी/कार्यग्रहण तिथि","translate","sagarbora91","1","www/modules/payroll/index.html","1348","element:label","63f43e4f8f4ccd64010a67e98788eca17fdea79af3834fe398573d6f9ff07b0f"
"auto from Master","मास्टर कडून ऑटो","मास्टर से ऑटो","translate","sagarbora91","1","www/modules/payroll/index.html","1351","attribute:placeholder","af114e3d028c47085f3c8a4b476cd748c3691cab5bec97f1643d1b51c39f188a"
"Extra paragraph (optional)","अतिरिक्त परिच्छेद (पर्यायी)","अतिरिक्त अनुच्छेद (वैकल्पिक)","translate","sagarbora91","1","www/modules/payroll/index.html","1352","element:label","2e2577d54dd24ebd3148d7573823371c027d0f53b9cb18dde997215a03a2208a"
"Any additional sentence to include in the letter body","पत्राच्या मुख्य भागामध्ये समाविष्ट करण्यासाठी कोणतेही अतिरिक्त वाक्य","पत्र के मुख्य भाग में शामिल करने के लिए कोई अतिरिक्त वाक्य","translate","sagarbora91","1","www/modules/payroll/index.html","1353","attribute:placeholder","177a5424775884216506493d58024b4218e794afb040c030199308fd383de7e5"
"🤝 Full & Final Settlement","🤝 पूर्ण आणि अंतिम सेटलमेंट","🤝 पूर्ण एवं अंतिम निपटान","translate","sagarbora91","1","www/modules/payroll/index.html","1365","element:h3","4d30bc6b355fdc9b494fe4430fc3a7dea215a6a34a1dd2c134c9086ba012d7e6"
"+ Adjustment row","+ समायोजन पंक्ती","+ समायोजन पंक्ति","translate","sagarbora91","1","www/modules/payroll/index.html","1376","element:button","05a7ba796d51f33efb0e0c761ab6546cea1e8612710baeb072e78c2f5a47eeb1"
"📄 Generate F&F PDF","📄 F&F PDF जनरेट करा","📄 F&F PDF जेनरेट करें","translate","sagarbora91","1","www/modules/payroll/index.html","1378","element:button","25dcbc8c6ab21aba34d77cfab37232d8926b2b2aa3c2a3cb7bbc6c641555b1a0"
"Pay-run:","पे-रन:","पे-रन:","translate","sagarbora91","1","www/modules/payroll/index.html","1405","element:h3","08eba0b7650bcbd42332a0a06fd6a80011d26f2a47504f4e2ee0f50ed737f1cf"
"Accountant name","अकाउंटंटचे नाव","अकाउंटेंट का नाम","translate","sagarbora91","1","www/modules/payroll/index.html","1410","attribute:placeholder","bb0b4d3689161714b1e487e955f41659e1429cabe272053d86073be56e07e678"
"Mark Reviewed","मार्कचे पुनरावलोकन केले","मार्क की समीक्षा की गई","translate","sagarbora91","1","www/modules/payroll/index.html","1417","element:button","58f088c122364dfd491e435a3d0a746bee826a046cccb5ad0800a3150abdc65f"
"🔒 Lock Pay-run","🔒 लॉक पे-रन","🔒 लॉक पे-रन","translate","sagarbora91","1","www/modules/payroll/index.html","1419","element:button","777c7db63c40966885a7eb38c7d2a5bfa3b1e789258b58e52fb5296069ef415e"
"📅 Close Month & Carry Forward","📅 महिना बंद करा आणि पुढे जा","📅 महीना बंद करें और आगे बढ़ें","translate","sagarbora91","1","www/modules/payroll/index.html","1421","element:button","14c00d67659baf6ac4be01dc8923a48c052560761434c408017d6b9be9cbd283"
"Payroll Register","पेरोल रजिस्टर","पेरोल रजिस्टर","translate","sagarbora91","1","www/modules/payroll/index.html","1451","element:h3","94d7b66c8c1e5ceeec9b7181eb83b9049b13c4a7620cec4991ee40c76e28bb40"
"📄 Export Register PDF","📄 एक्सपोर्ट रजिस्टर PDF","📄 निर्यात रजिस्टर PDF","translate","sagarbora91","1","www/modules/payroll/index.html","1453","element:button","0a07556468c012c01b1c522e0787c0bbf921e1e5fabe72c877ce887fc35efbd2"
"📥 Export Bank CSV","📥 निर्यात बँक CSV","📥एक्सपोर्ट बैंक CSV","translate","sagarbora91","1","www/modules/payroll/index.html","1458","element:button","017598390a78c49a6c0c79ee27f61e02f40d782e22f072bbd7228b753cbb25fc"
"Statutory — Summary & Register","वैधानिक — सारांश आणि नोंदणी","वैधानिक - सारांश और रजिस्टर","translate","sagarbora91","1","www/modules/payroll/index.html","1461","element:h3","c2896025d336241a5b5833bbd536ccc6a8e443eae03af9c1291fe0e23432c60d"
"📄 Member-wise PDF","📄 सदस्यनिहाय PDF","📄 सदस्य-वार PDF","translate","sagarbora91","1","www/modules/payroll/index.html","1466","element:button","c7de05dfd26c96f40111ee27d2b57df226e875f0c34ede65a978d1c753343f7c"
"Member-wise CSV","सदस्यानुसार CSV","सदस्य-वार CSV","translate","sagarbora91","1","www/modules/payroll/index.html","1467","element:button","0462af3223bfae6bbe1174aa311703c1969418a5167f2b557ada77b902ed8364"
"Professional Tax (Maharashtra)","व्यावसायिक कर (महाराष्ट्र)","व्यावसायिक कर (महाराष्ट्र)","translate","sagarbora91","1","www/modules/payroll/index.html","1488","element:h3","51f52214aee41156421401b09b99a426181fd0deb7c39e1117e504459dcaa955"
"Male exempt up to ₹","पुरुषांना ₹ पर्यंत सूट","पुरुष को ₹ तक की छूट","translate","sagarbora91","1","www/modules/payroll/index.html","1490","element:label","edfc8c65c13fb0b5742e9b88d5909cc748f69faa1d672bd6e6a032cf709dfa7f"
"Male mid limit ₹","पुरुष मध्यम मर्यादा ₹","पुरुष मध्य सीमा ₹","translate","sagarbora91","1","www/modules/payroll/index.html","1491","element:label","9409246bd497173f5f946296859463db52703cd5d912c6e772277fb42dd88e09"
"Male mid amount ₹","पुरुष मध्यम रक्कम ₹","पुरुष मध्य राशि ₹","translate","sagarbora91","1","www/modules/payroll/index.html","1492","element:label","a37e733a70e3f2a7e8182b4f6fde0ec486e7c384b735c20355cd71820d407320"
"Standard amount ₹","मानक रक्कम ₹","मानक राशि ₹","translate","sagarbora91","1","www/modules/payroll/index.html","1493","element:label","9ddb96ef42939fb8fc21d04d2c7ca7e386c74bab6dc8b4272484b718c2f935b4"
"February amount ₹","फेब्रुवारीची रक्कम ₹","फरवरी राशि ₹","translate","sagarbora91","1","www/modules/payroll/index.html","1494","element:label","7ce14a9c07050dbd3ecd1eab699e72b04db8bdb113081d63a39c918bfe92f538"
"Female exempt up to ₹","महिलांना ₹ पर्यंत सूट","महिलाओं को ₹ तक की छूट","translate","sagarbora91","1","www/modules/payroll/index.html","1495","element:label","f6161db2b421c172524f7bd77c72bec78a37098167f32932ef3f801b306da473"
"Provident Fund","भविष्य निर्वाह निधी","भविष्य निधि","translate","sagarbora91","1","www/modules/payroll/index.html","1499","element:h3","f0c7e98a35dd060f9ff8b1282e8a1d87f7def98c7121a61c98bd246be2cea160"
"Wage cap ₹","वेतन मर्यादा ₹","वेतन सीमा ₹","translate","sagarbora91","1","www/modules/payroll/index.html","1503","element:label","792c39fa696310dc490625ad0dcc505a7d3dbfb87bc8cb0fe79b9aafb6783f6a"
"Gross ceiling ₹","एकूण कमाल मर्यादा ₹","सकल सीमा ₹","translate","sagarbora91","1","www/modules/payroll/index.html","1511","element:label","569d9bbf79d3fd00c63a7fe21bda97cc37de1883adad7b2357b97c7e2c22ea3b"
"Firm Profile (printed on slips/letters)","फर्म प्रोफाइल (स्लिप्स/अक्षरांवर छापलेले)","फर्म प्रोफाइल (पर्चियों/अक्षरों पर मुद्रित)","translate","sagarbora91","1","www/modules/payroll/index.html","1515","element:h3","f41363148e021c5d817da4e93c33d61b7050dc9f2cd85ce5a8749682704a3e56"
"Authorised Signatory (default)","अधिकृत स्वाक्षरीकर्ता (डीफॉल्ट)","प्राधिकृत हस्ताक्षरकर्ता (डिफ़ॉल्ट)","translate","sagarbora91","1","www/modules/payroll/index.html","1518","element:label","f9bdf15369465f590d7d30f8bd6f041df644ca6a4e71864e3c067c0cf3be5eca"
"↺ Restore Defaults","↺ डीफॉल्ट पुनर्संचयित करा","↺ डिफ़ॉल्ट पुनर्स्थापित करें","translate","sagarbora91","1","www/modules/payroll/index.html","1525","element:button","dac96ca94ceca58a203969f7fe7ee26f38a1a9617735f01cae9e0ad02e1591aa"
"Validation","प्रमाणीकरण","मान्यता","translate","sagarbora91","1","www/modules/payroll/index.html","1551","element:h3","68e1ca575295bb5604fea711b5d2eff44006ce4bd985481083a76b71fce0daef"
"e.g. Sagar Bora, Proprietor","उदा. सागर बोरा, मालक","जैसे सागर बोरा, मालिक","translate","sagarbora91","1","www/modules/payroll/index.html","1558","attribute:placeholder","136176837782480c741d68cc5fc2814226ce7b269cb492e44a47f7dcf3059ba3"
"Search name or ID…","नाव किंवा ID शोधा…","नाम या ID खोजें…","translate","sagarbora91","1","www/modules/payroll/index.html","1565","attribute:placeholder","93d2259c3614d028ac606742da2429c41ebb459f800256576d497d4c5ecf636d"
"Select All Visible","सर्व दृश्यमान निवडा","सभी दृश्यमान का चयन करें","translate","sagarbora91","1","www/modules/payroll/index.html","1572","element:button","981a52b855ebe988f4984a0257f29d6fca5e26e82e3d60a1779eb59575083521"
"Generate & Export","व्युत्पन्न करा आणि निर्यात करा","उत्पन्न करें और निर्यात करें","translate","sagarbora91","1","www/modules/payroll/index.html","1591","element:h3","1c4936beafd09fc9714fb1e0fb5188142ee07e301a5088c1330575a4f07e6e71"
"Preview Slips","स्लिप्सचे पूर्वावलोकन करा","पर्चियों का पूर्वावलोकन करें","translate","sagarbora91","1","www/modules/payroll/index.html","1594","element:button","6ead5cd4a66fd8bea02cbb97148cb65baec243b2d2f456ffbe06b8d5408d64ac"
"Export ZIP of Individual PDFs","वैयक्तिक PDF ची ZIP निर्यात करा","व्यक्तिगत PDFs का ZIP निर्यात करें","translate","sagarbora91","1","www/modules/payroll/index.html","1595","element:button","1ee27df145b59ac40311974e7a0a35ce6da2783ea1645ec6d572fbbdae01931f"
"Export Single Combined PDF","एकल एकत्रित PDF निर्यात करा","एकल संयुक्त PDF निर्यात करें","translate","sagarbora91","1","www/modules/payroll/index.html","1596","element:button","dd0333492edae7576114a2c7fdfe01fc2f906955625ba0e1937db56d2654dd2b"
"Export These as ZIP","हे ZIP म्हणून निर्यात करा","इन्हें ZIP के रूप में निर्यात करें","translate","sagarbora91","1","www/modules/payroll/index.html","1600","element:button","863699a56bde88b63ad01be35d8e3c593327c721c5f626d552bc0c527bcb1cd1"
"Viewing a PAST date (","मागील तारीख पहात आहे (","पिछली तारीख देखना (","translate","sagarbora91","1","www/modules/payroll/index.html","1716","script-message","866fee1655458c9126211db2b7b1407474a2020d975faaa52124272c2f48d834"
"Could not open report:","अहवाल उघडता आला नाही:","रिपोर्ट नहीं खुल सकी:","translate","sagarbora91","1","www/modules/payroll/index.html","1780","script-message","d11c9f3af9956fe0d5f2e665480fd21fe0c635cc3a2da300310584de4d5fb69d"
"Could not save. Please download a snapshot.","वाचवू शकलो नाही. कृपया स्नॅपशॉट डाउनलोड करा.","सहेजा नहीं जा सका. कृपया एक स्नैपशॉट डाउनलोड करें.","translate","sagarbora91","1","www/modules/payroll/index.html","1951","script-message","906fe3173b07728cc3ff2cbb16aa4d8357951272e2ec8d4e4010b2f7364bc671"
"This pay-run (","हे वेतन-रन (","यह पे-रन (","translate","sagarbora91","1","www/modules/payroll/index.html","2036","script-message","c288b1e40c1358f8d2c2ab8cea1f79d91a491361fb4fd298ccdb13fbce03f48f"
"GM","जीएम","जीएम","translate","sagarbora91","1","www/modules/payroll/index.html","2133","element:option","b3910ba413cc702465f0a0fdc946f2a2cffc67f143a4f854eaa3273f941d44bb"
"Single-firm build — Saagar Traders only","सिंगल-फर्म बिल्ड — फक्त सागर ट्रेडर्स","एकल-फर्म निर्माण - केवल सागर ट्रेडर्स","translate","sagarbora91","1","www/modules/payroll/index.html","2133","attribute:title","227dabc033ec93b9789a3758d9aad8e9470cc008b1fb5a3141780e67ac2327fe"
"From Advance Vouchers mapped to this month (+ any legacy manual advance)","या महिन्यापर्यंत मॅप केलेल्या ॲडव्हान्स व्हाउचरमधून (+ कोणतेही लीगेसी मॅन्युअल ॲडव्हान्स)","इस माह के लिए मैप किए गए अग्रिम वाउचर से (+ कोई भी विरासती मैन्युअल अग्रिम)","translate","sagarbora91","1","www/modules/payroll/index.html","2288","attribute:title","d6a86f2968f38afb10a9d562591cd7e3d763ad622af59dc5255a1a3da8530c6a"
"9XXXXXXXXX","9XXXXXXXXX","9XXXXXXXXX","translate","sagarbora91","1","www/modules/payroll/index.html","2415","attribute:placeholder","3c0aaae3e764ff05e0a163083e30b623996a3bad8f8aa7e5e2008583d18868f2"
"NEFT / UTR no.","एनईएफटी / यूटीआर क्र.","एनईएफटी/यूटीआर नंबर.","translate","sagarbora91","1","www/modules/payroll/index.html","2429","attribute:placeholder","1d812b1a97e59bfe81e9259e6c8bfdff6960b44f96facad10258fbc8a12d3e92"
"Open WhatsApp chat with a pay-summary message","पे-सारांश संदेशासह WhatsApp चॅट उघडा","पे-सारांश संदेश के साथ व्हाट्सएप चैट खोलें","translate","sagarbora91","1","www/modules/payroll/index.html","2437","attribute:title","22e91365e6d38e5fdd703515b8362f16ecfbfb5c909ea91d9896ffa841ab98d1"
"This employee has no computable salary yet (check gross & attendance).","या कर्मचाऱ्याकडे अद्याप कोणतेही गणना करण्यायोग्य पगार नाही (एकूण आणि उपस्थिती तपासा).","इस कर्मचारी का अभी तक कोई गणना योग्य वेतन नहीं है (सकल और उपस्थिति की जाँच करें)।","translate","sagarbora91","1","www/modules/payroll/index.html","2450","script-message","2869eaf4dfe13cf068314d46480f797731e3675992a605bbafeedcb7c50d5051"
"Could not build slip:","स्लिप तयार करू शकलो नाही:","पर्ची नहीं बन सकी:","translate","sagarbora91","1","www/modules/payroll/index.html","2457","script-message","bb8c25b5538a164f4143d87d7baf7d7f391db302d8aca1d4edb01979eacc1c28"
"Add this employee's mobile number first.","आधी या कर्मचाऱ्याचा मोबाईल नंबर जोडा.","सबसे पहले इस कर्मचारी का मोबाइल नंबर जोड़ें.","translate","sagarbora91","1","www/modules/payroll/index.html","2463","script-message","a76ea82e0271c75bff2892de8da056f75f4b683724d483382317cb336a65e826"
"Invalid JSON file.","अवैध JSON फाइल.","अमान्य JSON फ़ाइल.","translate","sagarbora91","1","www/modules/payroll/index.html","2572","script-message","eebbef07751b78406a2d2486aa64588e5521e0a9ab8da3365223a3c12689f73c"
"Reset everything? All data will be cleared.","सर्वकाही रीसेट करायचे? सर्व डेटा साफ केला जाईल.","सब कुछ रीसेट करें? सारा डेटा साफ़ हो जाएगा.","translate","sagarbora91","1","www/modules/payroll/index.html","2584","script-message","0e0bff709fb41c53170c021fd7f26e52216189e4057d3cf863d56d6e06eb599c"
"Amount (Rs.)","रक्कम (रु.)","राशि (रु.)","translate","sagarbora91","1","www/modules/payroll/index.html","2820","element:th","492dc5a5f1a59f699b0ab8242e4ea574a0753e64c83a6947b23a51676276cd0b"
"Employee not found. Refresh and try again.","कर्मचारी सापडला नाही. रिफ्रेश करा आणि पुन्हा प्रयत्न करा.","कर्मचारी नहीं मिला. ताज़ा करें और पुनः प्रयास करें.","translate","sagarbora91","1","www/modules/payroll/index.html","2945","script-message","e685ddda21234dca03abfa09ce6bbe731e705076950cb718d935b4972c9d8b6d"
"Enter a valid advance amount.","एक वैध आगाऊ रक्कम प्रविष्ट करा.","वैध अग्रिम राशि दर्ज करें.","translate","sagarbora91","1","www/modules/payroll/index.html","2947","script-message","934c76d8a3875a9b360ec39dac48063e272801359ec6ef5539f9a65a4b9530fd"
"Add the employee's mobile in Employee Master to open WhatsApp. Use 📄 PDF to share the voucher.","व्हॉट्सॲप उघडण्यासाठी कर्मचारी मास्टरमध्ये कर्मचाऱ्याचा मोबाइल जोडा. व्हाउचर शेअर करण्यासाठी 📄 PDF वापरा.","WhatsApp खोलने के लिए कर्मचारी के मोबाइल को कर्मचारी मास्टर में जोड़ें। वाउचर साझा करने के लिए 📄 PDF का उपयोग करें।","translate","sagarbora91","1","www/modules/payroll/index.html","3003","script-message","02f085599fbfe1ddd6b97615eee101946772dec822faf05c99b7c0de7785920a"
"Add the employee's mobile in Employee Master to open WhatsApp. Use 📄 Export PDF to share the letter.","व्हॉट्सॲप उघडण्यासाठी कर्मचारी मास्टरमध्ये कर्मचाऱ्याचा मोबाइल जोडा. पत्र शेअर करण्यासाठी 📄 निर्यात PDF वापरा.","व्हाट्सएप खोलने के लिए कर्मचारी के मोबाइल को कर्मचारी मास्टर में जोड़ें। पत्र साझा करने के लिए 📄Export PDF का उपयोग करें।","translate","sagarbora91","1","www/modules/payroll/index.html","3147","script-message","a5ccd130e71ec0b4b445b03ce71d7c6cf6e32f3b837c2da4b1bfcca3be9806d7"
"Could not save the F&F record.","F&F रेकॉर्ड जतन करू शकलो नाही.","F&F रिकॉर्ड सहेजा नहीं जा सका.","translate","sagarbora91","1","www/modules/payroll/index.html","3160","script-message","a1810bb0385ca67358d67db70828cb16b907787e32516cd55c371aa6810bfef6"
"Up to 4 adjustment rows.","4 समायोजन पंक्ती पर्यंत.","अधिकतम 4 समायोजन पंक्तियाँ।","translate","sagarbora91","1","www/modules/payroll/index.html","3178","script-message","8775dc3f8f8cdc3a980216ba4f4841f6d6002b45c05c895773a859f01b2feb8c"
"Adjustment label (e.g. Leave encashment / Uniform recovery)","समायोजन लेबल (उदा. लीव्ह कॅशमेंट / एकसमान पुनर्प्राप्ती)","समायोजन लेबल (जैसे अवकाश नकदीकरण / वर्दी वसूली)","translate","sagarbora91","1","www/modules/payroll/index.html","3182","attribute:placeholder","d5070b56718b55cf0fc8856609c61ed3f70f5bedbc2921fd9ad2da00b8d8061f"
"No computable salary for the current period (check total days / gross).","चालू कालावधीसाठी कोणतेही गणना करण्यायोग्य पगार नाही (एकूण दिवस / एकूण तपासा).","वर्तमान अवधि के लिए कोई गणना योग्य वेतन नहीं (कुल दिन/सकल की जाँच करें)।","translate","sagarbora91","1","www/modules/payroll/index.html","3238","script-message","773f33f298658ad54c3804bc8a01bcf0ba736531757c12ec89f7ae954d01e9ec"
"Pay-run is locked. Unlock first.","पे-रन लॉक आहे. प्रथम अनलॉक करा.","पे-रन लॉक हो गया है. पहले अनलॉक करें.","translate","sagarbora91","1","www/modules/payroll/index.html","3442","script-message","c4e27b1b75765ae8de83b30fe176dceaa3136b9a6ad2be4b8be42b55ea47b330"
"Already locked.","आधीच कुलूपबंद.","पहले से ही लॉक है.","translate","sagarbora91","1","www/modules/payroll/index.html","3452","script-message","5d8e167bc4a6ce8e22f3c7797ebe5548cf93744e5d71a4096c7e7f524889390e"
"Enter the Approved By (Owner) name before locking.","लॉक करण्यापूर्वी (मालकाने) मंजूर केलेले नाव प्रविष्ट करा.","लॉक करने से पहले स्वीकृत (स्वामी) नाम दर्ज करें।","translate","sagarbora91","1","www/modules/payroll/index.html","3456","script-message","a1d1579b3845e68d9adea378f2a214068b9c58d4bab3702ebce870aaf6156ee3"
"Lock the pay-run for","साठी पे-रन लॉक करा","के लिए पे-रन लॉक करें","translate","sagarbora91","1","www/modules/payroll/index.html","3457","script-message","83f9185d3c4345cf9588439e2ef290b796805e9e9bb2925e2b9f53b0f5c22f2e"
"Pay-run LOCKED for","पे-रन साठी LOCKED","पे-रन के लिए लॉक किया गया","translate","sagarbora91","1","www/modules/payroll/index.html","3480","script-message","a2d9f459a13eb9a9c5277e96be8f5b7bbc44ffd90d2d8060bce4289593aa2214"
"This pay-run is not locked.","हे पे-रन लॉक केलेले नाही.","यह पे-रन लॉक नहीं है.","translate","sagarbora91","1","www/modules/payroll/index.html","3485","script-message","9657f45953791b63c72a5ef7e3cd1bc781418064c6390ccfa15067481a95cc1b"
"Lock the current pay-run before closing the month.","महिना बंद करण्यापूर्वी वर्तमान पे-रन लॉक करा.","महीना बंद करने से पहले मौजूदा पे-रन को लॉक कर दें।","translate","sagarbora91","1","www/modules/payroll/index.html","3495","script-message","db3adaf98966932985689fe5dd3b6bdd2de552713746bb1191ee16cbde23e287"
"Cannot close into","मध्ये बंद करू शकत नाही","में बंद नहीं किया जा सकता","translate","sagarbora91","1","www/modules/payroll/index.html","3504","script-message","61c844022c585f3334c83b53e6f7e720f616c939bd173e1a549f28c0b32e0396"
"Month closed. Now working on","महिना बंद. आता काम करत आहे","महीना बंद. अभी काम चल रहा है","translate","sagarbora91","1","www/modules/payroll/index.html","3514","script-message","cabefe487df2d872767e81cae97413cb1b281f13992ed90883e171498a32ba92"
"Settings saved. Non-locked pay-runs will use the new figures.","सेटिंग्ज सेव्ह केल्या. नॉन-लॉक केलेले पे-रन नवीन आकडे वापरतील.","सेटिंग्स सहेजी गईं. नॉन-लॉक्ड पे-रन नए आंकड़ों का उपयोग करेंगे।","translate","sagarbora91","1","www/modules/payroll/index.html","3618","script-message","a43376615ba4bb16f6c9358bb89343ea306feaeea96bf022cca41954085f948c"
"Restore the built-in default statutory figures?","अंगभूत डीफॉल्ट वैधानिक आकडे पुनर्संचयित करायचे?","अंतर्निहित डिफ़ॉल्ट वैधानिक आंकड़े पुनर्स्थापित करें?","translate","sagarbora91","1","www/modules/payroll/index.html","3622","script-message","4458f205fc6d69f438ca3e20ecd6a1ab5d9f1e7500881d9f75f9f720f9c334dd"
"Import writes to DRAFT pay-runs only — this run is","आयात फक्त ड्राफ्ट पे-रनवर लिहिते — ही रन आहे","आयात केवल DRAFT पे-रन के लिए लिखता है - यह रन है","translate","sagarbora91","1","www/modules/payroll/index.html","3742","script-message","fd54a4e02b9ed1715937e77e8b15f606c2d63305a1f94727fca1321cc2c9a554"
"Nothing to import.","आयात करण्यासाठी काहीही नाही.","आयात करने के लिए कुछ भी नहीं.","translate","sagarbora91","1","www/modules/payroll/index.html","3750","script-message","a6c235ebd14a8e1870c00f329287e2727e7f338a2650bbc498d800bf7c902200"
"Imported attendance for","साठी आयात उपस्थिती","के लिए आयातित उपस्थिति","translate","sagarbora91","1","www/modules/payroll/index.html","3755","script-message","9ba5baabe6c8d6b9cd9b7e7986909a5d4a41f715598816c163db3a209f857bfd"
"No feed data for this row.","या पंक्तीसाठी फीड डेटा नाही.","इस पंक्ति के लिए कोई फ़ीड डेटा नहीं.","translate","sagarbora91","1","www/modules/payroll/index.html","3761","script-message","3e01d3d5e0117e53a6506ae0a6224ed804c81b534cbef786f54c42cd479df3c2"
"Avg SM","सरासरी SM","औसत एस.एम","translate","sagarbora91","1","www/modules/payroll/index.html","3800","element:th","88ee8283e33c8b9f34676fca0409065ee54b66e427a4f39e6e27342bc085b5d7"
"Entered","प्रवेश केला","प्रवेश किया","translate","sagarbora91","1","www/modules/payroll/index.html","3839","element:th","db7dc45de14f2b94353946f9881c7cb49979cc540b89430bd0a59ea0709aa59c"
"Leave Desk","डेस्क सोडा","डेस्क छोड़ें","translate","sagarbora91","1","www/modules/payroll/index.html","3839","element:th","62f1aa997d6b7420886d84d27b64fde371fa200be3abb609fe1952d0681783ab"
"Avg","सरासरी","औसत","translate","sagarbora91","1","www/modules/payroll/index.html","3877","element:th","41835ff14ac6b8c789e93c4f3af5fdda54d093c45144a3cce1bb907e9c222162"
"Apply selected → draft","निवडलेला → मसुदा लागू करा","चयनित → ड्राफ्ट लागू करें","translate","sagarbora91","1","www/modules/payroll/index.html","3883","element:button","8e9f418412afe44bea8255e0b6935272c255bd92d84feca4eebb6f129923186c"
"Draft runs only","मसुदा फक्त चालतो","ड्राफ्ट केवल चलता है","translate","sagarbora91","1","www/modules/payroll/index.html","3883","attribute:title","9d771d50afe37a539d8c89f9adfcc3cc902c235b2f709a9591e58f9e63a12f9f"
"Tick at least one employee to import.","आयात करण्यासाठी किमान एक कर्मचारी खूण करा.","आयात करने के लिए कम से कम एक कर्मचारी पर निशान लगाएं।","translate","sagarbora91","1","www/modules/payroll/index.html","3888","script-message","52885bcb3df2f0c4bef7f1cc33bd01e18a4d48f7a0af1e558d021cced7597efc"
"🎊 Festival & Season Planner","🎊 उत्सव आणि सीझन प्लॅनर","🎊त्यौहार और सीज़न योजनाकार","translate","sagarbora91","1","www/modules/planning/index.html","303","element:h1","52d1502b77e0f0e021f6fcc01d0f2fbd3f267cb1530180d56cb2cd2222ba9a7f"
"Akshaya Tritiya","अक्षय्य तृतीया","अक्षय तृतीया","translate","sagarbora91","1","www/modules/planning/index.html","311","element:option","22eba3fdf4a2831249f565a41eb5ff575a08d69029939a7af47b70522e18526e"
"Dhanteras","धनत्रयोदशी","धनतेरस","translate","sagarbora91","1","www/modules/planning/index.html","311","element:option","7f373259259e45d3afd5e3b4a099bf5dfe73a6f5479ceb59d6b440cc1afbfa9d"
"Diwali","दिवाळी","दिवाली","translate","sagarbora91","1","www/modules/planning/index.html","311","element:option","579b0bec9023767ce1e4cea28a6ed9a08ad7da5421fc5019929b5684edfe9e14"
"e.g. Dhanteras 2026","उदा. धनतेरस 2026","जैसे धनतेरस 2026","translate","sagarbora91","1","www/modules/planning/index.html","311","attribute:placeholder","ea2382167317ea42d70160311a48b9f84aad88e456ffa7e5c0ada904abe62721"
"Gudi Padwa","गुढी पाडवा","गुड़ी पड़वा","translate","sagarbora91","1","www/modules/planning/index.html","311","element:option","32da4db862889a949fcf184c2031dbae1c278297099d2f6f18dd00057750c03c"
"Raksha Bandhan","रक्षाबंधन","रक्षाबंधन","translate","sagarbora91","1","www/modules/planning/index.html","311","element:option","906f295bca67802eabdb10c829b80ca65c23b2732ebd74c65cb72d22e0093c17"
"Wedding season","लग्नाचा हंगाम","शादी का मौसम","translate","sagarbora91","1","www/modules/planning/index.html","311","element:option","178295c6df4ace6d137a1e023c1cb63ee1c902f0e7676d3b966fa0090c9bf394"
"Target — Titan World (₹)","लक्ष्य — टायटन वर्ल्ड (₹)","लक्ष्य - टाइटन वर्ल्ड (₹)","translate","sagarbora91","1","www/modules/planning/index.html","314","element:label","06a8cc4bf059ddac9c5e7d16bccf51a4fb872d3e8ebcd053980a649daf95cec3"
"e.g. push gold-plated gifting range","उदा. पुश गोल्ड-प्लेटेड गिफ्टिंग रेंज","जैसे पुश गोल्ड-प्लेटेड गिफ्टिंग रेंज","translate","sagarbora91","1","www/modules/planning/index.html","316","attribute:placeholder","70fa65d48d7ddda401ff8f3109b78f75fff95b306701134926566d9bf9758851"
"Leave blackout — warn before approving staff leave in this window","ब्लॅकआउट सोडा — या विंडोमध्ये कर्मचाऱ्यांची रजा मंजूर करण्यापूर्वी चेतावणी द्या","ब्लैकआउट छोड़ें - इस विंडो में कर्मचारियों की छुट्टी स्वीकृत करने से पहले चेतावनी दें","translate","sagarbora91","1","www/modules/planning/index.html","317","element:label","e9d5508c0c4c9e24deb9f7365d7f979a349aa1c6b47c2c14a86f3071c01bba22"
"Start and end dates are required","प्रारंभ आणि समाप्ती तारखा आवश्यक आहेत","आरंभ और समाप्ति तिथियां आवश्यक हैं","translate","sagarbora91","1","www/modules/planning/index.html","362","script-message","a6a07d33441c6804dc612b920090c9763fe8557f25961bb68afed03e240b223d"
"End date is before start","समाप्ती तारीख सुरू होण्यापूर्वीची आहे","समाप्ति तिथि आरंभ से पहले की है","translate","sagarbora91","1","www/modules/planning/index.html","363","script-message","512b543fc28a82f782f0578b3fb32b6044118a083f71318c7c2d57fcee30b811"
"Delete this festival?","हा उत्सव हटवायचा?","यह त्यौहार हटाएं?","translate","sagarbora91","1","www/modules/planning/index.html","382","script-message","ba100de9edea80fc03265268a79300a1c24cd261d9557b4445c69500d6bdc859"
"Add a prep item — e.g. top up Raga stock","एक तयारी आयटम जोडा — उदा. टॉप अप रागा स्टॉक","एक तैयारी आइटम जोड़ें - उदा. रागा स्टॉक टॉप अप करें","translate","sagarbora91","1","www/modules/planning/index.html","413","attribute:placeholder","a78b10607f760859386dbcf17da19fabda92cd183e3e773aa5a4423a074d24c7"
"Toggle navigation","नेव्हिगेशन टॉगल करा","नेविगेशन टॉगल करें","translate","sagarbora91","1","www/modules/qms/index.html","587","attribute:aria-label","dfc1e6d16ba5e2e5f8632c1c6e90ee41dfcbda8c31f1a23afe5601823431b183"
"Switch","स्विच करा","स्विच करें","translate","sagarbora91","1","www/modules/qms/index.html","610","element:button","39921a740bf2b67802a2042e1f87e9dec566131c2458aba5683e2827ced0d2c3"
"Modal","मोडल","मोडल","translate","sagarbora91","1","www/modules/qms/index.html","629","element:h3","18093cad26441ad13739840b68cb4dc6b379831aa2742a41f054b83091129924"
"Edits locked after EOD close.","EOD बंद झाल्यानंतर संपादने लॉक केली.","ईओडी बंद होने के बाद संपादन लॉक हो गए।","translate","sagarbora91","1","www/modules/qms/index.html","659","script-message","3a825b400ef5a51138af0d4e2d4beab7b67228bd57d86f6934dadb6522fe14c1"
"Save control unavailable. Nothing was changed.","सेव्ह कंट्रोल उपलब्ध नाही. काहीही बदलले नाही.","नियंत्रण सहेजें अनुपलब्ध. कुछ भी नहीं बदला गया.","translate","sagarbora91","1","www/modules/qms/index.html","703","script-message","cd1a2f9518323523cb1c1bab598bc48d77ca296fa8e86c7548486971c92bca1b"
"Save failed. Your previous saved data is unchanged; retry when storage is available.","जतन करणे अयशस्वी झाले. तुमचा पूर्वीचा जतन केलेला डेटा अपरिवर्तित आहे; स्टोरेज उपलब्ध असताना पुन्हा प्रयत्न करा.","सहेजना विफल. आपका पिछला सहेजा गया डेटा अपरिवर्तित है; भंडारण उपलब्ध होने पर पुनः प्रयास करें।","translate","sagarbora91","1","www/modules/qms/index.html","715","script-message","b6e82d4bc1a6bc2b0e2a04210eb8c3f1aa6c289e70947dd9f8f89ac43a3f51b9"
"SM / Admin access required.","SM / प्रशासन प्रवेश आवश्यक आहे.","एसएम/एडमिन एक्सेस आवश्यक।","translate","sagarbora91","1","www/modules/qms/index.html","728","script-message","6ff8a3c23412ce0aef2826f6f0da801d50b284bfd89a95642e9bebf626d0f40b"
"Full Queue →","पूर्ण रांग →","पूरी कतार →","translate","sagarbora91","1","www/modules/qms/index.html","785","element:button","81567afc5030fceae15f4f38335cb6e0252cc184a9c8a0a4cd02e81354430ffa"
"Close EOD","EOD बंद करा","ईओडी बंद करें","translate","sagarbora91","1","www/modules/qms/index.html","788","element:button","3c1d55451dd5dc03d2bf2b0edb629caaa4c0309d56b59f3cf9bef9a7c5f68bab"
"Rotation created.","रोटेशन तयार केले.","रोटेशन बनाया गया.","translate","sagarbora91","1","www/modules/qms/index.html","792","script-message","7a11380b56cad59d0e1df0026835d07b2b81ec2276513340e6fc4edaeada5b5e"
"Select at least one CRO.","किमान एक CRO निवडा.","कम से कम एक CRO चुनें.","translate","sagarbora91","1","www/modules/qms/index.html","792","script-message","f8c63ab83d4d810ab0bb947acf0b77afc435941828f439390ca7c9d2bdd6f001"
"CRO-06","CRO-06","CRO-06","translate","sagarbora91","1","www/modules/qms/index.html","793","attribute:placeholder","3e191dcd6d2ddbc118f69bb3e6ed8bab4a0f15c5d483d0d494927a25675228d1"
"CRO added.","CRO जोडण्यात आला.","CRO जोड़ा गया।","translate","sagarbora91","1","www/modules/qms/index.html","794","script-message","1ce382e4ee6b15a0594984430b60f52b03ae7c9a66ae2c11ffa77ba38f4cbf3e"
"Create today's rotation first.","प्रथम आजचे रोटेशन तयार करा.","पहले आज का रोटेशन बनाएं.","translate","sagarbora91","1","www/modules/qms/index.html","795","script-message","337dcc102597d8d8276b60fafcf8d6ca025d27a77b998b48e28e38a1d06cadf3"
"No CRO left to add.","जोडण्यासाठी कोणताही CRO शिल्लक नाही.","जोड़ने के लिए कोई CRO नहीं बचा।","translate","sagarbora91","1","www/modules/qms/index.html","795","script-message","4d02dd0507ceff7ee28dbb730be336a23263a3f6c54ec928d67536163bc39af0"
"CRO added to today.","CRO आजच्या रोटेशनमध्ये जोडण्यात आला.","CRO को आज की रोटेशन में जोड़ा गया।","translate","sagarbora91","1","www/modules/qms/index.html","796","script-message","15ca12d9cc125a503883b55acd0217988654bb062d74bd45add8dbe1d6079905"
"Status updated.","स्थिती अपडेट केली.","स्थिति अद्यतन की गई.","translate","sagarbora91","1","www/modules/qms/index.html","798","script-message","2fa87b0bd7d27905ddb42614a4585c067cc4e3344df9684dc502b4202b3d2751"
"Remove this CRO from today's rotation?","हा CRO आजच्या रोटेशनमधून काढायचा?","इस CRO को आज के रोटेशन से हटाएं?","translate","sagarbora91","1","www/modules/qms/index.html","800","script-message","0938007cf9b752e7273f239102343f5260eb41568b29afe3f6de29aeb060f58d"
"Select a CRO.","एक CRO निवडा.","एक CRO चुनें.","translate","sagarbora91","1","www/modules/qms/index.html","835","script-message","eb4d2565950342a4655e9b6566667e0197dc00b27b3ee20da07c7bf7ec15d1f5"
"Already pre-claimed by","द्वारे आधीच दावा केला आहे","द्वारा पहले ही दावा किया जा चुका है","translate","sagarbora91","1","www/modules/qms/index.html","848","script-message","4f0fc7c3f887731e615da04b1c0e28dd4648882dce91196b2268b769c2a04a4e"
"Pre-claim added for","साठी पूर्व-दावा जोडला","के लिए पूर्व-दावा जोड़ा गया","translate","sagarbora91","1","www/modules/qms/index.html","874","script-message","be24a3bde8f6f7c036bb83f6ebd48989a2abe86321c37cc92b2163cc43a060af"
"Only active pre-claims can be cancelled.","केवळ सक्रिय पूर्व-दावे रद्द केले जाऊ शकतात.","केवल सक्रिय पूर्व-दावे ही रद्द किये जा सकते हैं।","translate","sagarbora91","1","www/modules/qms/index.html","876","script-message","5da3b7b93ad71dfff3d65c946d33be50411a2336ebbe9de3ef7a9e81408d78a6"
"Pre-claim cancelled.","पूर्व दावा रद्द केला.","पूर्व दावा रद्द कर दिया गया.","translate","sagarbora91","1","www/modules/qms/index.html","876","script-message","ee65c33a6ae30d4525ac374850953bebdb7fead3c5f563d87c8ab1127c823eba"
"— select your name —","- तुमचे नाव निवडा -","- अपना नाम चुनें -","translate","sagarbora91","1","www/modules/qms/index.html","877","element:option","91bc903469629ff4740cce2bae40905fbcb6bbb84c6630c4cbb516d2b062561c"
"Add Pre-Claim","प्री-क्लेम जोडा","पूर्व-दावा जोड़ें","translate","sagarbora91","1","www/modules/qms/index.html","877","element:button","878fe9f9e02766ff45521bf7039390878f0ca4251bc9d2e2fd7e4e58f783bd4f"
"e.g. coming this evening for the gold watch","उदा. सोन्याच्या घड्याळासाठी आज संध्याकाळी येत आहे","जैसे आज शाम को सोने की घड़ी के लिए आ रहा हूँ","translate","sagarbora91","1","www/modules/qms/index.html","877","attribute:placeholder","63c8d9414f9d53cb3547e3c0286041ce7f00604ae73d3b135ea75a9be5348213"
"Allocate to","ला वाटप करा","को आवंटित करें","translate","sagarbora91","1","www/modules/qms/index.html","903","element:label","d5328e05e2f1d0fd441b662b8a2a308c9d4b619c7440ebd8ba6e231807df9954"
"Auto (by rotation)","स्वयं (रोटेशनद्वारे)","ऑटो (रोटेशन द्वारा)","translate","sagarbora91","1","www/modules/qms/index.html","903","element:option","f3f90f840197a0e45583dc5cc81a681136dc50e960d84812b978a854110ec25a"
"Customer age status *","ग्राहक वय स्थिती *","ग्राहक आयु स्थिति *","translate","sagarbora91","1","www/modules/qms/index.html","903","element:label","126e22d0de5efa7525cccf22836a21ddb36c0992471b0f7f998264872671b459"
"Greeter closure disabled","ग्रीटर बंद करणे अक्षम केले","अभिवादक बंद करना अक्षम किया गया","translate","sagarbora91","1","www/modules/qms/index.html","903","attribute:title","5b4c44d24dcf5defa694bcfae55ceac4d2d80a7ca202caa8a8d6f31d1e56af8b"
"Guardian confirms authority and consents to the necessary processing (required only for under 18).","पालक अधिकाराची पुष्टी करतो आणि आवश्यक प्रक्रियेस संमती देतो (फक्त 18 वर्षाखालील मुलांसाठी आवश्यक).","अभिभावक प्राधिकार की पुष्टि करता है और आवश्यक प्रसंस्करण के लिए सहमति देता है (केवल 18 वर्ष से कम आयु के लिए आवश्यक)।","translate","sagarbora91","1","www/modules/qms/index.html","903","element:label","3d0b7823fbc0ab74315e8b09f7cc6fd923aed0595394d54dbceeab10b20d8cb4"
"No. of People","लोकांची संख्या","लोगों की संख्या","translate","sagarbora91","1","www/modules/qms/index.html","903","element:label","c9c61d9effd8ab0107e2335262051418e933af2dc1bd8d9e356fc88ec0ed142f"
"Optional: customer actively agrees to promotional WhatsApp offers, greetings and review requests. Service and visit updates do not depend on this.","पर्यायी: ग्राहक WhatsApp च्या प्रचारात्मक ऑफर, शुभेच्छा आणि पुनरावलोकन विनंत्यांना सक्रियपणे सहमती देतो. सेवा आणि भेट अद्यतने यावर अवलंबून नाहीत.","वैकल्पिक: ग्राहक सक्रिय रूप से प्रचारात्मक व्हाट्सएप ऑफ़र, शुभकामनाओं और समीक्षा अनुरोधों से सहमत होता है। सेवा और विज़िट अपडेट इस पर निर्भर नहीं हैं।","translate","sagarbora91","1","www/modules/qms/index.html","903","element:label","377d342f64b424416b9ee26d3099414ca9ee4af790cfb83f92e6d5a896c182d2"
"Product Interest","उत्पादन व्याज","उत्पाद रुचि","translate","sagarbora91","1","www/modules/qms/index.html","903","element:label","fa4115a8d045784e768b64779b1d0b7347e312f66176d7f491f0e35c97e1d6b5"
"Purpose / Notes","उद्देश / नोट्स","उद्देश्य/नोट्स","translate","sagarbora91","1","www/modules/qms/index.html","903","element:label","90b21480ff9d78c790f6b29ec22c14862fdb572167f4107914ad9c7a6bb873a2"
"Read full notice & rights","संपूर्ण सूचना आणि अधिकार वाचा","पूरी सूचना और अधिकार पढ़ें","translate","sagarbora91","1","www/modules/qms/index.html","903","element:button","c004a73f1e5b2ca5b058e4a1fd6f1fc26e38e9588753ce1af4f5ca5c3bc4c9c2"
"Referral","रेफरल","रेफरल","translate","sagarbora91","1","www/modules/qms/index.html","903","element:option","aeb7b00433003f75c286e214eccd11a1e4ba6fbd0d0413cb35864749821cc8e0"
"Save & Allocate CRO →","CRO जतन करा आणि वाटप करा →","CRO सहेजें और आवंटित करें →","translate","sagarbora91","1","www/modules/qms/index.html","903","element:button","3cea98a34bfc8890ea2d77677e5ade4fd7f22b52ff06c04fd5e0e7df7eaa9cda"
"Senior Citizen","ज्येष्ठ नागरिक","वरिष्ठ नागरिक","translate","sagarbora91","1","www/modules/qms/index.html","903","element:option","69a08bd8e8292315bbf9829d92dc21de8774fb6eb1938d15f72c0abf16568979"
"Source","स्त्रोत","स्रोत","translate","sagarbora91","1","www/modules/qms/index.html","903","element:label","0e570ca6fabe24f94e52c1833f3ffd25567022beb826fa16891f3322051bc221"
"Urgent Service","तातडीची सेवा","तत्काल सेवा","translate","sagarbora91","1","www/modules/qms/index.html","903","element:option","247aa95e71bbab145b9c971ff31fde7d4e61c77ec43eaf6d3f794f87e7e31398"
"VIP","व्हीआयपी","वीआईपी","translate","sagarbora91","1","www/modules/qms/index.html","903","element:option","986e2890737d7abe583e75e30c3d93b1a209289aee87e4a8a46af45394e4095f"
"Visit Type *","भेटीचा प्रकार*","विज़िट प्रकार*","translate","sagarbora91","1","www/modules/qms/index.html","903","element:label","ddbb54ba3514ca57c52f8c3611281970bfab1b09381b6c2a58595625031d24ee"
"Watch / strap / battery","घड्याळ / पट्टा / बॅटरी","घड़ी/पट्टा/बैटरी","translate","sagarbora91","1","www/modules/qms/index.html","903","attribute:placeholder","7aed264a9b13ceb1dd44ef905461170d38c1e414a62885f9926ef853c613aed1"
"What does the customer need?","ग्राहकाला काय हवे आहे?","ग्राहक को क्या चाहिए?","translate","sagarbora91","1","www/modules/qms/index.html","903","attribute:placeholder","609866d6a5d40a966c49442c42b6e4645f8310329c1d88fbfe8a89cc39c04dd9"
"The selected visit is no longer available.","निवडलेली भेट आता उपलब्ध नाही.","चयनित विज़िट अब उपलब्ध नहीं है.","translate","sagarbora91","1","www/modules/qms/index.html","916","script-message","61ca92f45be4c2edeaefb4146b50cd3e71e6627903818de5cf8fbfc68e6bea91"
"The duplicate suggestion is no longer available.","डुप्लिकेट सूचना यापुढे उपलब्ध नाही.","डुप्लिकेट सुझाव अब उपलब्ध नहीं है.","translate","sagarbora91","1","www/modules/qms/index.html","927","script-message","9878971723fcb0a42817c711cd2ea858c2a6a38ff86e5f69165276b737b40855"
"Open existing visit","विद्यमान भेट उघडा","मौजूदा विज़िट खोलें","translate","sagarbora91","1","www/modules/qms/index.html","951","element:button","bf2fd520b353a30b3c2f8583f530e9d3f6b69f4c99bf58bf00da4186634d3a69"
"Search older visits","जुन्या भेटी शोधा","पुरानी विज़िट खोजें","translate","sagarbora91","1","www/modules/qms/index.html","985","element:button","65967e2eb0461fcf7281ce8eaa9cbcff8393918a7d2e27b515eb061abbd27d67"
"EOD is closed — no new walk-ins. Create a fresh rotation to resume.","EOD बंद आहे — नवीन वॉक-इन नाहीत. पुन्हा सुरू करण्यासाठी नवीन रोटेशन तयार करा.","ईओडी बंद है - कोई नया प्रवेश नहीं। फिर से शुरू करने के लिए एक नया रोटेशन बनाएं।","translate","sagarbora91","1","www/modules/qms/index.html","1124","script-message","bfaf96965f27b474b7d45b073bd591b46853ccf02490617c6a402c810ce71315"
"Duplicate review unavailable. Nothing was saved.","डुप्लिकेट पुनरावलोकन अनुपलब्ध. काहीही जतन केले नाही.","डुप्लिकेट समीक्षा अनुपलब्ध है. कुछ भी नहीं बचाया गया.","translate","sagarbora91","1","www/modules/qms/index.html","1144","script-message","66f575ffe1f6f019f08f3a675101687263320ad62dfa8a47bc7fa17173459f9b"
"Explicit duplicate review is required before creating a separate visit.","स्वतंत्र भेट तयार करण्यापूर्वी स्पष्ट डुप्लिकेट पुनरावलोकन आवश्यक आहे.","अलग विज़िट बनाने से पहले स्पष्ट डुप्लिकेट समीक्षा आवश्यक है।","translate","sagarbora91","1","www/modules/qms/index.html","1158","script-message","feb8668e253ced4ec4d4a55e52e4c546f56b2291e3349dcc719200548c93b05f"
"Privacy evidence could not be saved. The queue visit was not created; retry or review the legal log if this repeats.","गोपनीयतेचा पुरावा जतन करता आला नाही. रांग भेट तयार झाली नाही; पुन्हा प्रयत्न करा किंवा कायदेशीर लॉगचे पुनरावृत्ती झाल्यास त्याचे पुनरावलोकन करा.","गोपनीयता साक्ष्य सहेजा नहीं जा सका. कतार विज़िट नहीं बनाई गई थी; यदि यह दोहराया जाता है तो पुनः प्रयास करें या कानूनी लॉग की समीक्षा करें।","translate","sagarbora91","1","www/modules/qms/index.html","1207","script-message","025e6fc624fc57f1dc59d31e1436021252d4d102b6a8171ff142ecece1908bb8"
"The queue visit or rotation is no longer available.","रांग भेट किंवा रोटेशन यापुढे उपलब्ध नाही.","कतार विज़िट या रोटेशन अब उपलब्ध नहीं है।","translate","sagarbora91","1","www/modules/qms/index.html","1274","script-message","75e953f852188363d802a61219dd426460334ccca8b47c5980e96d24174324c3"
"Allocate Customer To","ग्राहकाला वाटप करा","ग्राहक को आवंटित करें","translate","sagarbora91","1","www/modules/qms/index.html","1290","element:label","fa559d9e36260bf06b5179741dced1096cd845e1383d772275397cd56fb96711"
"Busy With Existing Customer","विद्यमान ग्राहकासह व्यस्त","मौजूदा ग्राहक के साथ व्यस्त","translate","sagarbora91","1","www/modules/qms/index.html","1290","element:option","0ce66138f2fd0f3ef4cee61bfad8ef09d00b128963b9afeca5395325f8e69890"
"Manager Assigned Work","व्यवस्थापक नेमून दिलेले काम","प्रबंधक द्वारा सौंपा गया कार्य","translate","sagarbora91","1","www/modules/qms/index.html","1290","element:option","9a1352ad205ff47d45d366655fbdd3b10d597b161957ecd9298aa1f45e9e355d"
"On Phone Call","फोन कॉलवर","फ़ोन कॉल पर","translate","sagarbora91","1","www/modules/qms/index.html","1290","element:option","3b1b8377d3b62080562e8ba5256b7545624ec87564edc1099edbe715e79a94e5"
"Refused Turn","वळणे नाकारले","मना कर दिया मोड़","translate","sagarbora91","1","www/modules/qms/index.html","1290","element:option","b9cb05ebb35b9a1de0d1570f0815419b14a1a747ba0309cf07a3914638e72be1"
"Service Desk Work","सेवा डेस्क कार्य","सेवा डेस्क कार्य","translate","sagarbora91","1","www/modules/qms/index.html","1290","element:option","2dd65398cd6dfbad8769045b76370adff7418c126d2ef7e04198fd570973e274"
"Skip Reason *","कारण वगळा *","कारण छोड़ें*","translate","sagarbora91","1","www/modules/qms/index.html","1290","element:label","19f5f2cf354567ced856bdcfa372a2cedc996a345555b28ba8357b2b78f76ea8"
"Stock / Billing Work","स्टॉक / बिलिंग काम","स्टॉक/बिलिंग कार्य","translate","sagarbora91","1","www/modules/qms/index.html","1290","element:option","fec465d254d851163ca831e18d952edfecfd395184cfd7509839dab8087b1265"
"Confirm & Allocate","पुष्टी करा आणि वाटप करा","पुष्टि करें और आवंटित करें","translate","sagarbora91","1","www/modules/qms/index.html","1291","element:button","87da46c4d7caaee7f36b1ada8e559ee3bcc75cdbefb8c2d00c9b04be00ed721d"
"The skip decision expired. Open it again.","वगळण्याचा निर्णय कालबाह्य झाला. ते पुन्हा उघडा.","छोड़ने का निर्णय समाप्त हो गया. इसे फिर से खोलें.","translate","sagarbora91","1","www/modules/qms/index.html","1298","script-message","c6972e8666a2bab8f89788c860176ef1582ab24e234b5587220a412a9db9c4cd"
"Select a valid CRO.","एक वैध CRO निवडा.","एक वैध CRO चुनें.","translate","sagarbora91","1","www/modules/qms/index.html","1306","script-message","aa08bbced1ca286605b531d2b0224ced606f9a0d29a0e91707c75685fed91179"
"The queue visit or selected CRO is no longer available.","रांग भेट किंवा निवडलेला CRO यापुढे उपलब्ध नाही.","कतार विज़िट या चयनित CRO अब उपलब्ध नहीं है।","translate","sagarbora91","1","www/modules/qms/index.html","1319","script-message","ee4d768c452506c6ea7cb0c68d49612f870fc163947a3923cadbb4a8e805b484"
"Select a skip reason.","वगळण्याचे कारण निवडा.","एक छोड़ें कारण का चयन करें.","translate","sagarbora91","1","www/modules/qms/index.html","1325","script-message","b0570c2d55468177873a0988cd5d7c1e63b761102321a1211d46f6e866035c51"
"Add a note for ""Other"" reason.","""इतर"" कारणासाठी एक टीप जोडा.","""अन्य"" कारण के लिए एक नोट जोड़ें.","translate","sagarbora91","1","www/modules/qms/index.html","1330","script-message","278a7e33f9d882d813c233d43344d4db05cf758b45160ad6f4d8c784f91ba820"
"Skip recorded.","रेकॉर्ड केलेले वगळा.","दर्ज छोड़ें.","translate","sagarbora91","1","www/modules/qms/index.html","1384","script-message","55ea442626e8f7d55b5cad582e255c438531ee69c47a24821e7c80cf07fd25f0"
"Assign CRO first.","प्रथम CRO नियुक्त करा.","पहले CRO नियुक्त करें।","translate","sagarbora91","1","www/modules/qms/index.html","1394","script-message","86443e841f0179782df4ac84a5cab1e5bbc59927db201805f8b6223f96de76c3"
"Attendance started.","हजेरी सुरू झाली.","उपस्थिति प्रारंभ हुई.","translate","sagarbora91","1","www/modules/qms/index.html","1394","script-message","e9ac5b268097819bb5e787dd40a977f67e2ea3f2bb429e0a5978d641fa981097"
"Exit recorded.","निर्गमन रेकॉर्ड केले.","निकास रिकार्ड किया गया।","translate","sagarbora91","1","www/modules/qms/index.html","1395","script-message","13aff52d5014b573b8e5182cbd16ba72cfae5f97e72b1772b4c9c5c19f791880"
"Timeline","टाइमलाइन","समयरेखा","translate","sagarbora91","1","www/modules/qms/index.html","1402","element:h4","9dcff98e275f0cb911f1523ef5c629c0aabe9e3b642a6b71ac7d2569e9717121"
"CRO cannot reassign.","CRO पुन्हा नियुक्त करू शकत नाही.","CRO पुनः असाइन नहीं कर सकता.","translate","sagarbora91","1","www/modules/qms/index.html","1404","script-message","de7120da172868cdecc6803d74bfad178c655f1f5a09d29c41863b641895a790"
"Mandatory for audit","ऑडिटसाठी अनिवार्य","ऑडिट के लिए अनिवार्य","translate","sagarbora91","1","www/modules/qms/index.html","1404","attribute:placeholder","dba5a22cd829f15f6072237dffd127d9579b0ce290500bcacf360a235b75524f"
"CRO reassigned.","CRO पुन्हा नियुक्त केला.","CRO को पुनः नियुक्त किया गया।","translate","sagarbora91","1","www/modules/qms/index.html","1405","script-message","5baf1c421782ce53e00198e5cf65dc3b6786e4e1addae257e4acc933b1752df2"
"Close Lead","लीड बंद करा","लीड बंद करें","translate","sagarbora91","1","www/modules/qms/index.html","1406","element:button","3247880b30a10c4d3b5f9b37799b01cd962dd7e1c88c3dad9326c0ab07d26ed0"
"Closure Notes","क्लोजर नोट्स","समापन नोट","translate","sagarbora91","1","www/modules/qms/index.html","1406","element:label","15824362fdf2157706a168ebd88f46fdb613f36f6ca75b70291cf5399396e423"
"Greeter cannot close leads (setting disabled).","ग्रीटर लीड्स बंद करू शकत नाही (सेटिंग अक्षम).","स्वागतकर्ता लीड बंद नहीं कर सकता (सेटिंग अक्षम)।","translate","sagarbora91","1","www/modules/qms/index.html","1406","script-message","819cb27ace3731e1007cd7ba116efdbc33d2a18fe0b9c38199008d1c93b29784"
"Non Purchase","खरेदी नाही","गैर खरीद","translate","sagarbora91","1","www/modules/qms/index.html","1406","element:option","f5fd733af3deea48540731f699cb326f06f0657b63e723a5eab22af69da7d277"
"Reason control unavailable","कारण नियंत्रण अनुपलब्ध","कारण नियंत्रण अनुपलब्ध","translate","sagarbora91","1","www/modules/qms/index.html","1410","element:option","29e76681175d9519ffe5dd0da84cb1f6a92b6da67ca1e0d05000c90682f9ccda"
"Bill No. *","बिल क्रमांक *","बिल नं. *","translate","sagarbora91","1","www/modules/qms/index.html","1427","element:label","9e27bd27d7f300a6581a5516ff884bc905e0687293cc64ee7f2ac9b3a63de0a0"
"Mixed","मिश्र","मिश्रित","translate","sagarbora91","1","www/modules/qms/index.html","1427","element:option","f340b6d6edeff46213083fda3e3496b6262a67fc349fe3fd577c55e196841c3f"
"Watch","घड्याळ","घड़ी","translate","sagarbora91","1","www/modules/qms/index.html","1427","attribute:placeholder","a71e757324467ccfe2ae90f483fd759eff5378e6afcfcce4c620de929b3f2dd8"
"Battery","बॅटरी","बैटरी","translate","sagarbora91","1","www/modules/qms/index.html","1430","element:option","dfcb7c1619d5abd12f2df162337eaaba53ebe837d8de991db4d4d8a958867815"
"Polishing","पॉलिशिंग","पॉलिश करना","translate","sagarbora91","1","www/modules/qms/index.html","1430","element:option","0a9f7bad269e3cc544882f560fca2f47262478fcaa71c2e3985082dc98bfe477"
"Strap","पट्टा","पट्टा","translate","sagarbora91","1","www/modules/qms/index.html","1430","element:option","d734335ebc3efe26a945ee3dd1d30c310e7f08204a7fbfcfa878c09190609277"
"Warranty","हमी","वारंटी","translate","sagarbora91","1","www/modules/qms/index.html","1430","element:option","4b721747570ac440a1053cff6dcdaf083ac96e994358c3706441062cfc487535"
"Lost-opportunity reason *","संधी गमावण्याचे कारण *","अवसर गँवाने का कारण*","translate","sagarbora91","1","www/modules/qms/index.html","1433","element:label","9ad3c46186a2b4dd8037e4bc2ca00076645929a704f3e68c9f43d2815b5fa31b"
"Expected Value","अपेक्षित मूल्य","अपेक्षित मूल्य","translate","sagarbora91","1","www/modules/qms/index.html","1436","element:label","4746d66da32211777d9efa546c371c9ab017529b1356677780196ad4606046bd"
"In Store","स्टोअरमध्ये","स्टोर में","translate","sagarbora91","1","www/modules/qms/index.html","1436","element:option","73d2b2f0c2b24ca2255a66dc2938ae35a78d471f1ee14f82ce287ff3016cb143"
"What to follow up about...","कशाचा पाठपुरावा करायचा...","किस बारे में अनुसरण करना है...","translate","sagarbora91","1","www/modules/qms/index.html","1436","attribute:placeholder","0d219c9fe6ad62c3905ff625e35a04fc331057fa50b782509b535b7cddf45c8a"
"Cannot set a follow-up without a mobile number.","मोबाईल नंबरशिवाय फॉलो-अप सेट करू शकत नाही.","बिना मोबाइल नंबर के फॉलो-अप सेट नहीं किया जा सकता।","translate","sagarbora91","1","www/modules/qms/index.html","1447","script-message","5142143ee5e3373dfeb3a707abb70ef033132fe1ed9f78f423e9462e6f39338c"
"Bill number required.","बिल क्रमांक आवश्यक आहे.","बिल संख्या आवश्यक है.","translate","sagarbora91","1","www/modules/qms/index.html","1456","script-message","2687f84e10ac80dcb2bab2e76f62172eb71137214be6ebe721ad546fba8719aa"
"Purchase amount must be greater than zero.","खरेदीची रक्कम शून्यापेक्षा जास्त असणे आवश्यक आहे.","खरीद राशि शून्य से अधिक होनी चाहिए.","translate","sagarbora91","1","www/modules/qms/index.html","1460","script-message","36b86fec00fa148e2399540d30f01fd49ea16c774ba9e1bc597ee4f87452a6e3"
"Expected value must be zero or more.","अपेक्षित मूल्य शून्य किंवा अधिक असणे आवश्यक आहे.","अपेक्षित मान शून्य या अधिक होना चाहिए.","translate","sagarbora91","1","www/modules/qms/index.html","1525","script-message","4e2ee9f657e1339ea95f134e1ab07040ac9407cebaebc00816b27f8d3b9d3ba9"
"Lead closed.","शिसे बंद.","लीड बंद.","translate","sagarbora91","1","www/modules/qms/index.html","1558","script-message","64493ad30fac6a88b7ea92fe5711987b6ca8fef70292eeff79afd4c650b66fc6"
"Expected","अपेक्षित","अपेक्षित","translate","sagarbora91","1","www/modules/qms/index.html","1622","element:th","ca99b7f1b14ee2c04f7aaefde89858fc947fa88de518c2e6d4b6132892175218"
"Last contact","शेवटचा संपर्क","अंतिम संपर्क","translate","sagarbora91","1","www/modules/qms/index.html","1622","element:th","4f9a190189c93f9fabe11edd489e4d9902d55266294d58454573460848a0b068"
"Converted","रूपांतरित","परिवर्तित","translate","sagarbora91","1","www/modules/qms/index.html","1628","element:button","2c037da8d3fd7d6a82d941749b10a51a8b4c72ca17db794120ab9bd94594c0ef"
"Contact logged.","संपर्क लॉग इन केला.","संपर्क लॉग किया गया.","translate","sagarbora91","1","www/modules/qms/index.html","1642","script-message","4e604689e85478617181c4fe597c87e25427d05a3d56cfbf3259165913a54131"
"Follow-up marked lost.","फॉलोअप गमावले म्हणून चिन्हांकित केले.","फ़ॉलो-अप में खोया हुआ चिह्नित किया गया.","translate","sagarbora91","1","www/modules/qms/index.html","1675","script-message","f9d67dcc2289d65a2ae4dceca5370e935b2ce286eabc9a0698e7c69d6192245c"
"Unsupported follow-up action.","असमर्थित फॉलो-अप क्रिया.","असमर्थित अनुवर्ती कार्रवाई.","translate","sagarbora91","1","www/modules/qms/index.html","1684","script-message","555fd40ef6b244169469a70132c6a86c6de76819ecf4dcd34ab698ef7e69dbb1"
"Follow-up updated.","पाठपुरावा अद्यतनित केला.","अनुवर्ती अद्यतन किया गया.","translate","sagarbora91","1","www/modules/qms/index.html","1691","script-message","e139e8471dd0a43c06aeb5d141fe858435a7b3d07e713a43a4e14f7071d4ce93"
"Bill / invoice no.","बिल / इनव्हॉइस क्र.","बिल/इनवॉइस नं.","translate","sagarbora91","1","www/modules/qms/index.html","1695","attribute:placeholder","ad32328a3ab950552424d5cc5ce8ece42158665d509ddfe5da76d5ee34f71e12"
"Bill No. (optional)","बिल क्रमांक (पर्यायी)","बिल संख्या (वैकल्पिक)","translate","sagarbora91","1","www/modules/qms/index.html","1695","element:label","1a1c36ad4b33232561f868fd1fcf9d3a62d9e131bb338e4ee8a5d0f57163e720"
"Mark Converted","रूपांतरित चिन्हांकित करा","रूपांतरित चिह्नित करें","translate","sagarbora91","1","www/modules/qms/index.html","1695","element:button","0422ed884b8c2d2227365e6b8022031480f392a8886239da2aee96702f6183e4"
"Follow-up converted · ₹","फॉलो-अप रूपांतरित · ₹","अनुवर्ती परिवर्तित · ₹","translate","sagarbora91","1","www/modules/qms/index.html","1731","script-message","5959a0fdfb314f028c312a237a62890f29fcf2e4435ebc366f0f164b9d45c06d"
"Bill","बिल","बिल","translate","sagarbora91","1","www/modules/qms/index.html","1735","element:th","e51783b4d7688ffba51a35d8c9f04041606c0d6fb00bb306fba0f2dcb7e1f890"
"CRO updated.","CRO अद्यतनित.","CRO अद्यतन किया गया।","translate","sagarbora91","1","www/modules/qms/index.html","1828","script-message","c9a45efa038ac1df6309104d4559b6c2c46552d6739963d458c3052f0d1cb9b8"
"Backup restored.","बॅकअप रिस्टोअर केला.","बैकअप पुनर्स्थापित किया गया.","translate","sagarbora91","1","www/modules/qms/index.html","1831","script-message","40383528e1b1ee32fcfe833921c4fe7e010762a1628901658710f272a0b15e7e"
"Invalid backup file.","अवैध बॅकअप फाइल.","अमान्य बैकअप फ़ाइल.","translate","sagarbora91","1","www/modules/qms/index.html","1831","script-message","9b12c62c56bc2068e9226c26e5269a2c1947312a5ef3dc1df052d57862fb7e97"
"Delete all QMS data in this browser? This cannot be undone.","या ब्राउझरमधील सर्व QMS डेटा हटवायचा? हे पूर्ववत केले जाऊ शकत नाही.","इस ब्राउज़र में सभी QMS डेटा हटाएं? इसे असंपादित नहीं किया जा सकता है।","translate","sagarbora91","1","www/modules/qms/index.html","1832","script-message","d14c92755dc252d680efc3b52a35c520bb933d667ef76ccee30edf3da11cb4a1"
"EOD closed.","EOD बंद.","ईओडी बंद.","translate","sagarbora91","1","www/modules/qms/index.html","1833","script-message","1caf154f1741face2167698800782f817c201f3b54446296e10f127af747bdfb"
"No active rotation to close.","बंद करण्यासाठी सक्रिय रोटेशन नाही.","बंद करने के लिए कोई सक्रिय घुमाव नहीं.","translate","sagarbora91","1","www/modules/qms/index.html","1833","script-message","868cb1c677147e7946a8cb3cc20ca55c938bcf8f9f5b2e1b7f3ab6fe2a3d3359"
"Could not open summary:","सारांश उघडता आला नाही:","सारांश नहीं खुल सका:","translate","sagarbora91","1","www/modules/qms/index.html","1843","script-message","4fcfb71330edfaa2854875af30581549a32b962a27a9d4abcb21178860acfe28"
"Could not build summary text.","सारांश मजकूर तयार करू शकलो नाही.","सारांश पाठ नहीं बनाया जा सका.","translate","sagarbora91","1","www/modules/qms/index.html","1844","script-message","ac4a792b11e64eb020ea180335b9f316b4773ea9998b19ce9743cb059f864ea6"
"Later","नंतर","बाद में","translate","sagarbora91","1","www/modules/qms/index.html","1845","element:button","73b6e48a1b552d112502d37a7b7870436efc5ea1de0bca58ccf12d6ae15d3a0c"
"Require a watch photo before a case can be saved","केस सेव्ह करण्यापूर्वी घड्याळाचा फोटो आवश्यक आहे","किसी मामले को सहेजने से पहले एक घड़ी की तस्वीर की आवश्यकता है","translate","sagarbora91","1","www/modules/service/index.html","1583","attribute:title","98c806e0bb2803f832d6d978bbca201ba81b59ed86933910c839ccc9b1c4bd46"
"📸 Watch photo required","📸 फोटो पाहणे आवश्यक आहे","📸 फोटो देखना आवश्यक है","translate","sagarbora91","1","www/modules/service/index.html","1584","element:label","6db9e8be7a8c9d9da8658d9e83fc8a2a2c3d6adf09484f0f95db3d8930e3d22f"
"Service workboard","सेवा वर्कबोर्ड","सेवा कार्यपटल","translate","sagarbora91","1","www/modules/service/index.html","1626","attribute:aria-label","bf3db124093fe5c0ed57a8bfe8a12d60d51d4a3c9080919bab6296b3bef11c98"
"Staff / actor *","कर्मचारी / अभिनेता *","कर्मचारी/अभिनेता*","translate","sagarbora91","1","www/modules/service/index.html","1635","element:label","d55fbe6e61bff6fb364d9a25d2cd4ea4da2d337c65b14c9ceb812173daa1b735"
"Item condition and after-service state checked","आयटमची स्थिती आणि सेवा नंतरची स्थिती तपासली","आइटम की स्थिति और सेवा के बाद की स्थिति की जाँच की गई","translate","sagarbora91","1","www/modules/service/index.html","1640","element:label","4ca9940b8c3f55c541d2c739abddcf6271ae350382393c06db0a2eb9685831bb"
"Payment expectation *","पेमेंटची अपेक्षा *","भुगतान की अपेक्षा*","translate","sagarbora91","1","www/modules/service/index.html","1641","element:label","939a966a809fa6630f3945816d12a4a0f9e776ada4ee4f535c67aceea0f9a373"
"Promised pickup date *","वचन दिलेली पिकअप तारीख *","वादा किया गया पिकअप दिनांक*","translate","sagarbora91","1","www/modules/service/index.html","1642","element:label","48dd8a142c0bf7fac330612ea77c86aa294503b3cbf782ecef3e62ea96ce1fc4"
"Customer notification status *","ग्राहक सूचना स्थिती *","ग्राहक सूचना स्थिति *","translate","sagarbora91","1","www/modules/service/index.html","1643","element:label","a2dc50f0dbdf80989eeea4ba4eb77610e300c69990a39fff0cd00987871fbe81"
"Search cases by ID, name, mobile, brand or model…","ID, नाव, मोबाइल, ब्रँड किंवा मॉडेलनुसार केस शोधा…","ID, नाम, मोबाइल, ब्रांड या मॉडल के आधार पर मामले खोजें...","translate","sagarbora91","1","www/modules/service/index.html","1652","attribute:placeholder","c72e3cb24603f4f91781df2483fbc3010297089d917e84afca7eff39c6784b89"
"Export Open (ageing)","एक्सपोर्ट ओपन (वृद्ध होणे)","निर्यात खुला (उम्र बढ़ना)","translate","sagarbora91","1","www/modules/service/index.html","1663","element:button","eb2a7c597e9006c44acda2eea867af57a521c7d0db3a41a64ca6a18ed2c28a92"
"email@example.com","email@example.com","email@example.com","translate","sagarbora91","1","www/modules/service/index.html","1833","attribute:placeholder","2a539d6520266b56c3b0c525b9e6128858baeccb5ee9b694a2906e123c8d6dd3"
"If different from mobile","मोबाईलपेक्षा वेगळे असल्यास","अगर मोबाइल से अलग है","translate","sagarbora91","1","www/modules/service/index.html","1837","attribute:placeholder","ee4de0331b4eb1a98c0b33c6b8e3c71171a7e45473b5275d94fafbe5a4cf50c9"
"Full address","पूर्ण पत्ता","पूरा पता","translate","sagarbora91","1","www/modules/service/index.html","1841","attribute:placeholder","a0e82e2a18101defdf6a7f4fb0376267087156690568037dfae54bc554362457"
"e.g. Aadhar 1234-5678","उदा. आधार 1234-5678","जैसे आधार 1234-5678","translate","sagarbora91","1","www/modules/service/index.html","1845","attribute:placeholder","58b6eb7d69634360c6ae8fa941fa62b674b0342539c4bf182febd1c1e9b7e08b"
"Alternate number","पर्यायी क्रमांक","वैकल्पिक संख्या","translate","sagarbora91","1","www/modules/service/index.html","1849","attribute:placeholder","ce2220ca26e48effa90adc6f44d905b06b34195268fd9dccdee315cae0a4d7b3"
"Guardian confirms authority and consents to necessary processing (under 18 only).","पालक अधिकाराची पुष्टी करतो आणि आवश्यक प्रक्रियेस संमती देतो (फक्त 18 वर्षाखालील).","अभिभावक प्राधिकार की पुष्टि करता है और आवश्यक प्रसंस्करण के लिए सहमति देता है (केवल 18 वर्ष से कम)।","translate","sagarbora91","1","www/modules/service/index.html","1861","element:label","23f2b784998e260ea3966fbe81f753b0a5f2b728fd4e8469c2460f3a652e1eee"
"Optional: customer actively agrees to promotional WhatsApp offers, greetings and review requests. Service updates do not depend on this.","पर्यायी: ग्राहक WhatsApp च्या प्रचारात्मक ऑफर, शुभेच्छा आणि पुनरावलोकन विनंत्यांना सक्रियपणे सहमती देतो. सेवा अद्यतने यावर अवलंबून नाहीत.","वैकल्पिक: ग्राहक सक्रिय रूप से प्रचारात्मक व्हाट्सएप ऑफ़र, शुभकामनाओं और समीक्षा अनुरोधों से सहमत होता है। सेवा अद्यतन इस पर निर्भर नहीं हैं.","translate","sagarbora91","1","www/modules/service/index.html","1862","element:label","bff98064bcec465478bef6a40ff6fa90be1ed7c28ee3a6393c9ac2d8f0cd405a"
"Model / collection","मॉडेल / संकलन","मॉडल/संग्रह","translate","sagarbora91","1","www/modules/service/index.html","1882","attribute:placeholder","5f5f967ba00794a311d463891702db6fd2c64dca2de939055f4ff22533856b12"
"Serial number","अनुक्रमांक","क्रमांक","translate","sagarbora91","1","www/modules/service/index.html","1890","attribute:placeholder","f2307baf1c858f10a7594859dd7e3abae29f142ac84ab30406cdcb4ebdd1abc9"
"e.g. Stainless Steel, Gold PVD","उदा. स्टेनलेस स्टील, गोल्ड पीव्हीडी","जैसे स्टेनलेस स्टील, गोल्ड पीवीडी","translate","sagarbora91","1","www/modules/service/index.html","1894","attribute:placeholder","372f75fda1ed06ace213c48be7790256f6fffbd24ef7114cec0e224e2c840978"
"e.g. Black sunburst","उदा. काळा सूर्यप्रकाश","जैसे काली धूप","translate","sagarbora91","1","www/modules/service/index.html","1902","attribute:placeholder","89f9e45c0f14e1f5de12f67669196c4f128cfef5825253cd32f802654d45170b"
"e.g. Leather, SS bracelet","उदा. लेदर, एसएस ब्रेसलेट","जैसे चमड़ा, एसएस कंगन","translate","sagarbora91","1","www/modules/service/index.html","1906","attribute:placeholder","a6acbc6b4448272f8e494d7824885a0e261357153dbbbf615cc93158ae1314ea"
"Quartz","क्वार्ट्ज","क्वार्टज़","translate","sagarbora91","1","www/modules/service/index.html","1911","element:label","6dbfeeb207b36340969e7258f1662ee6f3dd81c7dd9520cd7f12e16f8fa3989e"
"e.g. 50m / 5ATM","उदा. 50m / 5ATM","जैसे 50 मीटर / 5 एटीएम","translate","sagarbora91","1","www/modules/service/index.html","1920","attribute:placeholder","075533166758b9b075ea9bcae870ca5ada1da715e8abbf64cee70382828aa862"
"Year or approximate date","वर्ष किंवा अंदाजे तारीख","वर्ष या अनुमानित तारीख","translate","sagarbora91","1","www/modules/service/index.html","1932","attribute:placeholder","0282f39ae7cc0bd5fdd3fa6cb4ec0c1913a99debe3bd6c7020bf2f6dbfd0136e"
"Mint","नव्यासारखी स्थिती","बिल्कुल नई जैसी स्थिति","translate","sagarbora91","1","www/modules/service/index.html","1988","element:label","ced97cc4a377b5b4386d9c67bc4f4e14febb561903a27409ce7a2886368b75bb"
"Poor","खराब स्थिती","खराब स्थिति","translate","sagarbora91","1","www/modules/service/index.html","1992","element:label","94dfd46d9dae63e6c692415bbab8e266c777e87cdd77beab02583b8ed7bd874d"
"Any other cosmetic observations...","इतर कोणतीही कॉस्मेटिक निरीक्षणे...","कोई अन्य कॉस्मेटिक अवलोकन...","translate","sagarbora91","1","www/modules/service/index.html","1997","attribute:placeholder","5412b245917e7e41949f5b17791ff73cf5a462c7d64c1bf400866c2c2066541e"
"Spring Bars","स्प्रिंग बार्स","स्प्रिंग बार्स","translate","sagarbora91","1","www/modules/service/index.html","2016","element:label","b046b252bccc54ab561548687a28f3d2d9990817aeaba2faa6ec2a4c75a8abec"
"Sizing Tools","आकारमान साधने","आकार देने के उपकरण","translate","sagarbora91","1","www/modules/service/index.html","2018","element:label","8f23941a5c69b08de9cb60641c28f576db32c3247a7bf89c052867f92246ff71"
"Warranty Card","वॉरंटी कार्ड","वारंटी कार्ड","translate","sagarbora91","1","www/modules/service/index.html","2025","element:label","3daaba049e0b8337b6b06332c4a9a034d0d3dab0e7a672217bafa21a84317009"
"Service Papers","सर्व्हिस पेपर्स","सेवा पत्र","translate","sagarbora91","1","www/modules/service/index.html","2026","element:label","e00ed29ac2ecc6e0bc3c7b02734ec40fb2b99eb1967bfc337693caf328830cb5"
"Purchase Receipt","खरेदीची पावती","खरीद रसीद","translate","sagarbora91","1","www/modules/service/index.html","2027","element:label","704c04b3623b1edd36acdf424b3ed68ce2126996212838749ea612f58bf45b92"
"Instruction Manual","सूचना पुस्तिका","अनुदेश मैनुअल","translate","sagarbora91","1","www/modules/service/index.html","2029","element:label","08be98a8e2e3c077a9475186e96e5a8cffa0d6708543b46b9c8d3ebc45bb3fbe"
"PAN Card","पॅन कार्ड","पैन कार्ड","translate","sagarbora91","1","www/modules/service/index.html","2037","element:label","b71fb4a3ecaecb2ae8f0de7953accd809397aa020d537939a02595896286bbd5"
"Passport","पासपोर्ट","पासपोर्ट","translate","sagarbora91","1","www/modules/service/index.html","2038","element:label","3173c1c8cfe02e326ce2f6de5471b2011f5ebb6324d5433503a7a9d66f35bb21"
"Warranty Document","वॉरंटी दस्तऐवज","वारंटी दस्तावेज़","translate","sagarbora91","1","www/modules/service/index.html","2041","element:label","427fc500e23fa4f4d090be5f184dc5464437dfc8e6ba6294f83c0691af968c5b"
"Partial Service","आंशिक सेवा","आंशिक सेवा","translate","sagarbora91","1","www/modules/service/index.html","2048","element:label","020dc0efe82ef0fc359122bb01ced233d12f4ed1b927324cb317e05bd1871802"
"Water Resistance Test","पाणी प्रतिकार चाचणी","जल प्रतिरोध परीक्षण","translate","sagarbora91","1","www/modules/service/index.html","2050","element:label","c9b192a9ab869474746f2e8d1df954efc5775dd8ee42585def49e60fb29d6244"
"Polishing Only","फक्त पॉलिशिंग","केवल पॉलिश करना","translate","sagarbora91","1","www/modules/service/index.html","2051","element:label","6199b8f783ae34e6d31e8bd4c77b2ae563a72b876afc5ce6eea06b2af28e52e8"
"Strap Replacement","पट्टा बदलणे","पट्टा प्रतिस्थापन","translate","sagarbora91","1","www/modules/service/index.html","2053","element:label","339832e712ef27ab86902b8c0f12bf78461e3ed5d6a2d876c4fa267326eb3c77"
"Not Running/Stopped","चालू/थांबलेले नाही","चल नहीं रहा/रुका नहीं","translate","sagarbora91","1","www/modules/service/index.html","2072","element:label","3c6f934cb33261b3f4964ccbe4abb201d412ab735069a292b175dd5911dd6c4e"
"Running Fast","वेगाने धावत आहे","तेजी से दौड़ना","translate","sagarbora91","1","www/modules/service/index.html","2073","element:label","4ccada9433a4048323e95a22ff0dc586da988fb9581f128e4a4b5a59c2616d4b"
"Running Slow","हळू चालत आहे","धीमी गति से चल रहा है","translate","sagarbora91","1","www/modules/service/index.html","2074","element:label","7ee51638c6a06ddfc1373bc0d8f3399881ca27e2856f592fc28bc18e19d638f9"
"Losing Time","वेळ गमावणे","समय खोना","translate","sagarbora91","1","www/modules/service/index.html","2075","element:label","79a8345b87ef7e21b453e4d9c6981ac010e3ab03f24679eccd6488e27a315387"
"Winding Issue","वळण समस्या","घुमावदार मुद्दा","translate","sagarbora91","1","www/modules/service/index.html","2077","element:label","ca54084bf8d9ffbba450fc3d152094c8313bdfde89b019ad0022ef162c0d1d13"
"Water Ingress","पाणी प्रवेश","जल प्रवेश","translate","sagarbora91","1","www/modules/service/index.html","2092","element:label","a11fbeb5b0324ccd34637244c2b9ca12018fb6c8ab04e70a703280741e042b2a"
"Link Missing","लिंक गहाळ आहे","लिंक गायब है","translate","sagarbora91","1","www/modules/service/index.html","2098","element:label","2264def2a841a271c6dd7faa5605db51aa221d12ebbb3698a36ce6d0c78547c6"
"Pin Missing","पिन गहाळ आहे","पिन गुम","translate","sagarbora91","1","www/modules/service/index.html","2101","element:label","6fe9807abd2be5dceaa9aedb82706985ae9c6d2de79cd1c7caf65b29965d08ba"
"Strap Worn","पट्टा घातलेला","पट्टा पहना हुआ","translate","sagarbora91","1","www/modules/service/index.html","2102","element:label","60ef2d75b2407c5dd7eeee84c5b768bea0f3ad74b8c3edcabdf55f4036c6ecea"
"Strap Cracked","पट्टा क्रॅक","पट्टा टूट गया","translate","sagarbora91","1","www/modules/service/index.html","2103","element:label","8a46e8413ff76374d5b4cc1d89e6e3e4d07d217190d9db813c4a3a6a6bf99556"
"Spring Bar Missing","स्प्रिंग बार गहाळ","स्प्रिंग बार गायब","translate","sagarbora91","1","www/modules/service/index.html","2105","element:label","f9b359afad63b6f4918102452231ed9f8752e4860a3bbe7a1dd8ee945702c85b"
"Low Battery","कमी बॅटरी","कम बैटरी","translate","sagarbora91","1","www/modules/service/index.html","2111","element:label","f7d97d2de3a507a89aad3c56afd6e8c0fee60c5f12225e5ad412be10203e10ec"
"Magnetised","चुंबकीय","चुम्बकित","translate","sagarbora91","1","www/modules/service/index.html","2113","element:label","e4388c5a10748d1bf7d8365f8e27856171ff2b4ab355efb894d8a10ae680c5af"
"Luminous Missing","तेजस्वी गायब","चमकदार गायब","translate","sagarbora91","1","www/modules/service/index.html","2114","element:label","26477811a125cdd23d8041714a42573f9046cecb9c888f69c1c0af3dbc338ed5"
"Rubber Gasket Worn","रबर गॅस्केट घातलेला","रबर गैसकेट खराब हो गया","translate","sagarbora91","1","www/modules/service/index.html","2115","element:label","fc84c828268ef618d9307d411b7b79417ab7af038a07e5b0b93c64982928aa1b"
"Other (specify)...","इतर (निर्दिष्ट करा)...","अन्य (निर्दिष्ट करें)...","translate","sagarbora91","1","www/modules/service/index.html","2119","attribute:placeholder","986b81ca60f2d81e3674f675b144bdcadb37f1754d4dc893c00568b434f7c22a"
"Initial Diagnosis / Observations","प्रारंभिक निदान / निरीक्षणे","प्रारंभिक निदान/टिप्पणियाँ","translate","sagarbora91","1","www/modules/service/index.html","2133","element:label","cbf69d1ed6628ddd79c6fc7a57861ffe31580936537107635abc3ddc323cfe5c"
"Tech. ID / Initials","टेक. ID / आद्याक्षरे","Tech. ID/आद्याक्षर","translate","sagarbora91","1","www/modules/service/index.html","2142","element:label","46561cd1682cd0537185ffabe1d08c5daac0f89fd9ec5e07f6c73a0483a6d13f"
"ID or initials","ID किंवा आद्याक्षरे","ID या आद्याक्षर","translate","sagarbora91","1","www/modules/service/index.html","2143","attribute:placeholder","c8197f3c5adac18b04e27c27b0efda93a0d438a4fb0204dfffbdb0f42b42f3e6"
"Inspection Date","तपासणीची तारीख","निरीक्षण तिथि","translate","sagarbora91","1","www/modules/service/index.html","2146","element:label","0283e2abb92101de5c1dfb92c5b19225b5424dbfedcb16a4c8414e9fe8951e3c"
"Point Remarks — Company / Brand","पॉइंट रिमार्क्स - कंपनी / ब्रँड","बिंदु टिप्पणियाँ - कंपनी / ब्रांड","translate","sagarbora91","1","www/modules/service/index.html","2152","element:label","c42984cc4cbe765763f4f62828c3c9f1549904670b7c02171b5e3691f53cadcb"
"Point Remarks (type to override)","पॉइंट रिमार्क (ओव्हरराइड करण्यासाठी टाइप करा)","बिंदु टिप्पणियाँ (ओवरराइड करने के लिए टाइप करें)","translate","sagarbora91","1","www/modules/service/index.html","2156","element:label","1216605a325a18ac7c9c7224f16ca766f7fd85032253a489cd37f244cea9ef33"
"Type or pick a company/brand","कंपनी/ब्रँड टाइप करा किंवा निवडा","कोई कंपनी/ब्रांड टाइप करें या चुनें","translate","sagarbora91","1","www/modules/service/index.html","2157","attribute:placeholder","0bbb05460a57f421ee1392258868107826ddd90fe98ec1daee87a33f632bfc62"
"I have read, understood, and agree to the Terms & Conditions above.","मी वरील अटी व शर्ती वाचल्या आहेत, समजून घेतल्या आहेत आणि त्यांच्याशी सहमत आहे.","मैंने उपरोक्त नियम एवं शर्तों को पढ़ लिया है, समझ लिया है और उनसे सहमत हूं।","translate","sagarbora91","1","www/modules/service/index.html","2248","element:label","382ba9c370ccbf22e0fea0bdfd9c195f346cfcc1d74e3249e7b5bcfc45058b50"
"I authorize the service centre to perform the work as described herein.","मी सेवा केंद्राला येथे वर्णन केल्याप्रमाणे कार्य करण्यास अधिकृत करतो.","मैं सेवा केंद्र को यहां वर्णित कार्य करने के लिए अधिकृत करता हूं।","translate","sagarbora91","1","www/modules/service/index.html","2249","element:label","a0af0ad93c5ca58869a911ed4ecdefe11955550ce120f21e49bdea12c8c3f780"
"I agree to pay the estimate (or revised amount, if I approve any changes).","मी अंदाज (किंवा सुधारित रक्कम, मी कोणतेही बदल मंजूर केल्यास) देण्यास सहमत आहे.","मैं अनुमान (या संशोधित राशि, यदि मैं किसी भी बदलाव को मंजूरी देता हूं) का भुगतान करने के लिए सहमत हूं।","translate","sagarbora91","1","www/modules/service/index.html","2250","element:label","c77ab4098fa4ab220ed9ba0c7213cde9227d19a5a4d7474377e38dd3a8ddf34f"
"I confirm the condition report accurately reflects the watch at the time of handover.","मी पुष्टी करतो की अट अहवालाने हवालाच्या वेळी घड्याळ अचूकपणे प्रतिबिंबित केले आहे.","मैं पुष्टि करता हूं कि स्थिति रिपोर्ट हैंडओवर के समय घड़ी को सटीक रूप से दर्शाती है।","translate","sagarbora91","1","www/modules/service/index.html","2251","element:label","019c2ed45431c207ebc66f52c279a854297b1ae56f4241143b4f03352b5a3ad0"
"Signature (type name)","स्वाक्षरी (नाव प्रकार)","हस्ताक्षर (नाम टाइप करें)","translate","sagarbora91","1","www/modules/service/index.html","2263","element:label","015044684aba05043053ea270d34feebc1c619a1d5a1bdf9fa66430eba67c2b7"
"Type full name","पूर्ण नाव टाइप करा","पूरा नाम टाइप करें","translate","sagarbora91","1","www/modules/service/index.html","2264","attribute:placeholder","ffa246b2e7d13d3ee8aa90519654eebd482b8614cb2d2ef08cb9dfb4677c7578"
"Yes — service order is confirmed.","होय — सेवा ऑर्डरची पुष्टी झाली आहे.","हाँ - सेवा आदेश की पुष्टि हो गई है।","translate","sagarbora91","1","www/modules/service/index.html","2293","element:label","fc48621951da4065b03d68212f86fe5f761cc9ea42f322ad67f591b71bf9641c"
"All work has been completed to my satisfaction.","सर्व काम माझ्या समाधानासाठी पूर्ण झाले आहे.","मेरी संतुष्टि के अनुसार सभी कार्य पूरे हो गए हैं।","translate","sagarbora91","1","www/modules/service/index.html","2312","element:label","b80b755f29c94cfce0d9a422ff4584c9a0c22caa9a36646f5e6b54ff8c9acb8d"
"The service details and charges have been fully explained to me.","सेवा तपशील आणि शुल्क मला पूर्णपणे समजावून सांगितले आहे.","सेवा विवरण और शुल्क मुझे पूरी तरह समझा दिए गए हैं।","translate","sagarbora91","1","www/modules/service/index.html","2313","element:label","644a60fd6f691aded3e7f95f0a1779de6013e0e3dc895a1279426178a3eb241d"
"The watch is in good working condition at the time of collection.","संकलनाच्या वेळी घड्याळ चांगल्या स्थितीत आहे.","संग्रहण के समय घड़ी अच्छी कार्यशील स्थिति में है।","translate","sagarbora91","1","www/modules/service/index.html","2314","element:label","8ea9420665a510e9334e75ae24e212fad2fed8812b01eda7b6e54fdcef854d1c"
"All accessories and documents submitted have been returned.","सादर केलेले सर्व सामान आणि कागदपत्रे परत केली आहेत.","जमा किए गए सभी सामान और दस्तावेज़ वापस कर दिए गए हैं।","translate","sagarbora91","1","www/modules/service/index.html","2315","element:label","55edfdb3df7da900c0fd1ba96ba821bb9690acf01ef6d226f500f187c5a49676"
"I have no further claims against the service centre for this service order.","या सेवा ऑर्डरसाठी सेवा केंद्राविरुद्ध माझे कोणतेही दावे नाहीत.","इस सेवा आदेश के लिए सेवा केंद्र के विरुद्ध मेरा कोई और दावा नहीं है।","translate","sagarbora91","1","www/modules/service/index.html","2316","element:label","0b3163fa12a7c579b242bf4a4cb20c37f4825624731ca2f9fd61d98fd55f9344"
"Final Amount Charged (₹)","आकारलेली अंतिम रक्कम (₹)","अंतिम प्रभारित राशि (₹)","translate","sagarbora91","1","www/modules/service/index.html","2332","element:label","c63184cd483c21b59da7279ffe1385258d5aa659ec321aafc46aafce7fd154f1"
"Bank Transfer","बँक हस्तांतरण","बैंक स्थानांतरण","translate","sagarbora91","1","www/modules/service/index.html","2342","element:label","ee82ae2801cf9097ca2ae82e45f6f7b50614109d64c080b4da6f90517f9ff087"
"Payment Reference No.","पेमेंट संदर्भ क्र.","भुगतान संदर्भ संख्या","translate","sagarbora91","1","www/modules/service/index.html","2346","element:label","f5ea1d2027de742dceaa02fcdbc54e98a1796b3a559fd285a1250904c9940222"
"UPI / txn reference","UPI / txn संदर्भ","UPI/txn संदर्भ","translate","sagarbora91","1","www/modules/service/index.html","2347","attribute:placeholder","82d0a82c06e396c32624e4c570446c953b182571a15da01045d6385a4b8a2308"
"Service Warranty (months)","सेवा हमी (महिने)","सेवा वारंटी (महीने)","translate","sagarbora91","1","www/modules/service/index.html","2354","element:label","256e620c874c1bd9dfdcbad2ce9c4ee128b607e3ae643191f1d9793814cd1dac"
"Prints on the invoice and auto-creates a warranty-expiry reminder when the case is closed","इनव्हॉइसवर प्रिंट करते आणि केस बंद केल्यावर वॉरंटी-एक्सपायरी रिमाइंडर स्वयं-तयार करते","चालान पर प्रिंट करता है और केस बंद होने पर वारंटी-समाप्ति अनुस्मारक स्वतः बनाता है","translate","sagarbora91","1","www/modules/service/index.html","2355","attribute:title","12d6342aa77f3d642628835b9faad62b3937b206398102e95f8f9d37fd60638f"
"Technician Signature","तंत्रज्ञ स्वाक्षरी","तकनीशियन के हस्ताक्षर","translate","sagarbora91","1","www/modules/service/index.html","2395","element:label","acf22e2f21d19cf81739e652199cb9974e6672203ea3b0babc4893de0bc6845d"
"Service Advisor Signature","सेवा सल्लागार स्वाक्षरी","सेवा सलाहकार के हस्ताक्षर","translate","sagarbora91","1","www/modules/service/index.html","2399","element:label","ac0cf530b908923975b8af1efc359e4cab3187e891d6beac58d521e51176929b"
"Mark as Delivered & Close Case","वितरित आणि बंद केस म्हणून चिन्हांकित करा","डिलीवर और क्लोज केस के रूप में चिह्नित करें","translate","sagarbora91","1","www/modules/service/index.html","2405","element:button","44617f8338cbb49275261920544258836932d5940279dd702afc483fe172359e"
"GST tax invoice (service / non-franchise only)","GST कर बीजक (केवळ सेवा / नॉन फ्रँचायझी)","GST कर चालान (केवल सेवा/गैर-फ़्रैंचाइज़ी)","translate","sagarbora91","1","www/modules/service/index.html","2409","attribute:title","cb9ca96e138dd5386894ed5f1552d03225046e02cef91be5554171d9e1fe20c0"
"Owner access is required to change this setting","हे सेटिंग बदलण्यासाठी मालकाचा प्रवेश आवश्यक आहे","इस सेटिंग को बदलने के लिए स्वामी की पहुंच आवश्यक है","translate","sagarbora91","1","www/modules/service/index.html","2471","script-message","09cd95a92d178e8eb8abcb4bd8cd9c3df0f6bd9ec467810d53b9e9347f3c68a1"
"⚠ Use a JPG, PNG or WEBP image","⚠ JPG, PNG किंवा WEBP प्रतिमा वापरा","⚠ JPG, PNG या WEBP छवि का उपयोग करें","translate","sagarbora91","1","www/modules/service/index.html","2492","script-message","930d8131d6608f6a80829e5dbdad39c8c75e0d16427d55d22a3f115b17f1494c"
"⚠ Could not read the image","⚠ प्रतिमा वाचू शकलो नाही","⚠ छवि नहीं पढ़ सका","translate","sagarbora91","1","www/modules/service/index.html","2494","script-message","3cb014deabcdf9fde7a7d09870ab166b5f1f500e2749d4038dbcf8f81a77f94c"
"⚠ Could not load the image","⚠ प्रतिमा लोड करू शकलो नाही","⚠ छवि लोड नहीं हो सकी","translate","sagarbora91","1","www/modules/service/index.html","2497","script-message","94d0ef199e290b683f40773f1aa1d7d118b187a88c4158af92a717ca81f8550f"
"✓ Received-condition photo attached","✓ प्राप्त-स्थितीचा फोटो जोडला आहे","✓प्राप्त-कंडीशन फोटो संलग्न","translate","sagarbora91","1","www/modules/service/index.html","2517","script-message","34b705c6b0b61a42383bd6390ba6d0ee597ff5ce17377afb8e7e78886e6612b7"
"✓ After-service photo attached","✓ सेवेनंतरचा फोटो जोडला आहे","✓ सेवा के बाद की फोटो संलग्न","translate","sagarbora91","1","www/modules/service/index.html","2539","script-message","42f17790fed841116cf3ce38017e6a47f0befa74acc6ee29a3c2b23932c9c215"
"⚠ Service change could not be saved. The last saved workboard was restored.","⚠ सेवा बदल जतन करणे शक्य नाही. शेवटचा जतन केलेला वर्कबोर्ड पुनर्संचयित केला गेला.","⚠सेवा परिवर्तन सहेजा नहीं जा सका. अंतिम सहेजा गया वर्कबोर्ड पुनर्स्थापित किया गया था.","translate","sagarbora91","1","www/modules/service/index.html","2819","script-message","720cdb3f2180045938c78b4e077bc5e9885b818b4823892cd9b8c3313de318ae"
"Customer-safe status copied","ग्राहक-सुरक्षित स्थिती कॉपी केली","ग्राहक-सुरक्षित स्थिति की प्रतिलिपि बनाई गई","translate","sagarbora91","1","www/modules/service/index.html","2866","script-message","386e0ab6009acf4327ad19f751b359645874a2a574fdb9cc17baf166902955da"
"Change stage…","स्टेज बदला...","चरण बदलें...","translate","sagarbora91","1","www/modules/service/index.html","2875","element:option","aaae66ea34dc19147f915ed2557e0ceb65f6522abbfa06234c0166d461c0440a"
"Readiness","तत्परता","तत्परता","translate","sagarbora91","1","www/modules/service/index.html","2925","element:button","d53d98c1774966ba468529b735a17d59131becf86e929e1f143bc7f057a73a03"
"⚠ Service transition control unavailable","⚠ सेवा संक्रमण नियंत्रण अनुपलब्ध","⚠ सेवा संक्रमण नियंत्रण अनुपलब्ध है","translate","sagarbora91","1","www/modules/service/index.html","2969","script-message","384950a2d888f5751d112aa75b9cff3fe567488511e57f2fc3e50614e6c013ab"
"⚠ This stage change is not available","⚠ हा स्टेज बदल उपलब्ध नाही","⚠ यह चरण परिवर्तन उपलब्ध नहीं है","translate","sagarbora91","1","www/modules/service/index.html","2975","script-message","4a640f01275ae487caf0081fab27d9f0d579a16ce1f7acdee80657ac7ff59f74"
"⚠ Service transition context expired","⚠ सेवा संक्रमण संदर्भ कालबाह्य झाला","⚠ सेवा परिवर्तन संदर्भ समाप्त हो गया","translate","sagarbora91","1","www/modules/service/index.html","3022","script-message","da0e7af6f832beb355880ae852e45fd909cf2a8ccdee96744f11b76fcf8ed241"
"⚠ This Service stage changed elsewhere. Review the workboard again.","⚠ ही सेवा स्टेज इतरत्र बदलली आहे. वर्कबोर्डचे पुन्हा पुनरावलोकन करा.","⚠यह सेवा चरण अन्यत्र बदल गया। वर्कबोर्ड की दोबारा समीक्षा करें.","translate","sagarbora91","1","www/modules/service/index.html","3028","script-message","957118d6979a8f24438b349e668e53ebc24a1f35fe62bc67f01b860d0f2f1813"
"⚠ Record the staff member making this change","⚠ कर्मचारी सदस्याने हा बदल केल्याची नोंद करा","⚠ यह परिवर्तन करने वाले स्टाफ सदस्य को रिकॉर्ड करें","translate","sagarbora91","1","www/modules/service/index.html","3035","script-message","f74bab068c7fa4900e618bc222907af06e2b56b4899ca9f299641b2f8603e37f"
"⚠ Record why this stage change is necessary","⚠ हा स्टेज बदल का आवश्यक आहे याची नोंद करा","⚠रिकॉर्ड करें कि यह चरण परिवर्तन क्यों आवश्यक है","translate","sagarbora91","1","www/modules/service/index.html","3039","script-message","6044a92900cc06bd2fdcfd23abbda29a7252ab9f89ad8481a1fcaa349c4166b2"
"Owner approval denied. No Service stage was changed.","मालकाची मान्यता नाकारली. सेवा टप्पा बदलला नाही.","मालिक की मंजूरी अस्वीकृत. कोई सेवा चरण नहीं बदला गया.","translate","sagarbora91","1","www/modules/service/index.html","3049","script-message","4e1004d5d29834b85648c5032d8e89947cdf611a322b359926e35d1f103fa132"
"⚠ Service cases could not be prepared for saving","⚠ सेवा प्रकरणे बचतीसाठी तयार करता आली नाहीत","⚠सेवा प्रकरण बचत हेतु तैयार नहीं किये जा सके","translate","sagarbora91","1","www/modules/service/index.html","3073","script-message","00160234819afc5f34691978e2fcbb2170ec2de7c1c577809b3ebe6759cd9cea"
"⚠ Service case no longer exists","⚠ सेवा केस यापुढे अस्तित्वात नाही","⚠सेवा मामला अब मौजूद नहीं है","translate","sagarbora91","1","www/modules/service/index.html","3078","script-message","81708a674fa539d5efe2a2a2c2c7af0fcb3be3807185ef9b2efa6fa349c08d38"
"Stage →","टप्पा →","स्टेज →","translate","sagarbora91","1","www/modules/service/index.html","3110","script-message","f68ec9a1d48f648072b47e4e14d212feb5448621d7276577b63dea7ba9102939"
"Notify","सूचित करा","सूचित करें","translate","sagarbora91","1","www/modules/service/index.html","3244","script-message","f4e2b7734cb9eb5a9637e20154677da36116ec60697dd06f270f050e7b27dd89"
"Estimate already marked approved on","अंदाज आधीच मंजूर चिन्हांकित","अनुमान पहले से ही स्वीकृत अंकित है","translate","sagarbora91","1","www/modules/service/index.html","3259","script-message","3522e579771684e63692f0f17fd7d0eb32633b2f77aa69ec46a5404ffc65ebb4"
"✅ Estimate marked approved —","✅ अंदाज मंजूर झाला -","✅ अनुमान अनुमोदित चिह्नित -","translate","sagarbora91","1","www/modules/service/index.html","3271","script-message","28e319e584110747a150e54347c688a9eafa10d253653a1019faf38743f2cb0c"
"‹ Prev","‹ मागील","‹ पिछला","translate","sagarbora91","1","www/modules/service/index.html","3407","element:button","ad218904c8503e6aaef406cc3c19e3099494f67391aec670e36725e381e5dd86"
"Autofilled name from customer records","ग्राहकांच्या नोंदींमधून स्वयंचलितपणे भरलेले नाव","ग्राहक रिकॉर्ड से स्वतः भरा हुआ नाम","translate","sagarbora91","1","www/modules/service/index.html","4051","script-message","7a33eb8fef13c5410673d650b6adb4fa717b920620fea63bb3e7cc9f17ebbb4f"
"⚠ Date Received is required","⚠ प्राप्त तारीख आवश्यक आहे","⚠प्राप्त तिथि आवश्यक है","translate","sagarbora91","1","www/modules/service/index.html","4062","script-message","21402b6b7fcfd31124508425b4b3efe2f1a14b412ff46ae75a317ce23cef66bd"
"⚠ Customer name and mobile are required","⚠ ग्राहकाचे नाव आणि मोबाईल आवश्यक आहे","⚠ ग्राहक का नाम और मोबाइल आवश्यक है","translate","sagarbora91","1","www/modules/service/index.html","4063","script-message","a0fd03044b4406642d2d728f90d7f3b28eaa2a7fedbe033b12f4f02d21b53bfa"
"⚠ Enter a valid mobile number (10 digits)","⚠ एक वैध मोबाइल नंबर प्रविष्ट करा (10 अंक)","⚠ एक वैध मोबाइल नंबर दर्ज करें (10 अंक)","translate","sagarbora91","1","www/modules/service/index.html","4064","script-message","c6603362fa2db85d718c9896f47b7697e1146eac2d224566ffc45af79f747164"
"⚠ Brand and model name are required","⚠ ब्रँड आणि मॉडेलचे नाव आवश्यक आहे","⚠ ब्रांड और मॉडल का नाम आवश्यक है","translate","sagarbora91","1","www/modules/service/index.html","4065","script-message","87c7ba13277b6a0debc9d62169bf2dd18eddee57dcd43bc79f2d8c613e1ade17"
"⚠ A watch photo is required before saving (see Watch Details)","⚠ जतन करण्यापूर्वी घड्याळाचा फोटो आवश्यक आहे (पहा तपशील पहा)","⚠ सहेजने से पहले एक घड़ी का फोटो आवश्यक है (देखें विवरण देखें)","translate","sagarbora91","1","www/modules/service/index.html","4066","script-message","a227adae5d55e4b66f6e8fc636cd3497b9c9395c07e4c3433625e52ff90cff98"
"ℹ Existing customer —","ℹ विद्यमान ग्राहक -","ℹ मौजूदा ग्राहक -","translate","sagarbora91","1","www/modules/service/index.html","4108","script-message","37003d27cd437455e04f28675e809aad0b6f1b89b5b9fef3f19da60fe34444ce"
"Save the order first","प्रथम ऑर्डर जतन करा","पहले ऑर्डर सेव करें","translate","sagarbora91","1","www/modules/service/index.html","4114","script-message","916b08b90125d58fb1daa0b4eb329009b54e6c7cf2086d3c89bdb8bf9b4476bc"
"⚠ Complete pickup readiness from the Service Workboard before closing","⚠ बंद करण्यापूर्वी सर्व्हिस वर्कबोर्डवरून पिकअपची पूर्ण तयारी करा","⚠ बंद करने से पहले सर्विस वर्कबोर्ड से पिकअप की तैयारी पूरी करें","translate","sagarbora91","1","www/modules/service/index.html","4119","script-message","2ba7bee12fcd03b1bc00782e363b1bba9627edb0b7cae0b2b3757e7e110d7360"
"⚠ Complete delivery details before closing","⚠ बंद करण्यापूर्वी संपूर्ण वितरण तपशील","⚠ समापन से पहले पूर्ण डिलीवरी विवरण","translate","sagarbora91","1","www/modules/service/index.html","4137","script-message","d68470c647495f32bf47a17838107c6d153f77dfc255910af231753f37111074"
"⚠ Enter a valid Final Amount before closing","⚠ बंद करण्यापूर्वी वैध अंतिम रक्कम प्रविष्ट करा","⚠ बंद करने से पहले एक वैध अंतिम राशि दर्ज करें","translate","sagarbora91","1","www/modules/service/index.html","4143","script-message","8f30476bfe38ac3f7bb0556c4e4dbdad52a852c6311c8c8b246935216da64143"
"✅ Case closed —","✅ केस बंद -","✅ मामला बंद -","translate","sagarbora91","1","www/modules/service/index.html","4164","script-message","eae702a1108615aa44e18a27c01f6cf4679d401f1abbb0cd289993974efb9192"
"Delete case","केस हटवा","मामला हटाएँ","translate","sagarbora91","1","www/modules/service/index.html","4170","script-message","15a96f887d20f62e48edaeecf63911608570bd79533ec868f31d1c6a72b0e4aa"
"Denomination","चलनी मूल्य","मूल्यवर्ग","translate","sagarbora91","1","www/modules/service/index.html","4207","element:th","31f78c0857bbe505919ea71628d69d030190de571c79286f210ea3489181419d"
"Save the service order first, then print the Proforma Invoice.","प्रथम सेवा ऑर्डर जतन करा, नंतर प्रोफॉर्मा बीजक प्रिंट करा.","पहले सर्विस ऑर्डर सेव करें, फिर प्रोफार्मा इनवॉइस प्रिंट करें।","translate","sagarbora91","1","www/modules/service/index.html","4450","script-message","e5e69cdc79a0caf7c94992c89803c9fd6d30737cc46c1ad08843bc49a6d8e2f8"
"Save and close the service order first.","प्रथम सेवा ऑर्डर जतन करा आणि बंद करा.","सबसे पहले सर्विस ऑर्डर को सेव करें और बंद करें।","translate","sagarbora91","1","www/modules/service/index.html","4471","script-message","911564e09b594abd18c4d575fce40146bb20a226d438e4820408f386ca181bdd"
"⚠ Record the Final Amount (close the case) before invoicing","⚠ इनव्हॉइस करण्यापूर्वी अंतिम रक्कम नोंदवा (केस बंद करा).","⚠ चालान करने से पहले अंतिम राशि रिकॉर्ड करें (मामला बंद करें)।","translate","sagarbora91","1","www/modules/service/index.html","4475","script-message","c7fa3e77b709c1dab23dc82f6c977f0c69857693de8e31c7c01b4a4da26ca0cd"
"Report engine unavailable","इंजिन अनुपलब्ध असल्याची तक्रार करा","रिपोर्ट इंजन अनुपलब्ध","translate","sagarbora91","1","www/modules/service/index.html","4482","script-message","2bb1f168de3a3388c471fd36e0caece2b7bfee8130d9d699e2b607a9f7afe019"
"Case not found","केस सापडली नाही","केस नहीं मिला","translate","sagarbora91","1","www/modules/service/index.html","4714","script-message","4f40e4bf86d13fa79245281e335a15269527b23c14e353e52f7f5a51a914da2e"
"⚠ Select a call type","⚠ कॉल प्रकार निवडा","⚠ कॉल प्रकार चुनें","translate","sagarbora91","1","www/modules/service/index.html","4721","script-message","a07ad3b2bdbe158bc3661ccc43b482f5ac696d650e3909058d73762361456c71"
"⚠ Pick a date & time","⚠ तारीख आणि वेळ निवडा","⚠ दिनांक और समय चुनें","translate","sagarbora91","1","www/modules/service/index.html","4722","script-message","96db3cfa78ce960697cac22a634e251c9f7371c5bc87b5db117fa618312be60a"
"✓ Follow-up added","✓ फॉलो-अप जोडले","✓ अनुवर्ती जोड़ा गया","translate","sagarbora91","1","www/modules/service/index.html","4731","script-message","6f62c43adc407fbbf45f852bfbcf682901723d41a5a6cacbe92ff306dea2e3b9"
"Outgoing","आउटगोइंग","निवर्तमान","translate","sagarbora91","1","www/modules/service/index.html","4755","element:option","3619cf0b90923a4bd37c31000ea1185061b4b80156782aeb9524272108ae4b3c"
"Visit","प्रत्यक्ष भेट","प्रत्यक्ष मुलाकात","translate","sagarbora91","1","www/modules/service/index.html","4758","element:option","1c8ac867f052ea4adb4598c4e3789bbf7b5f758cc7ebab7cfe746f180f43f91e"
"Will collect","गोळा करेल","इकट्ठा कर लेंगे","translate","sagarbora91","1","www/modules/service/index.html","4770","element:option","13a81c9b2b76330317135c2c4237942e92b61ca94a8cf74ef891e8c843cba4f4"
"Resolved","निराकरण केले","सुलझ गया","translate","sagarbora91","1","www/modules/service/index.html","4774","element:option","5be3c2c8354e1eb924b03a3dcc7fa4172e9aa0f4917b46b44fcc7daf8835d7a7"
"What was discussed / next step…","काय चर्चा झाली / पुढची पायरी...","क्या चर्चा हुई/अगला कदम...","translate","sagarbora91","1","www/modules/service/index.html","4787","attribute:placeholder","89a0dd9ef5230518c08c5398fb6157dbe8f1018951346e22b609dc60f30610ba"
"Submit Day Movements first","प्रथम दिवसाच्या हालचाली सबमिट करा","पहले दिवस आंदोलन सबमिट करें","translate","sagarbora91","1","www/modules/stock/index.html","751","attribute:title","f04ad9085043f13b51deea28a0d4bcdaf9f3acc16569cd58224998fade141cf7"
"Mark when physical count is complete","भौतिक गणना पूर्ण झाल्यावर चिन्हांकित करा","भौतिक गिनती पूरी होने पर चिह्नित करें","translate","sagarbora91","1","www/modules/stock/index.html","792","attribute:title","52297c8c2077beddec00cd27f47ae53d7c3e62ff99a0963bbcdf8565057282f9"
"Submit & Proceed to Closing →","सबमिट करा आणि बंद करण्यासाठी पुढे जा →","सबमिट करें और बंद करने के लिए आगे बढ़ें →","translate","sagarbora91","1","www/modules/stock/index.html","825","element:button","4e279d7830b8a5a85f5a118b5fee44b18ade99b1a16028f0e6e84405974655c0"
"Theft / Loss / Shrinkage — reduces closing stock like a sale","चोरी / तोटा / संकोचन - विक्रीप्रमाणे बंद होणारा स्टॉक कमी करते","चोरी/हानि/सिकुड़न - बिक्री की तरह समापन स्टॉक को कम कर देता है","translate","sagarbora91","1","www/modules/stock/index.html","841","attribute:title","120d9e48af5a3183c3b8ca5cc263f47a66563222e1c93d16d15fa0978d0f7fd9"
"Mark when closing count is complete","मोजणी पूर्ण झाल्यावर चिन्हांकित करा","समापन गिनती पूरी होने पर चिह्नित करें","translate","sagarbora91","1","www/modules/stock/index.html","881","attribute:title","58e77f8748ca17e9858d67dc71161c336efd66d04c8d8d6a45050226194a2526"
"Theft / Loss / Shrinkage","चोरी / तोटा / संकोचन","चोरी / हानि / सिकुड़न","translate","sagarbora91","1","www/modules/stock/index.html","929","attribute:title","7a754f62f860644b28b54b109e855bcde3c69ed41377cccb3c039db716aa1376"
"A brand is a repeat offender when it has a counted variance or theft on at least this many days of the month","महिन्याच्या किमान या अनेक दिवसांमध्ये एक ब्रँड हा पुनरावृत्ती करणारा अपराधी असतो","एक ब्रांड बार-बार अपराधी होता है जब महीने के कम से कम इतने दिनों में उसकी गिनती में भिन्नता या चोरी होती है","translate","sagarbora91","1","www/modules/stock/index.html","955","attribute:title","e758f594efe5afc7fc8c6b4b59ce4aa2a8d113dd4a0f6b3dc256d9e2048461a2"
"Offender ≥ 2 days","गुन्हेगार ≥ 2 दिवस","अपराधी ≥ 2 दिन","translate","sagarbora91","1","www/modules/stock/index.html","957","element:option","7c097e4913316c30bbf90aa4802515acc072c19ca0832a5a889493a06685857f"
"Offender ≥ 3 days","गुन्हेगार ≥ 3 दिवस","अपराधी ≥ 3 दिन","translate","sagarbora91","1","www/modules/stock/index.html","958","element:option","3c434f314062bd8da7134f9fddb8ec642e7ab4ef01516744d972390618baa666"
"Offender ≥ 4 days","गुन्हेगार ≥ 4 दिवस","अपराधी ≥ 4 दिन","translate","sagarbora91","1","www/modules/stock/index.html","959","element:option","1a89b2818d8cd0fb1195fb230e749c80e56cd5fe67988ded59c5ffa270d3cad4"
"Offender ≥ 5 days","गुन्हेगार ≥ 5 दिवस","अपराधी ≥ 5 दिन","translate","sagarbora91","1","www/modules/stock/index.html","960","element:option","02a74091dbc2a8438a54a4bad8c7183587a26c345a8419379e97a925148184ac"
"Counted","मोजले","गिना गया","translate","sagarbora91","1","www/modules/stock/index.html","975","element:th","c037c15990c592791fc90ae5a033c6706538119572665ffa9c9987d2eab26f91"
"Days where counted physical ≠ closing system","प्रत्यक्ष मोजणी ≠ प्रणालीतील अंतिम संख्या असलेले दिवस","जिन दिनों भौतिक गणना ≠ सिस्टम की अंतिम संख्या","translate","sagarbora91","1","www/modules/stock/index.html","976","attribute:title","81bc22c72ae391960522d0a508c3ee806f0c4062673f878f983bc492b0ffea75"
"Total theft / loss units in the month","महिन्यातील एकूण चोरी/तोटा युनिट","माह में कुल चोरी/हानि इकाइयाँ","translate","sagarbora91","1","www/modules/stock/index.html","978","attribute:title","67fc013a53cc04015e04f3bfe5261b0c9a9864d9263ef72d3bdc22595c91ec0b"
"CRO Names","CRO नावे","CRO नाम","translate","sagarbora91","1","www/modules/stock/index.html","1030","element:h3","7e73da30fa1838be286e36400fbcd9cdb40f1fbae5c3e556fec5a80b4de5c5ca"
"Enter CRO name","CRO नाव प्रविष्ट करा","CRO का नाम दर्ज करें","translate","sagarbora91","1","www/modules/stock/index.html","1034","attribute:placeholder","9bbe0ef1852ae595b4ff043dc53003a81fdf79fc9e95bf52760cf72efa0d808d"
"Import data (SM only)","डेटा आयात करा (केवळ SM)","डेटा आयात करें (केवल एसएम)","translate","sagarbora91","1","www/modules/stock/index.html","1049","element:label","cd853077c887c0fb22f6f28e27cc1eb339e5a2f750ab71070d3c8de668d47d86"
"↓ Full Backup JSON","↓ पूर्ण बॅकअप JSON","↓ पूर्ण बैकअप JSON","translate","sagarbora91","1","www/modules/stock/index.html","1054","element:button","262a78cb1b640fd2db9339d4ffea4ca1c7c202a1c4502b82ddbbaa06d4330f34"
"(SM only)","(केवळ SM)","(केवल एसएम)","translate","sagarbora91","1","www/modules/stock/index.html","1060","element:h3","28e23d00dd97120ea1230afe17bcb9e7ccf6211131dcfef8dbb67ca890f7006d"
"New brand name (e.g. NEBULA)","नवीन ब्रँड नाव (उदा. नेबुला)","नया ब्रांड नाम (उदा. नेबुला)","translate","sagarbora91","1","www/modules/stock/index.html","1064","attribute:placeholder","797a2db59d54d40a8e8702aaa6002f34aa3834a537252e7d2e18d4a3501e6559"
"↺ Reset to defaults","↺ डीफॉल्टवर रीसेट करा","↺ डिफ़ॉल्ट पर रीसेट करें","translate","sagarbora91","1","www/modules/stock/index.html","1067","element:button","2690786b2692578c1badc9368b72c66eac274a3bb9bab86c944ffef05bf1fd90"
"⚠ Danger Zone","⚠ धोक्याचे क्षेत्र","⚠खतरे का क्षेत्र","translate","sagarbora91","1","www/modules/stock/index.html","1071","element:h3","f9b1ee7fdff4d02a66473db53274ae4cdaaa415a569c5a138f57032eaae1243a"
"Clear ALL data (all stores, all dates)","सर्व डेटा साफ करा (सर्व स्टोअर, सर्व तारखा)","सभी डेटा साफ़ करें (सभी स्टोर, सभी दिनांक)","translate","sagarbora91","1","www/modules/stock/index.html","1077","element:label","2f44d0461a12c9a7a6a377de3c8e0afe8cd06e850038c228ff6ed9b52061fc52"
"⚠ Clear Everything","⚠ सर्वकाही साफ करा","⚠ सब कुछ साफ़ करें","translate","sagarbora91","1","www/modules/stock/index.html","1078","element:button","ee66a883440ba4f23efeb9d176a0de714dd032323e5a54c93c00debd082c43ae"
"⚠ Delete Everything","⚠ सर्व काही हटवा","⚠ सब कुछ हटा दें","translate","sagarbora91","1","www/modules/stock/index.html","1116","element:button","e99cfec4686d2d1b66de362cc5404ae614e844beda45ab6a616fc49b59eb4b96"
"🔒 Lock & Sign Off","🔒 लॉक आणि साइन ऑफ करा","🔒 लॉक करें और साइन ऑफ करें","translate","sagarbora91","1","www/modules/stock/index.html","1132","element:button","a99f76456cb989fd87e4fd1fdbcab6575b2f3811c6834bc2ee58df67b371a47e"
"Reason for re-opening","पुन्हा उघडण्याचे कारण","पुनः खोलने का कारण","translate","sagarbora91","1","www/modules/stock/index.html","1144","attribute:placeholder","96ecaabe183556739e7824ab30d9f7574f71a9e19c3df3a270b84f0bd6a9c6b1"
"🔓 Unlock & Record","🔓 अनलॉक करा आणि रेकॉर्ड करा","🔓 अनलॉक और रिकॉर्ड करें","translate","sagarbora91","1","www/modules/stock/index.html","1147","element:button","1ff00afd627b2f656230c1526c4291ac789f55cb53386173597f7bcaf4fbed7d"
"Only SM can update variance triage.","फक्त SM variance triage अपडेट करू शकतो.","केवल एसएम ही वेरिएंस ट्राइएज को अपडेट कर सकता है।","translate","sagarbora91","1","www/modules/stock/index.html","1541","script-message","4265b097c58a7ab938f50a3f04988b6e3c93b65069b4197bc2ff8be617078fc1"
"Check when physical count is complete","भौतिक गणना पूर्ण झाल्यावर तपासा","जांचें कि भौतिक गणना कब पूरी हो गई है","translate","sagarbora91","1","www/modules/stock/index.html","1685","attribute:title","e4abc015d25595d01edb9514ead3d8559f51908b059c093a17f28afecc607982"
"Check when closing count is complete","क्लोजिंग काउंट पूर्ण झाल्यावर तपासा","जांचें कि समापन गिनती कब पूरी हो गई है","translate","sagarbora91","1","www/modules/stock/index.html","1864","attribute:title","d6049a3c6501ef7de47598dfed844d34068086f0bfa17f68aaadbde1d631ef18"
"Triage","ट्रायज","ट्राइएज","translate","sagarbora91","1","www/modules/stock/index.html","2042","element:button","4ffbef3c08edfa3878c8357dbe3de3f11c3c74c594d8405f40243390f7f2d118"
"Theft changed — SM verification reset. Verify again at closing lock.","चोरी बदलली — SM सत्यापन रीसेट. लॉक बंद करताना पुन्हा पडताळणी करा.","चोरी बदल गई - एसएम सत्यापन रीसेट। ताला बंद होने पर पुनः सत्यापन करें।","translate","sagarbora91","1","www/modules/stock/index.html","2369","script-message","b9b18198c9d8359dfb7284e705f82afe87672cbcf02eafe35a171007f6695f5d"
"Only SM can verify entries.","फक्त SM प्रवेशांची पडताळणी करू शकतात.","केवल एसएम ही प्रविष्टियों को सत्यापित कर सकता है।","translate","sagarbora91","1","www/modules/stock/index.html","2508","script-message","c7bc1f06ae13034e21d69da5202e5255e097f30eb4c7dc936031a07af042f367"
"Cause not selected","कारण निवडले नाही","कारण चयनित नहीं है","translate","sagarbora91","1","www/modules/stock/index.html","2599","element:option","9930e20645970f82e42982bced35c3f3e617be863d5a12363f18fddbd2deda91"
"Closed","बंद","बंद","translate","sagarbora91","1","www/modules/stock/index.html","2605","element:option","c21ead0614e7e1b70edb3759e1d19ca1e12e6036980d10bfb73052fb1a018efa"
"Investigating","तपास करत आहे","जांच कर रही है","translate","sagarbora91","1","www/modules/stock/index.html","2605","element:option","13e3869dfd816830d65591c794719556dbd34d418da4c011a98dcd17b82ce8e2"
"Evidence note / variance explanation","पुरावा टीप / भिन्नता स्पष्टीकरण","साक्ष्य नोट/विचरण स्पष्टीकरण","translate","sagarbora91","1","www/modules/stock/index.html","2608","attribute:placeholder","7d6812f90694cc0fcf7fad98c9f6add0d40013c00bea4934e8935ab375e7ab17"
"I have verified these theft entries (SM)","मी या चोरीच्या नोंदी सत्यापित केल्या आहेत (SM)","मैंने इन चोरी प्रविष्टियों (एसएम) को सत्यापित कर लिया है","translate","sagarbora91","1","www/modules/stock/index.html","2631","element:label","093b3f51a037ab1e5bc8f85ed4964832ae7f4f49e3b29e5b1ad3649de74401a0"
"Closing locked — sign-off recorded","बंद करणे लॉक केलेले — साइन-ऑफ रेकॉर्ड केले आहे","समापन लॉक - साइन-ऑफ़ रिकॉर्ड किया गया","translate","sagarbora91","1","www/modules/stock/index.html","2720","script-message","7a1f0d663f7c4a21cbe5d6faf2dbd15a0e0759d8242d1cc7eb2b3a1015fed5dc"
"Day Movements submitted ✓ Closing Stock is now unlocked.","दिवसाच्या हालचाली सबमिट केल्या ✓ बंद होणारा स्टॉक आता अनलॉक झाला आहे.","दिन भर की गतिविधियाँ प्रस्तुत की गईं ✓ समापन स्टॉक अब अनलॉक हो गया है।","translate","sagarbora91","1","www/modules/stock/index.html","2747","script-message","f2f038cc53141abf82b169b4d60d3b1e3d8981d935dd015555390975912b7f22"
"Reason / incident detail (required)","कारण / घटनेचा तपशील (आवश्यक)","कारण/घटना विवरण (आवश्यक)","translate","sagarbora91","1","www/modules/stock/index.html","2758","attribute:placeholder","cc33c8f0d7ecc551bfde3ab6a66742d8b4bf718a59c1f3186e876c4ee492297e"
"Settings is SM-only. Please log in as SM.","सेटिंग्ज केवळ SM साठी आहेत. कृपया SM म्हणून लॉग इन करा.","सेटिंग्स केवल एसएम है. कृपया एसएम के रूप में लॉग इन करें।","translate","sagarbora91","1","www/modules/stock/index.html","2869","script-message","43e6b105ad8a2eb6f965c6097b4496f5f41826d9963ce7568cddf662ea665db0"
"Submit Day Movements first before entering Closing Stock.","क्लोजिंग स्टॉकमध्ये प्रवेश करण्यापूर्वी प्रथम दिवसाच्या हालचाली सबमिट करा.","क्लोजिंग स्टॉक में प्रवेश करने से पहले दिन के मूवमेंट सबमिट करें।","translate","sagarbora91","1","www/modules/stock/index.html","2881","script-message","026b3df0450ef9c56384367751d476720faad20d438d34bf26062ab23fa9b25d"
"SM mode activated.","SM मोड सक्रिय केला.","एसएम मोड सक्रिय।","translate","sagarbora91","1","www/modules/stock/index.html","2922","script-message","4b60dc04a8b31016a1eb6ab51844f7834ca5edba0f3a49f0d5d96d18150a5f6d"
"CRO name already exists.","CRO नाव आधीपासून अस्तित्वात आहे.","CRO नाम पहले से मौजूद है.","translate","sagarbora91","1","www/modules/stock/index.html","2962","script-message","e15038509b35fe4f2020e75f08af12452fcea628a93f05b70a5306fc1cab12f7"
"Only SM can add brands.","फक्त SM ब्रँड जोडू शकतात.","केवल एसएम ही ब्रांड जोड़ सकता है।","translate","sagarbora91","1","www/modules/stock/index.html","2983","script-message","6bfce039cb591f3c5957d00d4e468365f8b1110091c0cdc55c28db1f063e7421"
"Brand already exists.","ब्रँड आधीपासून अस्तित्वात आहे.","ब्रांड पहले से मौजूद है.","translate","sagarbora91","1","www/modules/stock/index.html","2988","script-message","e1a66514109e572eae1838c5e638709695e8017992e85ef23b2eb23f73ecc550"
"Only SM can remove brands.","फक्त SM ब्रँड काढू शकतात.","केवल एसएम ही ब्रांड हटा सकता है।","translate","sagarbora91","1","www/modules/stock/index.html","3004","script-message","d4a1ca8a0f2afe2b2365481c17984b6861891cf7b3af85cc91687518c68c9715"
"Only SM can reset brands.","फक्त SM ब्रँड रीसेट करू शकतात.","केवल एसएम ही ब्रांडों को रीसेट कर सकता है।","translate","sagarbora91","1","www/modules/stock/index.html","3016","script-message","c785cd7773706d86ebe355f7fe1115aba1da77f90d0f3574e07bbd8c105b74f2"
"Reset brand list to factory defaults? Your entered stock data is NOT deleted.","ब्रँड सूची फॅक्टरी डीफॉल्टवर रीसेट करायची? तुमचा एंटर केलेला स्टॉक डेटा हटवला जात नाही.","ब्रांड सूची को फ़ैक्टरी डिफ़ॉल्ट पर रीसेट करें? आपका दर्ज किया गया स्टॉक डेटा हटाया नहीं गया है।","translate","sagarbora91","1","www/modules/stock/index.html","3017","script-message","b07210c322b73bebf8745075410468db5bfe8a23085c750edbd7d20827aedc46"
"Brand list reset to defaults.","ब्रँड सूची डीफॉल्टवर रीसेट केली.","ब्रांड सूची डिफ़ॉल्ट पर रीसेट हो गई।","translate","sagarbora91","1","www/modules/stock/index.html","3020","script-message","d1290e5574d3d3d805d1092685994db01a550ebe20c9404566402dff32945c6f"
"Only SM can import data.","फक्त SM डेटा इंपोर्ट करू शकतो.","केवल एसएम ही डेटा आयात कर सकता है।","translate","sagarbora91","1","www/modules/stock/index.html","3135","script-message","a08be19668ffc982fd628ec78647775340fca853f5a5dcbeb56a14a0dbd722e0"
"Invalid JSON — cannot parse file.","अवैध JSON — फाईल पार्स करू शकत नाही.","अमान्य JSON - फ़ाइल को पार्स नहीं कर सकता.","translate","sagarbora91","1","www/modules/stock/index.html","3142","script-message","822ce8265b5fb52cdfab22d78d988590c9a63d29b71514a83f7c239875834914"
"Import rejected:","आयात नाकारले:","आयात अस्वीकृत:","translate","sagarbora91","1","www/modules/stock/index.html","3147","script-message","f26c8d49e2d3102994cd6e99e05d34627079b6b029da632eca987864809e9948"
"Data imported ✓","आयात केलेला डेटा ✓","डेटा आयातित ✓","translate","sagarbora91","1","www/modules/stock/index.html","3150","script-message","a89d712852cb83b63e10ef183697de92eb2b8ca091bfa7ff1216d604bc3e512f"
"Unrecognised file format.","अपरिचित फाइल स्वरूप.","अज्ञात फ़ाइल स्वरूप.","translate","sagarbora91","1","www/modules/stock/index.html","3176","script-message","05b94465a1d165284ae612f7d0ab447d21e63e7e6b9e57545cbdda3da9881368"
"Day data cleared.","दिवसाचा डेटा साफ केला.","दिन का डेटा साफ़ किया गया.","translate","sagarbora91","1","www/modules/stock/index.html","3233","script-message","df9c4d3aede94895384e7579f1178f80dbe3b2a51dfbea13f64d177ccc87d021"
"All data permanently deleted.","सर्व डेटा कायमचा हटवला.","सारा डेटा स्थायी रूप से हटा दिया गया.","translate","sagarbora91","1","www/modules/stock/index.html","3254","script-message","1a0830044108aeaaf3b907e0c6864b85a02a3f30824843f68e5538314d9e0283"
"Brands Matched","ब्रँड जुळले","ब्रांड मेल खाते हैं","translate","sagarbora91","1","www/modules/stock/index.html","3491","element:h4","15f73fb50e893d4662ee9ed82e0dbfc331832b88f829ae5883794b8120af5086"
"Closing Phys","अंतिम प्रत्यक्ष मोजणी","अंतिम भौतिक गणना","translate","sagarbora91","1","www/modules/stock/index.html","3514","element:th","512c66f4960a9d69c2a91af6778d9b4e54b904b6e4e83332ccf767915b65ddba"
"Closing Sys","अंतिम प्रणाली संख्या","अंतिम सिस्टम संख्या","translate","sagarbora91","1","www/modules/stock/index.html","3514","element:th","41f3e9b6fabd56ad2c5a36be455bbb2aacea350998281a04560f3235bb47f0a8"
"Opening Sys","सुरुवातीची प्रणाली संख्या","प्रारंभिक सिस्टम संख्या","translate","sagarbora91","1","www/modules/stock/index.html","3514","element:th","61743eb52fd0415dbb050d3e568c33571ee03d75e87ff07ab7b27ecdac063065"
"Step","पायरी","कदम","translate","sagarbora91","1","www/modules/stock/index.html","3529","element:th","8e6a6cca7aae1d1e781d3ee04849d6b00f7aaf48f7c642f35105e4bf990a8cb4"
"Re-opened","पुन्हा उघडले","पुनः खोला गया","translate","sagarbora91","1","www/modules/stock/index.html","3533","element:th","119c1580ba97d507d3aae7f5c91bb411d451c967e13ca5c57dc31442910a0f7d"
"Theft / Loss Units","चोरी / तोटा युनिट्स","चोरी/हानि इकाइयाँ","translate","sagarbora91","1","www/modules/stock/index.html","3558","element:h4","01def79fc7ee519c25996d9568373272591ed38c14985b4fa16db01703ab8bae"
"Repeat Offenders","पुनरावृत्ती गुन्हेगार","बार-बार अपराधी","translate","sagarbora91","1","www/modules/stock/index.html","3559","element:h4","9905202ece7ed2f485065e7bb7105d1f415a7c0169747adaff467bc98f0cf1e9"
"Offending Days","तफावतीचे दिवस","विसंगति वाले दिन","translate","sagarbora91","1","www/modules/stock/index.html","3582","element:th","2b49875f5894d8397ef1977053186ac8f2f0893709d96bd853091a1becbd8f2d"
"🔔 Action Center","🔔 कृती केंद्र","🔔एक्शन सेंटर","translate","sagarbora91","1","www/modules/tax/index.html","887","element:button","2d0b4698bdbf710506f43ec94cd6d41bdfd8d577c676b8ae975f9a09c54688f9"
"Download all attached evidence files for this firm and FY as a ZIP","या फर्म आणि FY साठीच्या सर्व संलग्न पुरावा फायली ZIP म्हणून डाउनलोड करा","इस फ़र्म और FY की सभी संलग्न साक्ष्य फ़ाइलें ZIP के रूप में डाउनलोड करें","translate","sagarbora91","1","www/modules/tax/index.html","891","attribute:title","a93b6c15c3c2d8ad19d1bee2c38136046ed21249af7cc6ecf6f506d0df21bbb3"
"e.g. Sharma Traders","उदा. शर्मा ट्रेडर्स","जैसे शर्मा ट्रेडर्स","translate","sagarbora91","1","www/modules/tax/index.html","929","attribute:placeholder","052cc3ff39b9a86ff4c0709ea3ef1425ab282649b9a4398685de34474be6f471"
"ABCDE1234F","ABCDE1234F","ABCDE1234F","translate","sagarbora91","1","www/modules/tax/index.html","933","attribute:placeholder","6442fd73a940c1186d6268bd27f89233e12429902c7805037e8aab6e717be6d9"
"27ABCDE1234F1Z5","27ABCDE1234F1Z5","27ABCDE1234F1Z5","translate","sagarbora91","1","www/modules/tax/index.html","937","attribute:placeholder","7dbfb6f7d1b86483e7041251c09f4607b896bb8aaaad7172ee747d06bea20194"
"LLP","एलएलपी","एलएलपी","translate","sagarbora91","1","www/modules/tax/index.html","944","element:option","d3942f340ef0e60eeb88d21df46f8a79e589e84b6b297db5c066d4f4cc76eda7"
"QRMP — file GSTR-1 / GSTR-3B quarterly (monthly PMT-06 challans)","QRMP — GSTR-1 / GSTR-3B त्रैमासिक फाइल करा (मासिक PMT-06 चालान)","QRMP - GSTR-1 / GSTR-3B त्रैमासिक फ़ाइल करें (मासिक PMT-06 चालान)","translate","sagarbora91","1","www/modules/tax/index.html","962","element:label","f7343a4b3caa7862244df72f7a723052349db9d0daa6044e007aea4e03f242ef"
"Tick if this firm opted into the Quarterly Return Monthly Payment scheme (turnover ≤ ₹5 crore).","या फर्मने त्रैमासिक परतावा मासिक पेमेंट योजना (उलाढाल ≤ ₹5 कोटी) मध्ये निवडले असल्यास टिक करा.","यदि इस फर्म ने त्रैमासिक रिटर्न मासिक भुगतान योजना (टर्नओवर ≤ ₹5 करोड़) का विकल्प चुना है तो टिक करें।","translate","sagarbora91","1","www/modules/tax/index.html","962","element:label","47278da7cab0834c852eb3e0947e3ce6ffa2e096a15e6eef7a18a2246fdf4472"
"Yes — show PF / ESIC / PT","होय — PF/ESIC/PT दाखवा","हां - पीएफ/ईएसआईसी/पीटी दिखाएं","translate","sagarbora91","1","www/modules/tax/index.html","968","element:option","5aa6658eb0b2619423f0e8f4905186ce706aad7687dcc696945696542d05a982"
"No — hide payroll filings","नाही - पेरोल फाइलिंग लपवा","नहीं - पेरोल फाइलिंग छुपाएं","translate","sagarbora91","1","www/modules/tax/index.html","969","element:option","0afc57ef50577d37baa6c9d8b2439e1f74a60499cf2b81879b3a383866d17a05"
"e.g. Maharashtra, Retail","उदा. महाराष्ट्र, रिटेल","जैसे महाराष्ट्र, खुदरा","translate","sagarbora91","1","www/modules/tax/index.html","974","attribute:placeholder","f1f33b39006e55c455aaea699ee992478c31342c0c3aead33f15f21a56c7cc9c"
"e.g. Professional Tax – Monthly Return","उदा. व्यावसायिक कर – मासिक परतावा","जैसे व्यावसायिक कर - मासिक रिटर्न","translate","sagarbora91","1","www/modules/tax/index.html","999","attribute:placeholder","f9540e5bfef23e0ef3492a17ae70e60b89d983362d397e56ece30c648bc79215"
"e.g. PT Return on State Portal","उदा. स्टेट पोर्टलवर PT रिटर्न","जैसे राज्य पोर्टल पर पीटी रिटर्न","translate","sagarbora91","1","www/modules/tax/index.html","1029","attribute:placeholder","09ed6cfdaa91c0e461a93edd225bf1ef2bb8f33964778517b53c6b7d6e46a9d8"
"Every month (Apr–Mar)","दर महिन्याला (एप्रिल-मार्च)","हर महीने (अप्रैल-मार्च)","translate","sagarbora91","1","www/modules/tax/index.html","1034","element:label","1f3f5a14547a4919ecff45529fb84ee0502575a5ef3c8adb3ebb7a0dbe5f839f"
"▼ Who / What / Why / Penalty (optional)","▼ कोण / काय / का / दंड (पर्यायी)","▼ कौन / क्या / क्यों / जुर्माना (वैकल्पिक)","translate","sagarbora91","1","www/modules/tax/index.html","1037","element:button","009c849cb6b0ee17b5074df1d4ee5ca5457e55b0eca0cd15276d6c90c43dcf65"
"Who this applies to","हे कोणाला लागू होते","यह किस पर लागू होता है","translate","sagarbora91","1","www/modules/tax/index.html","1040","attribute:placeholder","bcdaeeabfe75aa98beee2041e81ab27c2c20a680608471e7ee0844f00e179361"
"What the obligation is","बंधन काय आहे","क्या बाध्यता है","translate","sagarbora91","1","www/modules/tax/index.html","1042","attribute:placeholder","2dd851e2b1c9af22d507089fa107b1e3acd129a58e5fc898a2ae0295dd18cc73"
"Legal basis / reason","कायदेशीर आधार / कारण","कानूनी आधार/कारण","translate","sagarbora91","1","www/modules/tax/index.html","1044","attribute:placeholder","18a1bcff57dda10bda5f9b4ef9d165ba611d9c43ed1eccb7035fd9ffcc69922c"
"Penalty / interest","दंड / व्याज","जुर्माना/ब्याज","translate","sagarbora91","1","www/modules/tax/index.html","1046","attribute:placeholder","9316adda39a6447ad61a4e94a0c67061340cdfb0c2084336711206d7c7a77a06"
"▼ Ownership / Risk / Checklist / Workflow / Evidence (optional)","▼ मालकी / जोखीम / चेकलिस्ट / वर्कफ्लो / पुरावा (पर्यायी)","▼ स्वामित्व / जोखिम / चेकलिस्ट / वर्कफ़्लो / साक्ष्य (वैकल्पिक)","translate","sagarbora91","1","www/modules/tax/index.html","1050","element:button","31acb86a3b7f4b0539f3bf30de14a8aeb2c394019536b64b770af0d4e1f0a562"
"e.g. Tax Executive","उदा. कर कार्यकारी","जैसे कर कार्यकारी","translate","sagarbora91","1","www/modules/tax/index.html","1053","attribute:placeholder","2d9109a58bd2fc650ef2d60c97a06723acf5bfd7418f56cfbaf8aec12303d0c8"
"e.g. Compliance Manager","उदा. अनुपालन व्यवस्थापक","जैसे अनुपालन प्रबंधक","translate","sagarbora91","1","www/modules/tax/index.html","1054","attribute:placeholder","4c74eb1bf8e5e8df05741998c91efa1842e4ba6f31869dfc4ccdc313e39a896d"
"(auto)","(स्वयं)","(ऑटो)","translate","sagarbora91","1","www/modules/tax/index.html","1055","element:option","45961044b3411271a0ec0f1386e10ea0d0197b50ecb9c533defc7a7456f52092"
"auto (3 / 5)","स्वयं (३/५)","ऑटो (3/5)","translate","sagarbora91","1","www/modules/tax/index.html","1056","attribute:placeholder","916966ae461f89e2bfa934b84e7b510188e3c64c7357729500d80331ccd13cb3"
"Books closed for the period","कालावधीसाठी पुस्तके बंद","इस अवधि के लिए पुस्तकें बंद हो गईं","translate","sagarbora91","1","www/modules/tax/index.html","1059","attribute:placeholder","a51f348685e3d3f000276bc9f1bbff8250462d981efe01c1c95ad98cd7e178a7"
"Final computation approved","अंतिम गणना मंजूर","अंतिम गणना स्वीकृत","translate","sagarbora91","1","www/modules/tax/index.html","1059","attribute:placeholder","26da894fceeaa2c2f33c25d14416f7adf610decb4213f3b198f828da6d03ec02"
"Working papers reviewed","कामकाजाच्या कागदपत्रांचे पुनरावलोकन केले","कार्य पत्रों की समीक्षा की गई","translate","sagarbora91","1","www/modules/tax/index.html","1059","attribute:placeholder","66fa33b86f256202f8713b76d70dc48d3fd15bda68e2870ad04c1adc6223fa6d"
"File and store evidence","पुरावा फाइल करा आणि साठवा","साक्ष्य फ़ाइल करें और संग्रहीत करें","translate","sagarbora91","1","www/modules/tax/index.html","1061","attribute:placeholder","ecf12a21593aea834179131214787bed793f5175c88634711c7cd1b9c8ef7ff3"
"Prepare data pack","डेटा पॅक तयार करा","डेटा पैक तैयार करें","translate","sagarbora91","1","www/modules/tax/index.html","1061","attribute:placeholder","6b3939ded0e2ea1480976b0125e141bfe818b87db7526f859b646f2c293f361f"
"Reviewer check and approval","समीक्षक तपासा आणि मंजूरी","समीक्षक जाँच और अनुमोदन","translate","sagarbora91","1","www/modules/tax/index.html","1061","attribute:placeholder","ba4c11a5eb542eca5134b94df657ba13d139a56b662896088e5d885ddb0473f7"
"Challan","चलन","चालान","translate","sagarbora91","1","www/modules/tax/index.html","1063","attribute:placeholder","574e4659c621e712bfb4968909a63086b1ca5506f3e501cfa3300a97f06aa787"
"Filed return PDF","फाइल रिटर्न PDF","रिटर्न PDF दाखिल किया","translate","sagarbora91","1","www/modules/tax/index.html","1063","attribute:placeholder","706d0e6799abf019db265bef240406e60e1f5bdc7752ade5104dca8eea89d0e1"
"Working reconciliation","कार्यरत सलोखा","कामकाजी सामंजस्य","translate","sagarbora91","1","www/modules/tax/index.html","1063","attribute:placeholder","831a98c25958e0fb025b5eaf3b8938e237baf26c08b4e71682005a41d03f87e7"
"Obligations:","दायित्वे:","दायित्व:","translate","sagarbora91","1","www/modules/tax/index.html","1192","element:button","39e207aba8134389eee036475bd1b7e926fa2c5d74fee95813a9d6a510ae3698"
"NA:","NA:","एनए:","translate","sagarbora91","1","www/modules/tax/index.html","1194","element:button","8b175aa4a4f8b2c658b3cc839386a21d168932b1c8cba5add33ebc027a93e7db"
"Compliance Obligations —","अनुपालन बंधने -","अनुपालन दायित्व -","translate","sagarbora91","1","www/modules/tax/index.html","1197","element:button","5421f4348d2f5677d74782e8ede236c3f0118f71f75191e44049ca05064cd1e0"
"N/A ✓ Done Pending","N/A ✓ पूर्ण प्रलंबित","एन/ए ✓ पूर्ण लंबित","translate","sagarbora91","1","www/modules/tax/index.html","1200","element:button","af9c09f1312d6413c9ef06d1981aaa683da394e3f1adc4d08fe37bb07d675496"
"No compliance obligations for this month.","या महिन्यासाठी कोणतेही अनुपालन बंधन नाही.","इस माह के लिए कोई अनुपालन दायित्व नहीं।","translate","sagarbora91","1","www/modules/tax/index.html","1200","element:button","03c07ff558db06ed36190c29f9c63adb2c8d05bf25c18f8ee5ecded420365685"
"obligation s · done · pending · N/A","दायित्व s · पूर्ण · प्रलंबित · N/A","दायित्व · पूरा · लंबित · एन/ए","translate","sagarbora91","1","www/modules/tax/index.html","1224","element:button","deec314afd22e39c5c165cb065e4360575cb25990efcf60d3338e3b6e49feb88"
"Saagar Traders · Compliance Operating System ·","सागर ट्रेडर्स · अनुपालन ऑपरेटिंग सिस्टम ·","सागर ट्रेडर्स · अनुपालन ऑपरेटिंग सिस्टम ·","translate","sagarbora91","1","www/modules/tax/index.html","1234","element:button","8179f87ba65d8aac8be0ec119a693c86f6a26400a07fe3c663fe06736b3c4004"
"✓ Filed","✓ दाखल","✓ दायर किया गया","translate","sagarbora91","1","www/modules/tax/index.html","1486","element:button","6e2a4e83d8deb23160ef1c778f8490a2f10f42edc5b78d9ca582f58ab9b9b7f3"
"⚠ d overdue","⚠ d थकीत","⚠ अतिदेय","translate","sagarbora91","1","www/modules/tax/index.html","1488","element:button","8800d5ea7ff8a7afac217960034032008ad10db5b6f6fbb37936f001bf498f77"
"⚡ d left","⚡ d बाकी","⚡d बाएँ","translate","sagarbora91","1","www/modules/tax/index.html","1490","element:button","a09625c546cfdbda0f59350ab3661e54a4f2f1b25fed76012e04587484e0b235"
"⏰ d left","⏰ d बाकी","⏰d बायां","translate","sagarbora91","1","www/modules/tax/index.html","1491","element:button","0b059d38410f4fc9506a4193e0e0b6bcff3ba564c15b139508812a8c7a9fb641"
"April","एप्रिल","अप्रैल","translate","sagarbora91","1","www/modules/tax/index.html","1492","element:button","4afe6ea150d532c17693519cac32da104f47073d500d2507272d294d8590d3f8"
"d left","d बाकी","घ छोड़ दिया","translate","sagarbora91","1","www/modules/tax/index.html","1492","element:button","ed806ecdf363b6233f32c2d6cbdd57aa90598a972395206a4364f712f3e5639f"
"Ensure all new registrations (GST, PT, ESIC) are in order. March TDS has a special extended due date of 30th April. Composition dealers: CMP-08 for Q4 (Jan–Mar) due 18th April + GSTR-4 Annual Return due 30th June.","सर्व नवीन नोंदणी (GST, PT, ESIC) व्यवस्थित असल्याची खात्री करा. मार्च TDS ची 30 एप्रिल ही विशेष विस्तारित देय तारीख आहे. कंपोझिशन डीलर्स: 18 एप्रिलला देय असलेल्या Q4 (जाने-मार्च) साठी CMP-08 + GSTR-4 वार्षिक रिटर्न 30 जूनपर्यंत.","सुनिश्चित करें कि सभी नए पंजीकरण (GST, PT, ESIC) क्रम में हैं। मार्च TDS की विशेष विस्तारित देय तिथि 30 अप्रैल है। कंपोजीशन डीलर: 18 अप्रैल को देय चौथी तिमाही (Q4; जनवरी-मार्च) के लिए CMP-08 + 30 जून को देय GSTR-4 वार्षिक रिटर्न।","translate","sagarbora91","1","www/modules/tax/index.html","1501","element:button","3a5367174982d779797a091a548fa1753a4901c3fc456c7e8601009532330b18"
"FY begins.","FY सुरू होते.","वित्तीय वर्ष (FY) शुरू होता है.","translate","sagarbora91","1","www/modules/tax/index.html","1501","element:button","e8d5b1e5fd4d0bb44b2ce85cde1d433638139177184aad15be702471822e7376"
"the Income-tax Act, 2025 is now in force — income from 1 April falls under the new","प्राप्तिकर कायदा, 2025 आता लागू झाला आहे - 1 एप्रिल पासूनचे उत्पन्न नवीन अंतर्गत येते","आयकर अधिनियम, 2025 अब लागू है - 1 अप्रैल से आय नए के अंतर्गत आती है","translate","sagarbora91","1","www/modules/tax/index.html","1501","element:button","8e5523875e3874707ec3d3b7fd4e41c4428e5d9b634fcf7aa2a006e47c94dc8d"
"Q4 TDS Return deadline is 31st May.","Q4 TDS रिटर्नची अंतिम मुदत 31 मे आहे.","Q4 TDS रिटर्न की समय सीमा 31 मई है।","translate","sagarbora91","1","www/modules/tax/index.html","1554","element:button","69e0145dba4aeab76cd4dc38ea3fd4e398a7cbfc22ec03a11f93dbbb438495ed"
"Three critical deadlines:","तीन गंभीर मुदती:","तीन महत्वपूर्ण समय सीमाएँ:","translate","sagarbora91","1","www/modules/tax/index.html","1607","element:button","240aa5827df4b64c82bb2df79ca8fe0042b79c5627a55ed99001c99cf2ce4cbf"
"CMP-08 Q1 for composition dealers (18 Jul)","रचना डीलर्ससाठी CMP-08 Q1 (18 जुलै)","कंपोजीशन डीलरों के लिए सीएमपी-08 Q1 (18 जुलाई)","translate","sagarbora91","1","www/modules/tax/index.html","1666","element:button","02e528714ec9426a673b00b972a1bad7e0a83333ea8fcd5f20c12d19d82fcdd7"
"Major month:","प्रमुख महिना:","प्रमुख मास:","translate","sagarbora91","1","www/modules/tax/index.html","1666","element:button","cc3b48057a4db7d49347fb737aabc410d6936bcc700eb5c41c7a3a5109df8747"
"Q1 TDS Return (31 Jul), ITR for non-audit cases (31 Jul), GSTR-1/3B for QRMP quarterly filers (Q1), and","Q1 TDS रिटर्न (31 जुलै), ऑडिट नसलेल्या केसेससाठी ITR (31 जुलै), QRMP त्रैमासिक फाइलर्ससाठी GSTR-1/3B (Q1), आणि","Q1 TDS रिटर्न (31 जुलाई), गैर-ऑडिट मामलों के लिए ITR (31 जुलाई), QRMP त्रैमासिक फाइलर्स (Q1) के लिए GSTR-1/3B, और","translate","sagarbora91","1","www/modules/tax/index.html","1666","element:button","b4b0edaac10b5024b91339231099b47594a6ccff12bf40244481102994fb8fc3"
"Form 16A for Q1 due on 15th August.","Q1 साठी फॉर्म 16A 15 ऑगस्ट रोजी देय आहे.","Q1 के लिए फॉर्म 16A 15 अगस्त को देय होगा।","translate","sagarbora91","1","www/modules/tax/index.html","1743","element:button","e837bbe2b23b724b61ebaf64680db0135032598b30badf4549149c9642a5e010"
"Critical month:","गंभीर महिना:","महत्वपूर्ण महीना:","translate","sagarbora91","1","www/modules/tax/index.html","1790","element:button","912281b8127f15c37a98e5aa9b243784bca7641d0f45a1e2b6732085e6829962"
"and Q2 TDS Return (31 Oct).","आणि Q2 TDS परतावा (31 ऑक्टो).","और Q2 TDS रिटर्न (31 अक्टूबर)।","translate","sagarbora91","1","www/modules/tax/index.html","1843","element:button","27e98b1f499062d1c7d0a3f48473530fad46521a0a7015e31da89d30d5d867e2"
"CMP-08 Q2 for composition dealers (18 Oct).","रचना डीलर्ससाठी CMP-08 Q2 (18 ऑक्टो).","कंपोजीशन डीलरों के लिए सीएमपी-08 क्यू2 (18 अक्टूबर)।","translate","sagarbora91","1","www/modules/tax/index.html","1843","element:button","22d1f1dd3619f6a48c69132e15bd628f029206c1be1f0cc1aa9c8d39e395c2c2"
"Final ITR deadline for audit cases (31 Oct)","ऑडिट प्रकरणांसाठी अंतिम ITR अंतिम मुदत (३१ ऑक्टोबर)","ऑडिट मामलों के लिए अंतिम आईटीआर की समय सीमा (31 अक्टूबर)","translate","sagarbora91","1","www/modules/tax/index.html","1843","element:button","87141daabc11aa7c18d06aa9dbbfbca5644b8a4541c06c853f803fb95b778989"
"Form 16A for Q2 (Jul–Sep) due 15th November","Q2 (जुलै-सप्टेंबर) साठी फॉर्म 16A 15 नोव्हेंबरला देय आहे","Q2 (जुलाई-सितंबर) के लिए फॉर्म 16ए 15 नवंबर को जमा होगा","translate","sagarbora91","1","www/modules/tax/index.html","1914","element:button","6703bd45f8ee6536f30dabfc963ecbc7a3d8f4d2bbb619154dfbb0d0a7fbb3b1"
"GSTR-9 Annual Return & Advance Tax 3rd installment","GSTR-9 वार्षिक परतावा आणि आगाऊ कर 3रा हप्ता","जीएसटीआर-9 वार्षिक रिटर्न और अग्रिम कर तीसरी किस्त","translate","sagarbora91","1","www/modules/tax/index.html","1967","element:button","7f5c8af4853e0b2bf2363b450e9659c28fcaa42cba3a0b159512f0cf6f7daffc"
"CMP-08 Q3 for composition dealers (18 Jan).","रचना डीलर्ससाठी CMP-08 Q3 (18 जाने).","कंपोजीशन डीलरों के लिए सीएमपी-08 क्यू3 (18 जनवरी)।","translate","sagarbora91","1","www/modules/tax/index.html","2032","element:button","144f22713e3519696865f68f05697dd7e1770583de4672c8c2351fd6199b1f8f"
"Q3 TDS Return due 31st January.","Q3 TDS रिटर्न 31 जानेवारी रोजी देय आहे.","Q3 TDS रिटर्न 31 जनवरी को देय है।","translate","sagarbora91","1","www/modules/tax/index.html","2032","element:button","713a8093a1d911c9941af15306588f49d0769c97d5a4793e957c856c74dd3ecc"
"Form 16A for Q3 due 15th February.","15 फेब्रुवारी रोजी देय असलेल्या Q3 साठी फॉर्म 16A.","Q3 के लिए फॉर्म 16ए 15 फरवरी को जमा होगा।","translate","sagarbora91","1","www/modules/tax/index.html","2109","element:button","5ef3d7a5c8e87947b61251eb372862416e91704ff7feb6e44816d4d6c8b95a2a"
"Note Maharashtra:","महाराष्ट्राची नोंद:","नोट महाराष्ट्र:","translate","sagarbora91","1","www/modules/tax/index.html","2155","element:button","f9d26e182b5ac0b852c2249eee08925e861a28a59b3d9ee7dd2c83e7e632ec69"
"Final advance tax (15 Mar) and year-end compliance.","अंतिम आगाऊ कर (15 मार्च) आणि वर्षाच्या शेवटी अनुपालन.","अंतिम अग्रिम कर (15 मार्च) और वर्षांत अनुपालन।","translate","sagarbora91","1","www/modules/tax/index.html","2168","element:button","0a2ec15081752939151b298047bc767476e38515740a72159368e082eef853b8"
"No firms added yet. Add your first firm below.","अद्याप कोणतीही फर्म जोडलेली नाही. खाली तुमची पहिली फर्म जोडा.","अभी तक कोई कंपनी नहीं जोड़ी गई. नीचे अपनी पहली फर्म जोड़ें.","translate","sagarbora91","1","www/modules/tax/index.html","2270","element:button","8c4d861a0e21032d20fbc6bd01b72f23f26cdc00733cbbac1b4cf5a2f6bcdb86"
"· · No employees · PAN: · GSTIN:","· · कर्मचारी नाहीत · पॅन: · GSTIN:","· · कोई कर्मचारी नहीं · पैन: · जीएसटीआईएन:","translate","sagarbora91","1","www/modules/tax/index.html","2277","element:button","cb7530d4333eec5ee5e91b30ef3edbd49868e7e85aa8e67d0c7a8715e2ed0c25"
"Please enter a firm name.","कृपया फर्म नाव प्रविष्ट करा.","कृपया एक फर्म का नाम दर्ज करें.","translate","sagarbora91","1","www/modules/tax/index.html","2296","script-message","b2803be0c535f93890a5d96b93d876eff4f3e590d2e25ae2c6e95434cd883ac0"
"Delete this firm and all its compliance records?","ही फर्म आणि तिचे सर्व अनुपालन रेकॉर्ड हटवायचे?","इस फर्म और इसके सभी अनुपालन रिकॉर्ड को हटा दें?","translate","sagarbora91","1","www/modules/tax/index.html","2343","script-message","cdd9419540725a713092762210066f9ab889ca8c169228bb84b5b94b37c79dcc"
"Please enter an obligation name.","कृपया बंधनाचे नाव एंटर करा.","कृपया एक दायित्व नाम दर्ज करें.","translate","sagarbora91","1","www/modules/tax/index.html","2485","script-message","a059e175a4a50ca25fddf4e7974420878768cf9497229b05a6b32978bd12d2aa"
"Please select at least one applicable month.","कृपया किमान एक लागू महिना निवडा.","कृपया कम से कम एक लागू महीना चुनें.","translate","sagarbora91","1","www/modules/tax/index.html","2487","script-message","3d55db8121e1fee6064df69f30a43a90538179bad0d4005fd3f21f413252b586"
"Delete this custom obligation? It will be removed from the calendar.","हे सानुकूल अनुपालन दायित्व हटवायचे? ते कॅलेंडरमधून काढले जाईल.","क्या इस कस्टम अनुपालन दायित्व को हटाना है? इसे कैलेंडर से हटा दिया जाएगा।","translate","sagarbora91","1","www/modules/tax/index.html","2562","script-message","b51493cf8ae7ef2350ff08fbea5b755c5383165ff049ea0596b6c292bc92300c"
"Select a firm first to export its compliance register.","अनुपालन रजिस्टर निर्यात करण्यासाठी प्रथम फर्म निवडा.","अनुपालन रजिस्टर निर्यात करने के लिए पहले एक फर्म का चयन करें।","translate","sagarbora91","1","www/modules/tax/index.html","3080","script-message","67c9d4167f1d1d166299700e71df029cce693c381d8f594b64f1431a339e7465"
"Select a firm first to export its evidence pack.","पुरावा पॅक निर्यात करण्यासाठी प्रथम फर्म निवडा.","इसके साक्ष्य पैक को निर्यात करने के लिए पहले एक फर्म का चयन करें।","translate","sagarbora91","1","www/modules/tax/index.html","3155","script-message","3af9b2b90658b68ddc1fcc2887009f0695811aa33f7535d1d05593fd1c3236b0"
"Evidence store unavailable on this device.","या डिव्हाइसवर पुरावा स्टोअर अनुपलब्ध आहे.","इस उपकरण पर साक्ष्य भंडार अनुपलब्ध है.","translate","sagarbora91","1","www/modules/tax/index.html","3157","script-message","9a58c6b133e8ef7cfd9bffbf4bf53dbb3ca2957b14a1c935ce67e190cbf646e9"
"No evidence files are attached for","पुराव्याच्या फायली जोडलेल्या नाहीत","इसके लिए कोई साक्ष्य फ़ाइलें संलग्न नहीं हैं","translate","sagarbora91","1","www/modules/tax/index.html","3165","script-message","94d934deaa85887f7882fad085e01f650326f28725fb790f3268ea20f8e68720"
"ZIP support could not be loaded on this device.","या डिव्हाइसवर ZIP समर्थन लोड करणे शक्य नाही.","इस डिवाइस पर ZIP समर्थन लोड नहीं किया जा सका.","translate","sagarbora91","1","www/modules/tax/index.html","3167","script-message","505faa85d8d093b203207584090b3dadb7ae5e15c8a411586c1842aaf8a37acd"
"The evidence files for","पुरावे दाखल करतात","के लिए साक्ष्य फ़ाइलें","translate","sagarbora91","1","www/modules/tax/index.html","3198","script-message","16a26a01dc6fe534b999529bb605b29412896602ccafeba4218baa9bb3707212"
"Could not build the evidence ZIP.","पुरावा ZIP तयार करू शकलो नाही.","साक्ष्य ZIP नहीं बनाया जा सका.","translate","sagarbora91","1","www/modules/tax/index.html","3204","script-message","e94e97b7c12887c1dc00f142aaebcec5019ff4dca4269cf5eb8f1fe7f790657b"
"Select a firm first to send its CA compliance pack.","CA अनुपालन पॅक पाठवण्यासाठी प्रथम फर्म निवडा.","अपना सीए अनुपालन पैक भेजने के लिए पहले एक फर्म का चयन करें।","translate","sagarbora91","1","www/modules/tax/index.html","3214","script-message","650cbeae87fad995a709662262ccc59bd665f86aff4911bdcf5ce36bfe0e18f0"
"WhatsApp sharing is available inside the Saagar app.","सागर ॲपमध्ये व्हॉट्सॲप शेअरिंग उपलब्ध आहे.","व्हाट्सएप शेयरिंग सागर ऐप के अंदर उपलब्ध है।","translate","sagarbora91","1","www/modules/tax/index.html","3221","script-message","4316661a0ff6fb54fbfa7d4e8391abe7a14dae6e2003af774e15dc719efc92aa"
"This item is marked Not Applicable (NA) and is read-only. Remove NA first to change its status.","हा आयटम लागू नाही (NA) म्हणून चिन्हांकित केला आहे आणि तो केवळ वाचनीय आहे. त्याची स्थिती बदलण्यासाठी प्रथम NA काढा.","यह आइटम लागू नहीं (एनए) के रूप में चिह्नित है और केवल पढ़ने के लिए है। इसकी स्थिति बदलने के लिए पहले NA को हटाएँ।","translate","sagarbora91","1","www/modules/tax/index.html","3268","script-message","3f6fbb4fbd4cdfe02a146d09f1704858077f5062d1c8c312db741fcb5322047f"
"🔒 Viewing a past date — read-only.","🔒 मागील तारीख पाहणे — केवळ वाचनीय.","🔒 पिछली तारीख देखना - केवल पढ़ने के लिए।","translate","sagarbora91","1","www/modules/tax/index.html","3396","script-message","986ce8abe926d071378757c32c992051c063d56d412b4b9ce3374aa3d98acae6"
"Remove this evidence file?","ही पुरावा फाइल काढायची?","इस साक्ष्य फ़ाइल को हटाएँ?","translate","sagarbora91","1","www/modules/tax/index.html","3398","script-message","4621c6a81e44232654bee256cbbce25dd0a125f96818fe926392f1ca9bb98d74"
"Please select a firm before attaching evidence (files are stored per firm).","कृपया पुरावे संलग्न करण्यापूर्वी फर्म निवडा (प्रति फर्म फायली संग्रहित केल्या जातात).","कृपया साक्ष्य संलग्न करने से पहले एक फर्म का चयन करें (फ़ाइलें प्रति फर्म संग्रहीत हैं)।","translate","sagarbora91","1","www/modules/tax/index.html","3404","script-message","399b5523bb7b166cd7d0f9bd40b1d9933e714328fbf4f2b1713349391b913726"
"This item is marked Not Applicable (NA) and is read-only. Remove NA first to record a filing.","हा आयटम लागू नाही (NA) म्हणून चिन्हांकित केला आहे आणि तो केवळ वाचनीय आहे. फाइलिंग रेकॉर्ड करण्यासाठी प्रथम NA काढा.","यह आइटम लागू नहीं (एनए) के रूप में चिह्नित है और केवल पढ़ने के लिए है। फ़ाइलिंग रिकॉर्ड करने के लिए पहले NA हटाएँ।","translate","sagarbora91","1","www/modules/tax/index.html","3513","script-message","0ba2e7d5794eea6eb640df0f116551e5e33c655a057c1d7cb7f7af2774988525"
"Select a firm","फर्म निवडा","एक फर्म का चयन करें","translate","sagarbora91","1","www/modules/tax/index.html","3554","element:a","ed3da6a0b8ca3952ea6576af0e83cdc3caca125ca6545e4902133d9a398d24ee"
"NA","NA","ना","translate","sagarbora91","1","www/modules/tax/index.html","3558","element:button","20ef0f0c8d0eea98772412cea9b3b92612e3e53cb5e59152b5703165f56e8a53"
"Not Applicable — read-only","लागू नाही — केवळ वाचनीय","लागू नहीं - केवल पढ़ने के लिए","translate","sagarbora91","1","www/modules/tax/index.html","3569","attribute:title","515d939344cae39eabe4c2f4b018f7cbdf7a6232ada1998e13d2f11c4110a26f"
"Undo completion","पूर्ण करणे पूर्ववत करा","पूर्णता पूर्ववत करें","translate","sagarbora91","1","www/modules/tax/index.html","3571","attribute:title","7e7edab25d68d95e4161922f4df4fdb9739783825933b384656b1816bd8a3973"
"Mark as completed","पूर्ण झाले म्हणून चिन्हांकित करा","पूर्ण के रूप में चिह्नित करें","translate","sagarbora91","1","www/modules/tax/index.html","3572","attribute:title","f17f59b2aca444302c991fc69f4394ec7db8564afc72af66182208e1e280231d"
"✓ Not Applicable (NA)","✓ लागू नाही (NA)","✓ लागू नहीं (एनए)","translate","sagarbora91","1","www/modules/tax/index.html","3574","element:button","8857c970cf1835887cbd8de6aba96cbea55189024f070a13fc1e87e1011ff422"
"Mark Not Applicable (NA)","मार्क लागू नाही (NA)","लागू नहीं (एनए) का चिह्न","translate","sagarbora91","1","www/modules/tax/index.html","3575","element:button","50896c62190c6df72e5ceda95ad30ef880a1f4fe19438d553e834fb319ec787a"
"👀 Reviewer:","👀 पुनरावलोकनकर्ता:","👀 समीक्षक:","translate","sagarbora91","1","www/modules/tax/index.html","3576","element:label","2c7902610f35ece295bb8cc677c1fd58dc0948ac55a234be564d879393057795"
"📅 Filed on:","📅 दाखल केले:","📅 फ़ाइल किया गया:","translate","sagarbora91","1","www/modules/tax/index.html","3576","element:label","96454e9dbf0f55f3878d4b6ed6ce3bee0c17952cb6facad059b68301e8ad04aa"
"📎 Files:","📎 फाइल्स:","📎फ़ाइलें:","translate","sagarbora91","1","www/modules/tax/index.html","3576","element:label","d84af180cfcc848e428eeac40e0a0cbab75fe188d003bfbe2c2ec9f939b4f619"
"Challan / return / working file ref","चलन / रिटर्न / कार्यपत्रक संदर्भ","चालान / रिटर्न / वर्किंग फ़ाइल संदर्भ","translate","sagarbora91","1","www/modules/tax/index.html","3576","attribute:placeholder","e1d291a2dd5897193a9b41fdbba344d63bcc67c782ca8b2f6f0f406c8ec078f4"
"💬 Send CA pack (WhatsApp)","💬 CA पॅक पाठवा (WhatsApp)","💬 सीए पैक भेजें (व्हाट्सएप)","translate","sagarbora91","1","www/modules/tax/index.html","3615","element:button","d4ab5990ab6b10dc6593220abf5d48da938725489c2b075c4b23e844f6d2fd25"
